# wapiti-lid (wapiti trailcam chassis)
v -54.0000 -37.0000 28.0000
v -54.0000 -35.4898 28.0000
v -52.5000 -35.4898 28.0000
v -52.5000 -37.0000 28.0000
v -54.0000 -37.0000 30.0000
v -52.5000 -37.0000 30.0000
v -52.5000 -35.4898 30.0000
v -54.0000 -35.4898 30.0000
v -54.0000 -33.9796 28.0000
v -52.5000 -33.9796 28.0000
v -52.5000 -33.9796 30.0000
v -54.0000 -33.9796 30.0000
v -54.0000 -33.9796 28.0000
v -54.0000 -32.4694 28.0000
v -52.5000 -32.4694 28.0000
v -52.5000 -33.9796 28.0000
v -54.0000 -33.9796 30.0000
v -52.5000 -33.9796 30.0000
v -52.5000 -32.4694 30.0000
v -54.0000 -32.4694 30.0000
v -54.0000 -30.9592 28.0000
v -52.5000 -30.9592 28.0000
v -52.5000 -30.9592 30.0000
v -54.0000 -30.9592 30.0000
v -54.0000 -30.9592 28.0000
v -54.0000 -29.4490 28.0000
v -52.5000 -29.4490 28.0000
v -52.5000 -30.9592 28.0000
v -54.0000 -30.9592 30.0000
v -52.5000 -30.9592 30.0000
v -52.5000 -29.4490 30.0000
v -54.0000 -29.4490 30.0000
v -54.0000 -27.9388 28.0000
v -52.5000 -27.9388 28.0000
v -52.5000 -27.9388 30.0000
v -54.0000 -27.9388 30.0000
v -54.0000 -26.4286 28.0000
v -52.5000 -26.4286 28.0000
v -52.5000 -26.4286 30.0000
v -54.0000 -26.4286 30.0000
v -54.0000 -26.4286 28.0000
v -54.0000 -24.9184 28.0000
v -52.5000 -24.9184 28.0000
v -52.5000 -26.4286 28.0000
v -54.0000 -26.4286 30.0000
v -52.5000 -26.4286 30.0000
v -52.5000 -24.9184 30.0000
v -54.0000 -24.9184 30.0000
v -54.0000 -23.4082 28.0000
v -52.5000 -23.4082 28.0000
v -52.5000 -23.4082 30.0000
v -54.0000 -23.4082 30.0000
v -54.0000 -21.8980 28.0000
v -52.5000 -21.8980 28.0000
v -52.5000 -21.8980 30.0000
v -54.0000 -21.8980 30.0000
v -54.0000 -21.8980 28.0000
v -54.0000 -20.3878 28.0000
v -52.5000 -20.3878 28.0000
v -52.5000 -21.8980 28.0000
v -54.0000 -21.8980 30.0000
v -52.5000 -21.8980 30.0000
v -52.5000 -20.3878 30.0000
v -54.0000 -20.3878 30.0000
v -54.0000 -18.8776 28.0000
v -52.5000 -18.8776 28.0000
v -52.5000 -18.8776 30.0000
v -54.0000 -18.8776 30.0000
v -54.0000 -17.3673 28.0000
v -52.5000 -17.3673 28.0000
v -52.5000 -17.3673 30.0000
v -54.0000 -17.3673 30.0000
v -54.0000 -17.3673 28.0000
v -54.0000 -15.8571 28.0000
v -52.5000 -15.8571 28.0000
v -52.5000 -17.3673 28.0000
v -54.0000 -17.3673 30.0000
v -52.5000 -17.3673 30.0000
v -52.5000 -15.8571 30.0000
v -54.0000 -15.8571 30.0000
v -54.0000 -15.8571 28.0000
v -54.0000 -14.3469 28.0000
v -52.5000 -14.3469 28.0000
v -52.5000 -15.8571 28.0000
v -54.0000 -15.8571 30.0000
v -52.5000 -15.8571 30.0000
v -52.5000 -14.3469 30.0000
v -54.0000 -14.3469 30.0000
v -54.0000 -14.3469 28.0000
v -54.0000 -12.8367 28.0000
v -52.5000 -12.8367 28.0000
v -52.5000 -14.3469 28.0000
v -54.0000 -14.3469 30.0000
v -52.5000 -14.3469 30.0000
v -52.5000 -12.8367 30.0000
v -54.0000 -12.8367 30.0000
v -54.0000 -12.8367 28.0000
v -54.0000 -11.3265 28.0000
v -52.5000 -11.3265 28.0000
v -52.5000 -12.8367 28.0000
v -54.0000 -12.8367 30.0000
v -52.5000 -12.8367 30.0000
v -52.5000 -11.3265 30.0000
v -54.0000 -11.3265 30.0000
v -54.0000 -11.3265 28.0000
v -54.0000 -9.8163 28.0000
v -52.5000 -9.8163 28.0000
v -52.5000 -11.3265 28.0000
v -54.0000 -11.3265 30.0000
v -52.5000 -11.3265 30.0000
v -52.5000 -9.8163 30.0000
v -54.0000 -9.8163 30.0000
v -54.0000 -9.8163 28.0000
v -54.0000 -8.3061 28.0000
v -52.5000 -8.3061 28.0000
v -52.5000 -9.8163 28.0000
v -54.0000 -9.8163 30.0000
v -52.5000 -9.8163 30.0000
v -52.5000 -8.3061 30.0000
v -54.0000 -8.3061 30.0000
v -54.0000 -8.3061 28.0000
v -54.0000 -6.7959 28.0000
v -52.5000 -6.7959 28.0000
v -52.5000 -8.3061 28.0000
v -54.0000 -8.3061 30.0000
v -52.5000 -8.3061 30.0000
v -52.5000 -6.7959 30.0000
v -54.0000 -6.7959 30.0000
v -54.0000 -6.7959 28.0000
v -54.0000 -5.2857 28.0000
v -52.5000 -5.2857 28.0000
v -52.5000 -6.7959 28.0000
v -54.0000 -6.7959 30.0000
v -52.5000 -6.7959 30.0000
v -52.5000 -5.2857 30.0000
v -54.0000 -5.2857 30.0000
v -54.0000 -5.2857 28.0000
v -54.0000 -3.7755 28.0000
v -52.5000 -3.7755 28.0000
v -52.5000 -5.2857 28.0000
v -54.0000 -5.2857 30.0000
v -52.5000 -5.2857 30.0000
v -52.5000 -3.7755 30.0000
v -54.0000 -3.7755 30.0000
v -54.0000 -3.7755 28.0000
v -54.0000 -2.2653 28.0000
v -52.5000 -2.2653 28.0000
v -52.5000 -3.7755 28.0000
v -54.0000 -3.7755 30.0000
v -52.5000 -3.7755 30.0000
v -52.5000 -2.2653 30.0000
v -54.0000 -2.2653 30.0000
v -54.0000 -2.2653 28.0000
v -54.0000 -0.7551 28.0000
v -52.5000 -0.7551 28.0000
v -52.5000 -2.2653 28.0000
v -54.0000 -2.2653 30.0000
v -52.5000 -2.2653 30.0000
v -52.5000 -0.7551 30.0000
v -54.0000 -0.7551 30.0000
v -54.0000 -0.7551 28.0000
v -54.0000 0.7551 28.0000
v -52.5000 0.7551 28.0000
v -52.5000 -0.7551 28.0000
v -54.0000 -0.7551 30.0000
v -52.5000 -0.7551 30.0000
v -52.5000 0.7551 30.0000
v -54.0000 0.7551 30.0000
v -54.0000 0.7551 28.0000
v -54.0000 2.2653 28.0000
v -52.5000 2.2653 28.0000
v -52.5000 0.7551 28.0000
v -54.0000 0.7551 30.0000
v -52.5000 0.7551 30.0000
v -52.5000 2.2653 30.0000
v -54.0000 2.2653 30.0000
v -54.0000 2.2653 28.0000
v -54.0000 3.7755 28.0000
v -52.5000 3.7755 28.0000
v -52.5000 2.2653 28.0000
v -54.0000 2.2653 30.0000
v -52.5000 2.2653 30.0000
v -52.5000 3.7755 30.0000
v -54.0000 3.7755 30.0000
v -54.0000 3.7755 28.0000
v -54.0000 5.2857 28.0000
v -52.5000 5.2857 28.0000
v -52.5000 3.7755 28.0000
v -54.0000 3.7755 30.0000
v -52.5000 3.7755 30.0000
v -52.5000 5.2857 30.0000
v -54.0000 5.2857 30.0000
v -54.0000 5.2857 28.0000
v -54.0000 6.7959 28.0000
v -52.5000 6.7959 28.0000
v -52.5000 5.2857 28.0000
v -54.0000 5.2857 30.0000
v -52.5000 5.2857 30.0000
v -52.5000 6.7959 30.0000
v -54.0000 6.7959 30.0000
v -54.0000 6.7959 28.0000
v -54.0000 8.3061 28.0000
v -52.5000 8.3061 28.0000
v -52.5000 6.7959 28.0000
v -54.0000 6.7959 30.0000
v -52.5000 6.7959 30.0000
v -52.5000 8.3061 30.0000
v -54.0000 8.3061 30.0000
v -54.0000 8.3061 28.0000
v -54.0000 9.8163 28.0000
v -52.5000 9.8163 28.0000
v -52.5000 8.3061 28.0000
v -54.0000 8.3061 30.0000
v -52.5000 8.3061 30.0000
v -52.5000 9.8163 30.0000
v -54.0000 9.8163 30.0000
v -54.0000 9.8163 28.0000
v -54.0000 11.3265 28.0000
v -52.5000 11.3265 28.0000
v -52.5000 9.8163 28.0000
v -54.0000 9.8163 30.0000
v -52.5000 9.8163 30.0000
v -52.5000 11.3265 30.0000
v -54.0000 11.3265 30.0000
v -54.0000 11.3265 28.0000
v -54.0000 12.8367 28.0000
v -52.5000 12.8367 28.0000
v -52.5000 11.3265 28.0000
v -54.0000 11.3265 30.0000
v -52.5000 11.3265 30.0000
v -52.5000 12.8367 30.0000
v -54.0000 12.8367 30.0000
v -54.0000 12.8367 28.0000
v -54.0000 14.3469 28.0000
v -52.5000 14.3469 28.0000
v -52.5000 12.8367 28.0000
v -54.0000 12.8367 30.0000
v -52.5000 12.8367 30.0000
v -52.5000 14.3469 30.0000
v -54.0000 14.3469 30.0000
v -54.0000 14.3469 28.0000
v -54.0000 15.8571 28.0000
v -52.5000 15.8571 28.0000
v -52.5000 14.3469 28.0000
v -54.0000 14.3469 30.0000
v -52.5000 14.3469 30.0000
v -52.5000 15.8571 30.0000
v -54.0000 15.8571 30.0000
v -54.0000 15.8571 28.0000
v -54.0000 17.3673 28.0000
v -52.5000 17.3673 28.0000
v -52.5000 15.8571 28.0000
v -54.0000 15.8571 30.0000
v -52.5000 15.8571 30.0000
v -52.5000 17.3673 30.0000
v -54.0000 17.3673 30.0000
v -54.0000 17.3673 28.0000
v -54.0000 18.8776 28.0000
v -52.5000 18.8776 28.0000
v -52.5000 17.3673 28.0000
v -54.0000 17.3673 30.0000
v -52.5000 17.3673 30.0000
v -52.5000 18.8776 30.0000
v -54.0000 18.8776 30.0000
v -54.0000 18.8776 28.0000
v -54.0000 20.3878 28.0000
v -52.5000 20.3878 28.0000
v -52.5000 18.8776 28.0000
v -54.0000 18.8776 30.0000
v -52.5000 18.8776 30.0000
v -52.5000 20.3878 30.0000
v -54.0000 20.3878 30.0000
v -54.0000 20.3878 28.0000
v -54.0000 21.8980 28.0000
v -52.5000 21.8980 28.0000
v -52.5000 20.3878 28.0000
v -54.0000 20.3878 30.0000
v -52.5000 20.3878 30.0000
v -52.5000 21.8980 30.0000
v -54.0000 21.8980 30.0000
v -54.0000 21.8980 28.0000
v -54.0000 23.4082 28.0000
v -52.5000 23.4082 28.0000
v -52.5000 21.8980 28.0000
v -54.0000 21.8980 30.0000
v -52.5000 21.8980 30.0000
v -52.5000 23.4082 30.0000
v -54.0000 23.4082 30.0000
v -54.0000 23.4082 28.0000
v -54.0000 24.9184 28.0000
v -52.5000 24.9184 28.0000
v -52.5000 23.4082 28.0000
v -54.0000 23.4082 30.0000
v -52.5000 23.4082 30.0000
v -52.5000 24.9184 30.0000
v -54.0000 24.9184 30.0000
v -54.0000 24.9184 28.0000
v -54.0000 26.4286 28.0000
v -52.5000 26.4286 28.0000
v -52.5000 24.9184 28.0000
v -54.0000 24.9184 30.0000
v -52.5000 24.9184 30.0000
v -52.5000 26.4286 30.0000
v -54.0000 26.4286 30.0000
v -54.0000 26.4286 28.0000
v -54.0000 27.9388 28.0000
v -52.5000 27.9388 28.0000
v -52.5000 26.4286 28.0000
v -54.0000 26.4286 30.0000
v -52.5000 26.4286 30.0000
v -52.5000 27.9388 30.0000
v -54.0000 27.9388 30.0000
v -54.0000 27.9388 28.0000
v -54.0000 29.4490 28.0000
v -52.5000 29.4490 28.0000
v -52.5000 27.9388 28.0000
v -54.0000 27.9388 30.0000
v -52.5000 27.9388 30.0000
v -52.5000 29.4490 30.0000
v -54.0000 29.4490 30.0000
v -54.0000 29.4490 28.0000
v -54.0000 30.9592 28.0000
v -52.5000 30.9592 28.0000
v -52.5000 29.4490 28.0000
v -54.0000 29.4490 30.0000
v -52.5000 29.4490 30.0000
v -52.5000 30.9592 30.0000
v -54.0000 30.9592 30.0000
v -54.0000 30.9592 28.0000
v -54.0000 32.4694 28.0000
v -52.5000 32.4694 28.0000
v -52.5000 30.9592 28.0000
v -54.0000 30.9592 30.0000
v -52.5000 30.9592 30.0000
v -52.5000 32.4694 30.0000
v -54.0000 32.4694 30.0000
v -54.0000 33.9796 28.0000
v -52.5000 33.9796 28.0000
v -52.5000 33.9796 30.0000
v -54.0000 33.9796 30.0000
v -54.0000 35.4898 28.0000
v -52.5000 35.4898 28.0000
v -52.5000 35.4898 30.0000
v -54.0000 35.4898 30.0000
v -54.0000 35.4898 28.0000
v -54.0000 37.0000 28.0000
v -52.5000 37.0000 28.0000
v -52.5000 35.4898 28.0000
v -54.0000 35.4898 30.0000
v -52.5000 35.4898 30.0000
v -52.5000 37.0000 30.0000
v -54.0000 37.0000 30.0000
v -51.0000 -35.4898 28.0000
v -51.0000 -37.0000 28.0000
v -51.0000 -37.0000 30.0000
v -51.0000 -35.4898 30.0000
v -51.0000 -33.9796 28.0000
v -51.0000 -33.9796 30.0000
v -51.0000 -32.4694 28.0000
v -51.0000 -33.9796 28.0000
v -51.0000 -33.9796 30.0000
v -51.0000 -32.4694 30.0000
v -51.0000 -30.9592 28.0000
v -51.0000 -30.9592 30.0000
v -51.0000 -29.4490 28.0000
v -51.0000 -30.9592 28.0000
v -51.0000 -30.9592 30.0000
v -51.0000 -29.4490 30.0000
v -51.0000 -27.9388 28.0000
v -51.0000 -27.9388 30.0000
v -51.0000 -26.4286 28.0000
v -51.0000 -26.4286 30.0000
v -51.0000 -24.9184 28.0000
v -51.0000 -26.4286 28.0000
v -51.0000 -26.4286 30.0000
v -51.0000 -24.9184 30.0000
v -51.0000 -23.4082 28.0000
v -51.0000 -23.4082 30.0000
v -51.0000 -21.8980 28.0000
v -51.0000 -21.8980 30.0000
v -51.0000 -20.3878 28.0000
v -51.0000 -21.8980 28.0000
v -51.0000 -21.8980 30.0000
v -51.0000 -20.3878 30.0000
v -51.0000 -18.8776 28.0000
v -51.0000 -18.8776 30.0000
v -51.0000 -17.3673 28.0000
v -51.0000 -17.3673 30.0000
v -51.0000 -15.8571 28.0000
v -51.0000 -17.3673 28.0000
v -51.0000 -17.3673 30.0000
v -51.0000 -15.8571 30.0000
v -51.0000 -14.3469 28.0000
v -51.0000 -15.8571 28.0000
v -51.0000 -15.8571 30.0000
v -51.0000 -14.3469 30.0000
v -51.0000 -12.8367 28.0000
v -51.0000 -14.3469 28.0000
v -51.0000 -14.3469 30.0000
v -51.0000 -12.8367 30.0000
v -51.0000 -11.3265 28.0000
v -51.0000 -12.8367 28.0000
v -51.0000 -12.8367 30.0000
v -51.0000 -11.3265 30.0000
v -51.0000 -9.8163 28.0000
v -51.0000 -11.3265 28.0000
v -51.0000 -11.3265 30.0000
v -51.0000 -9.8163 30.0000
v -51.0000 -8.3061 28.0000
v -51.0000 -9.8163 28.0000
v -51.0000 -9.8163 30.0000
v -51.0000 -8.3061 30.0000
v -51.0000 -6.7959 28.0000
v -51.0000 -8.3061 28.0000
v -51.0000 -8.3061 30.0000
v -51.0000 -6.7959 30.0000
v -51.0000 -5.2857 28.0000
v -51.0000 -6.7959 28.0000
v -51.0000 -6.7959 30.0000
v -51.0000 -5.2857 30.0000
v -51.0000 -3.7755 28.0000
v -51.0000 -5.2857 28.0000
v -51.0000 -5.2857 30.0000
v -51.0000 -3.7755 30.0000
v -51.0000 -2.2653 28.0000
v -51.0000 -3.7755 28.0000
v -51.0000 -3.7755 30.0000
v -51.0000 -2.2653 30.0000
v -51.0000 -0.7551 28.0000
v -51.0000 -2.2653 28.0000
v -51.0000 -2.2653 30.0000
v -51.0000 -0.7551 30.0000
v -51.0000 0.7551 28.0000
v -51.0000 -0.7551 28.0000
v -51.0000 -0.7551 30.0000
v -51.0000 0.7551 30.0000
v -51.0000 2.2653 28.0000
v -51.0000 0.7551 28.0000
v -51.0000 0.7551 30.0000
v -51.0000 2.2653 30.0000
v -51.0000 3.7755 28.0000
v -51.0000 2.2653 28.0000
v -51.0000 2.2653 30.0000
v -51.0000 3.7755 30.0000
v -51.0000 5.2857 28.0000
v -51.0000 3.7755 28.0000
v -51.0000 3.7755 30.0000
v -51.0000 5.2857 30.0000
v -51.0000 6.7959 28.0000
v -51.0000 5.2857 28.0000
v -51.0000 5.2857 30.0000
v -51.0000 6.7959 30.0000
v -51.0000 8.3061 28.0000
v -51.0000 6.7959 28.0000
v -51.0000 6.7959 30.0000
v -51.0000 8.3061 30.0000
v -51.0000 9.8163 28.0000
v -51.0000 8.3061 28.0000
v -51.0000 8.3061 30.0000
v -51.0000 9.8163 30.0000
v -51.0000 11.3265 28.0000
v -51.0000 9.8163 28.0000
v -51.0000 9.8163 30.0000
v -51.0000 11.3265 30.0000
v -51.0000 12.8367 28.0000
v -51.0000 11.3265 28.0000
v -51.0000 11.3265 30.0000
v -51.0000 12.8367 30.0000
v -51.0000 14.3469 28.0000
v -51.0000 12.8367 28.0000
v -51.0000 12.8367 30.0000
v -51.0000 14.3469 30.0000
v -51.0000 15.8571 28.0000
v -51.0000 14.3469 28.0000
v -51.0000 14.3469 30.0000
v -51.0000 15.8571 30.0000
v -51.0000 17.3673 28.0000
v -51.0000 15.8571 28.0000
v -51.0000 15.8571 30.0000
v -51.0000 17.3673 30.0000
v -51.0000 18.8776 28.0000
v -51.0000 17.3673 28.0000
v -51.0000 17.3673 30.0000
v -51.0000 18.8776 30.0000
v -51.0000 20.3878 28.0000
v -51.0000 18.8776 28.0000
v -51.0000 18.8776 30.0000
v -51.0000 20.3878 30.0000
v -51.0000 21.8980 28.0000
v -51.0000 20.3878 28.0000
v -51.0000 20.3878 30.0000
v -51.0000 21.8980 30.0000
v -51.0000 23.4082 28.0000
v -51.0000 21.8980 28.0000
v -51.0000 21.8980 30.0000
v -51.0000 23.4082 30.0000
v -51.0000 24.9184 28.0000
v -51.0000 23.4082 28.0000
v -51.0000 23.4082 30.0000
v -51.0000 24.9184 30.0000
v -51.0000 26.4286 28.0000
v -51.0000 24.9184 28.0000
v -51.0000 24.9184 30.0000
v -51.0000 26.4286 30.0000
v -51.0000 27.9388 28.0000
v -51.0000 26.4286 28.0000
v -51.0000 26.4286 30.0000
v -51.0000 27.9388 30.0000
v -51.0000 29.4490 28.0000
v -51.0000 27.9388 28.0000
v -51.0000 27.9388 30.0000
v -51.0000 29.4490 30.0000
v -51.0000 30.9592 28.0000
v -51.0000 29.4490 28.0000
v -51.0000 29.4490 30.0000
v -51.0000 30.9592 30.0000
v -51.0000 32.4694 28.0000
v -51.0000 30.9592 28.0000
v -51.0000 30.9592 30.0000
v -51.0000 32.4694 30.0000
v -51.0000 33.9796 28.0000
v -51.0000 33.9796 30.0000
v -51.0000 35.4898 28.0000
v -51.0000 35.4898 30.0000
v -51.0000 37.0000 28.0000
v -51.0000 35.4898 28.0000
v -51.0000 35.4898 30.0000
v -51.0000 37.0000 30.0000
v -49.5000 -35.4898 28.0000
v -49.5000 -37.0000 28.0000
v -49.5000 -37.0000 30.0000
v -49.5000 -35.4898 30.0000
v -49.5000 -33.9796 28.0000
v -49.5000 -33.9796 30.0000
v -49.5000 -32.4694 28.0000
v -49.5000 -33.9796 28.0000
v -49.5000 -33.9796 30.0000
v -49.5000 -32.4694 30.0000
v -49.5000 -30.9592 28.0000
v -49.5000 -30.9592 30.0000
v -49.5000 -29.4490 28.0000
v -49.5000 -30.9592 28.0000
v -49.5000 -30.9592 30.0000
v -49.5000 -29.4490 30.0000
v -49.5000 -27.9388 28.0000
v -49.5000 -27.9388 30.0000
v -49.5000 -26.4286 28.0000
v -49.5000 -26.4286 30.0000
v -49.5000 -24.9184 28.0000
v -49.5000 -26.4286 28.0000
v -49.5000 -26.4286 30.0000
v -49.5000 -24.9184 30.0000
v -49.5000 -23.4082 28.0000
v -49.5000 -23.4082 30.0000
v -49.5000 -21.8980 28.0000
v -49.5000 -21.8980 30.0000
v -49.5000 -20.3878 28.0000
v -49.5000 -21.8980 28.0000
v -49.5000 -21.8980 30.0000
v -49.5000 -20.3878 30.0000
v -49.5000 -18.8776 28.0000
v -49.5000 -18.8776 30.0000
v -49.5000 -17.3673 28.0000
v -49.5000 -17.3673 30.0000
v -49.5000 -15.8571 28.0000
v -49.5000 -17.3673 28.0000
v -49.5000 -17.3673 30.0000
v -49.5000 -15.8571 30.0000
v -49.5000 -14.3469 28.0000
v -49.5000 -15.8571 28.0000
v -49.5000 -15.8571 30.0000
v -49.5000 -14.3469 30.0000
v -49.5000 -12.8367 28.0000
v -49.5000 -14.3469 28.0000
v -49.5000 -14.3469 30.0000
v -49.5000 -12.8367 30.0000
v -49.5000 -11.3265 28.0000
v -49.5000 -12.8367 28.0000
v -49.5000 -12.8367 30.0000
v -49.5000 -11.3265 30.0000
v -49.5000 -9.8163 28.0000
v -49.5000 -11.3265 28.0000
v -49.5000 -11.3265 30.0000
v -49.5000 -9.8163 30.0000
v -49.5000 -8.3061 28.0000
v -49.5000 -9.8163 28.0000
v -49.5000 -9.8163 30.0000
v -49.5000 -8.3061 30.0000
v -49.5000 -6.7959 28.0000
v -49.5000 -8.3061 28.0000
v -49.5000 -8.3061 30.0000
v -49.5000 -6.7959 30.0000
v -49.5000 -5.2857 28.0000
v -49.5000 -6.7959 28.0000
v -49.5000 -6.7959 30.0000
v -49.5000 -5.2857 30.0000
v -49.5000 -3.7755 28.0000
v -49.5000 -5.2857 28.0000
v -49.5000 -5.2857 30.0000
v -49.5000 -3.7755 30.0000
v -49.5000 -2.2653 28.0000
v -49.5000 -3.7755 28.0000
v -49.5000 -3.7755 30.0000
v -49.5000 -2.2653 30.0000
v -49.5000 -0.7551 28.0000
v -49.5000 -2.2653 28.0000
v -49.5000 -2.2653 30.0000
v -49.5000 -0.7551 30.0000
v -49.5000 0.7551 28.0000
v -49.5000 -0.7551 28.0000
v -49.5000 -0.7551 30.0000
v -49.5000 0.7551 30.0000
v -49.5000 2.2653 28.0000
v -49.5000 0.7551 28.0000
v -49.5000 0.7551 30.0000
v -49.5000 2.2653 30.0000
v -49.5000 3.7755 28.0000
v -49.5000 2.2653 28.0000
v -49.5000 2.2653 30.0000
v -49.5000 3.7755 30.0000
v -49.5000 5.2857 28.0000
v -49.5000 3.7755 28.0000
v -49.5000 3.7755 30.0000
v -49.5000 5.2857 30.0000
v -49.5000 6.7959 28.0000
v -49.5000 5.2857 28.0000
v -49.5000 5.2857 30.0000
v -49.5000 6.7959 30.0000
v -49.5000 8.3061 28.0000
v -49.5000 6.7959 28.0000
v -49.5000 6.7959 30.0000
v -49.5000 8.3061 30.0000
v -49.5000 9.8163 28.0000
v -49.5000 8.3061 28.0000
v -49.5000 8.3061 30.0000
v -49.5000 9.8163 30.0000
v -49.5000 11.3265 28.0000
v -49.5000 9.8163 28.0000
v -49.5000 9.8163 30.0000
v -49.5000 11.3265 30.0000
v -49.5000 12.8367 28.0000
v -49.5000 11.3265 28.0000
v -49.5000 11.3265 30.0000
v -49.5000 12.8367 30.0000
v -49.5000 14.3469 28.0000
v -49.5000 12.8367 28.0000
v -49.5000 12.8367 30.0000
v -49.5000 14.3469 30.0000
v -49.5000 15.8571 28.0000
v -49.5000 14.3469 28.0000
v -49.5000 14.3469 30.0000
v -49.5000 15.8571 30.0000
v -49.5000 17.3673 28.0000
v -49.5000 15.8571 28.0000
v -49.5000 15.8571 30.0000
v -49.5000 17.3673 30.0000
v -49.5000 18.8776 28.0000
v -49.5000 17.3673 28.0000
v -49.5000 17.3673 30.0000
v -49.5000 18.8776 30.0000
v -49.5000 20.3878 28.0000
v -49.5000 18.8776 28.0000
v -49.5000 18.8776 30.0000
v -49.5000 20.3878 30.0000
v -49.5000 21.8980 28.0000
v -49.5000 20.3878 28.0000
v -49.5000 20.3878 30.0000
v -49.5000 21.8980 30.0000
v -49.5000 23.4082 28.0000
v -49.5000 21.8980 28.0000
v -49.5000 21.8980 30.0000
v -49.5000 23.4082 30.0000
v -49.5000 24.9184 28.0000
v -49.5000 23.4082 28.0000
v -49.5000 23.4082 30.0000
v -49.5000 24.9184 30.0000
v -49.5000 26.4286 28.0000
v -49.5000 24.9184 28.0000
v -49.5000 24.9184 30.0000
v -49.5000 26.4286 30.0000
v -49.5000 27.9388 28.0000
v -49.5000 26.4286 28.0000
v -49.5000 26.4286 30.0000
v -49.5000 27.9388 30.0000
v -49.5000 29.4490 28.0000
v -49.5000 27.9388 28.0000
v -49.5000 27.9388 30.0000
v -49.5000 29.4490 30.0000
v -49.5000 30.9592 28.0000
v -49.5000 29.4490 28.0000
v -49.5000 29.4490 30.0000
v -49.5000 30.9592 30.0000
v -49.5000 32.4694 28.0000
v -49.5000 30.9592 28.0000
v -49.5000 30.9592 30.0000
v -49.5000 32.4694 30.0000
v -49.5000 33.9796 28.0000
v -49.5000 33.9796 30.0000
v -49.5000 35.4898 28.0000
v -49.5000 35.4898 30.0000
v -49.5000 37.0000 28.0000
v -49.5000 35.4898 28.0000
v -49.5000 35.4898 30.0000
v -49.5000 37.0000 30.0000
v -48.0000 -35.4898 28.0000
v -48.0000 -37.0000 28.0000
v -48.0000 -37.0000 30.0000
v -48.0000 -35.4898 30.0000
v -48.0000 -33.9796 28.0000
v -48.0000 -33.9796 30.0000
v -48.0000 -32.4694 28.0000
v -48.0000 -33.9796 28.0000
v -48.0000 -33.9796 30.0000
v -48.0000 -32.4694 30.0000
v -48.0000 -30.9592 28.0000
v -48.0000 -30.9592 30.0000
v -48.0000 -29.4490 28.0000
v -48.0000 -30.9592 28.0000
v -48.0000 -30.9592 30.0000
v -48.0000 -29.4490 30.0000
v -48.0000 -27.9388 28.0000
v -48.0000 -27.9388 30.0000
v -48.0000 -26.4286 28.0000
v -48.0000 -26.4286 30.0000
v -48.0000 -24.9184 28.0000
v -48.0000 -26.4286 28.0000
v -48.0000 -26.4286 30.0000
v -48.0000 -24.9184 30.0000
v -48.0000 -23.4082 28.0000
v -48.0000 -23.4082 30.0000
v -48.0000 -21.8980 28.0000
v -48.0000 -21.8980 30.0000
v -48.0000 -20.3878 28.0000
v -48.0000 -21.8980 28.0000
v -48.0000 -21.8980 30.0000
v -48.0000 -20.3878 30.0000
v -48.0000 -18.8776 28.0000
v -48.0000 -18.8776 30.0000
v -48.0000 -17.3673 28.0000
v -48.0000 -17.3673 30.0000
v -48.0000 -15.8571 28.0000
v -48.0000 -17.3673 28.0000
v -48.0000 -17.3673 30.0000
v -48.0000 -15.8571 30.0000
v -48.0000 -14.3469 28.0000
v -48.0000 -15.8571 28.0000
v -48.0000 -15.8571 30.0000
v -48.0000 -14.3469 30.0000
v -48.0000 -12.8367 28.0000
v -48.0000 -14.3469 28.0000
v -48.0000 -14.3469 30.0000
v -48.0000 -12.8367 30.0000
v -48.0000 -11.3265 28.0000
v -48.0000 -12.8367 28.0000
v -48.0000 -12.8367 30.0000
v -48.0000 -11.3265 30.0000
v -48.0000 -9.8163 28.0000
v -48.0000 -11.3265 28.0000
v -48.0000 -11.3265 30.0000
v -48.0000 -9.8163 30.0000
v -48.0000 -8.3061 28.0000
v -48.0000 -9.8163 28.0000
v -48.0000 -9.8163 30.0000
v -48.0000 -8.3061 30.0000
v -48.0000 -6.7959 28.0000
v -48.0000 -8.3061 28.0000
v -48.0000 -8.3061 30.0000
v -48.0000 -6.7959 30.0000
v -48.0000 -5.2857 28.0000
v -48.0000 -6.7959 28.0000
v -48.0000 -6.7959 30.0000
v -48.0000 -5.2857 30.0000
v -48.0000 -3.7755 28.0000
v -48.0000 -5.2857 28.0000
v -48.0000 -5.2857 30.0000
v -48.0000 -3.7755 30.0000
v -48.0000 -2.2653 28.0000
v -48.0000 -3.7755 28.0000
v -48.0000 -3.7755 30.0000
v -48.0000 -2.2653 30.0000
v -48.0000 -0.7551 28.0000
v -48.0000 -2.2653 28.0000
v -48.0000 -2.2653 30.0000
v -48.0000 -0.7551 30.0000
v -48.0000 0.7551 28.0000
v -48.0000 -0.7551 28.0000
v -48.0000 -0.7551 30.0000
v -48.0000 0.7551 30.0000
v -48.0000 2.2653 28.0000
v -48.0000 0.7551 28.0000
v -48.0000 0.7551 30.0000
v -48.0000 2.2653 30.0000
v -48.0000 3.7755 28.0000
v -48.0000 2.2653 28.0000
v -48.0000 2.2653 30.0000
v -48.0000 3.7755 30.0000
v -48.0000 5.2857 28.0000
v -48.0000 3.7755 28.0000
v -48.0000 3.7755 30.0000
v -48.0000 5.2857 30.0000
v -48.0000 6.7959 28.0000
v -48.0000 5.2857 28.0000
v -48.0000 5.2857 30.0000
v -48.0000 6.7959 30.0000
v -48.0000 8.3061 28.0000
v -48.0000 6.7959 28.0000
v -48.0000 6.7959 30.0000
v -48.0000 8.3061 30.0000
v -48.0000 9.8163 28.0000
v -48.0000 8.3061 28.0000
v -48.0000 8.3061 30.0000
v -48.0000 9.8163 30.0000
v -48.0000 11.3265 28.0000
v -48.0000 9.8163 28.0000
v -48.0000 9.8163 30.0000
v -48.0000 11.3265 30.0000
v -48.0000 12.8367 28.0000
v -48.0000 11.3265 28.0000
v -48.0000 11.3265 30.0000
v -48.0000 12.8367 30.0000
v -48.0000 14.3469 28.0000
v -48.0000 12.8367 28.0000
v -48.0000 12.8367 30.0000
v -48.0000 14.3469 30.0000
v -48.0000 15.8571 28.0000
v -48.0000 14.3469 28.0000
v -48.0000 14.3469 30.0000
v -48.0000 15.8571 30.0000
v -48.0000 17.3673 28.0000
v -48.0000 15.8571 28.0000
v -48.0000 15.8571 30.0000
v -48.0000 17.3673 30.0000
v -48.0000 18.8776 28.0000
v -48.0000 17.3673 28.0000
v -48.0000 17.3673 30.0000
v -48.0000 18.8776 30.0000
v -48.0000 20.3878 28.0000
v -48.0000 18.8776 28.0000
v -48.0000 18.8776 30.0000
v -48.0000 20.3878 30.0000
v -48.0000 21.8980 28.0000
v -48.0000 20.3878 28.0000
v -48.0000 20.3878 30.0000
v -48.0000 21.8980 30.0000
v -48.0000 23.4082 28.0000
v -48.0000 21.8980 28.0000
v -48.0000 21.8980 30.0000
v -48.0000 23.4082 30.0000
v -48.0000 24.9184 28.0000
v -48.0000 23.4082 28.0000
v -48.0000 23.4082 30.0000
v -48.0000 24.9184 30.0000
v -48.0000 26.4286 28.0000
v -48.0000 24.9184 28.0000
v -48.0000 24.9184 30.0000
v -48.0000 26.4286 30.0000
v -48.0000 27.9388 28.0000
v -48.0000 26.4286 28.0000
v -48.0000 26.4286 30.0000
v -48.0000 27.9388 30.0000
v -48.0000 29.4490 28.0000
v -48.0000 27.9388 28.0000
v -48.0000 27.9388 30.0000
v -48.0000 29.4490 30.0000
v -48.0000 30.9592 28.0000
v -48.0000 29.4490 28.0000
v -48.0000 29.4490 30.0000
v -48.0000 30.9592 30.0000
v -48.0000 32.4694 28.0000
v -48.0000 30.9592 28.0000
v -48.0000 30.9592 30.0000
v -48.0000 32.4694 30.0000
v -48.0000 33.9796 28.0000
v -48.0000 33.9796 30.0000
v -48.0000 35.4898 28.0000
v -48.0000 35.4898 30.0000
v -48.0000 37.0000 28.0000
v -48.0000 35.4898 28.0000
v -48.0000 35.4898 30.0000
v -48.0000 37.0000 30.0000
v -46.5000 -35.4898 28.0000
v -46.5000 -37.0000 28.0000
v -46.5000 -37.0000 30.0000
v -46.5000 -35.4898 30.0000
v -46.5000 -33.9796 28.0000
v -46.5000 -33.9796 30.0000
v -46.5000 -32.4694 28.0000
v -46.5000 -33.9796 28.0000
v -46.5000 -33.9796 30.0000
v -46.5000 -32.4694 30.0000
v -46.5000 -30.9592 28.0000
v -46.5000 -30.9592 30.0000
v -46.5000 -29.4490 28.0000
v -46.5000 -30.9592 28.0000
v -46.5000 -30.9592 30.0000
v -46.5000 -29.4490 30.0000
v -46.5000 -27.9388 28.0000
v -46.5000 -27.9388 30.0000
v -46.5000 -26.4286 28.0000
v -46.5000 -26.4286 30.0000
v -46.5000 -24.9184 28.0000
v -46.5000 -26.4286 28.0000
v -46.5000 -26.4286 30.0000
v -46.5000 -24.9184 30.0000
v -46.5000 -23.4082 28.0000
v -46.5000 -23.4082 30.0000
v -46.5000 -21.8980 28.0000
v -46.5000 -21.8980 30.0000
v -46.5000 -20.3878 28.0000
v -46.5000 -21.8980 28.0000
v -46.5000 -21.8980 30.0000
v -46.5000 -20.3878 30.0000
v -46.5000 -18.8776 28.0000
v -46.5000 -18.8776 30.0000
v -46.5000 -17.3673 28.0000
v -46.5000 -17.3673 30.0000
v -46.5000 -15.8571 28.0000
v -46.5000 -17.3673 28.0000
v -46.5000 -17.3673 30.0000
v -46.5000 -15.8571 30.0000
v -46.5000 -14.3469 28.0000
v -46.5000 -15.8571 28.0000
v -46.5000 -15.8571 30.0000
v -46.5000 -14.3469 30.0000
v -46.5000 -12.8367 28.0000
v -46.5000 -14.3469 28.0000
v -46.5000 -14.3469 30.0000
v -46.5000 -12.8367 30.0000
v -46.5000 -11.3265 28.0000
v -46.5000 -12.8367 28.0000
v -46.5000 -12.8367 30.0000
v -46.5000 -11.3265 30.0000
v -46.5000 -9.8163 28.0000
v -46.5000 -11.3265 28.0000
v -46.5000 -11.3265 30.0000
v -46.5000 -9.8163 30.0000
v -46.5000 -8.3061 28.0000
v -46.5000 -9.8163 28.0000
v -46.5000 -9.8163 30.0000
v -46.5000 -8.3061 30.0000
v -46.5000 -6.7959 28.0000
v -46.5000 -8.3061 28.0000
v -46.5000 -8.3061 30.0000
v -46.5000 -6.7959 30.0000
v -46.5000 -5.2857 28.0000
v -46.5000 -6.7959 28.0000
v -46.5000 -6.7959 30.0000
v -46.5000 -5.2857 30.0000
v -46.5000 -3.7755 28.0000
v -46.5000 -5.2857 28.0000
v -46.5000 -5.2857 30.0000
v -46.5000 -3.7755 30.0000
v -46.5000 -2.2653 28.0000
v -46.5000 -3.7755 28.0000
v -46.5000 -3.7755 30.0000
v -46.5000 -2.2653 30.0000
v -46.5000 -0.7551 28.0000
v -46.5000 -2.2653 28.0000
v -46.5000 -2.2653 30.0000
v -46.5000 -0.7551 30.0000
v -46.5000 0.7551 28.0000
v -46.5000 -0.7551 28.0000
v -46.5000 -0.7551 30.0000
v -46.5000 0.7551 30.0000
v -46.5000 2.2653 28.0000
v -46.5000 0.7551 28.0000
v -46.5000 0.7551 30.0000
v -46.5000 2.2653 30.0000
v -46.5000 3.7755 28.0000
v -46.5000 2.2653 28.0000
v -46.5000 2.2653 30.0000
v -46.5000 3.7755 30.0000
v -46.5000 5.2857 28.0000
v -46.5000 3.7755 28.0000
v -46.5000 3.7755 30.0000
v -46.5000 5.2857 30.0000
v -46.5000 6.7959 28.0000
v -46.5000 5.2857 28.0000
v -46.5000 5.2857 30.0000
v -46.5000 6.7959 30.0000
v -46.5000 8.3061 28.0000
v -46.5000 6.7959 28.0000
v -46.5000 6.7959 30.0000
v -46.5000 8.3061 30.0000
v -46.5000 9.8163 28.0000
v -46.5000 8.3061 28.0000
v -46.5000 8.3061 30.0000
v -46.5000 9.8163 30.0000
v -46.5000 11.3265 28.0000
v -46.5000 9.8163 28.0000
v -46.5000 9.8163 30.0000
v -46.5000 11.3265 30.0000
v -46.5000 12.8367 28.0000
v -46.5000 11.3265 28.0000
v -46.5000 11.3265 30.0000
v -46.5000 12.8367 30.0000
v -46.5000 14.3469 28.0000
v -46.5000 12.8367 28.0000
v -46.5000 12.8367 30.0000
v -46.5000 14.3469 30.0000
v -46.5000 15.8571 28.0000
v -46.5000 14.3469 28.0000
v -46.5000 14.3469 30.0000
v -46.5000 15.8571 30.0000
v -46.5000 17.3673 28.0000
v -46.5000 15.8571 28.0000
v -46.5000 15.8571 30.0000
v -46.5000 17.3673 30.0000
v -46.5000 18.8776 28.0000
v -46.5000 17.3673 28.0000
v -46.5000 17.3673 30.0000
v -46.5000 18.8776 30.0000
v -46.5000 20.3878 28.0000
v -46.5000 18.8776 28.0000
v -46.5000 18.8776 30.0000
v -46.5000 20.3878 30.0000
v -46.5000 21.8980 28.0000
v -46.5000 20.3878 28.0000
v -46.5000 20.3878 30.0000
v -46.5000 21.8980 30.0000
v -46.5000 23.4082 28.0000
v -46.5000 21.8980 28.0000
v -46.5000 21.8980 30.0000
v -46.5000 23.4082 30.0000
v -46.5000 24.9184 28.0000
v -46.5000 23.4082 28.0000
v -46.5000 23.4082 30.0000
v -46.5000 24.9184 30.0000
v -46.5000 26.4286 28.0000
v -46.5000 24.9184 28.0000
v -46.5000 24.9184 30.0000
v -46.5000 26.4286 30.0000
v -46.5000 27.9388 28.0000
v -46.5000 26.4286 28.0000
v -46.5000 26.4286 30.0000
v -46.5000 27.9388 30.0000
v -46.5000 29.4490 28.0000
v -46.5000 27.9388 28.0000
v -46.5000 27.9388 30.0000
v -46.5000 29.4490 30.0000
v -46.5000 30.9592 28.0000
v -46.5000 29.4490 28.0000
v -46.5000 29.4490 30.0000
v -46.5000 30.9592 30.0000
v -46.5000 32.4694 28.0000
v -46.5000 30.9592 28.0000
v -46.5000 30.9592 30.0000
v -46.5000 32.4694 30.0000
v -46.5000 33.9796 28.0000
v -46.5000 33.9796 30.0000
v -46.5000 35.4898 28.0000
v -46.5000 35.4898 30.0000
v -46.5000 37.0000 28.0000
v -46.5000 35.4898 28.0000
v -46.5000 35.4898 30.0000
v -46.5000 37.0000 30.0000
v -45.0000 -35.4898 28.0000
v -45.0000 -37.0000 28.0000
v -45.0000 -37.0000 30.0000
v -45.0000 -35.4898 30.0000
v -45.0000 -33.9796 28.0000
v -45.0000 -33.9796 30.0000
v -45.0000 -32.4694 28.0000
v -45.0000 -33.9796 28.0000
v -45.0000 -33.9796 30.0000
v -45.0000 -32.4694 30.0000
v -45.0000 -30.9592 28.0000
v -45.0000 -30.9592 30.0000
v -45.0000 -29.4490 28.0000
v -45.0000 -30.9592 28.0000
v -45.0000 -30.9592 30.0000
v -45.0000 -29.4490 30.0000
v -45.0000 -27.9388 28.0000
v -45.0000 -27.9388 30.0000
v -45.0000 -26.4286 28.0000
v -45.0000 -26.4286 30.0000
v -45.0000 -24.9184 28.0000
v -45.0000 -26.4286 28.0000
v -45.0000 -26.4286 30.0000
v -45.0000 -24.9184 30.0000
v -45.0000 -23.4082 28.0000
v -45.0000 -23.4082 30.0000
v -45.0000 -21.8980 28.0000
v -45.0000 -21.8980 30.0000
v -45.0000 -20.3878 28.0000
v -45.0000 -21.8980 28.0000
v -45.0000 -21.8980 30.0000
v -45.0000 -20.3878 30.0000
v -45.0000 -18.8776 28.0000
v -45.0000 -18.8776 30.0000
v -45.0000 -17.3673 28.0000
v -45.0000 -17.3673 30.0000
v -45.0000 -15.8571 28.0000
v -45.0000 -17.3673 28.0000
v -45.0000 -17.3673 30.0000
v -45.0000 -15.8571 30.0000
v -45.0000 -14.3469 28.0000
v -45.0000 -15.8571 28.0000
v -45.0000 -15.8571 30.0000
v -45.0000 -14.3469 30.0000
v -45.0000 -12.8367 28.0000
v -45.0000 -14.3469 28.0000
v -45.0000 -14.3469 30.0000
v -45.0000 -12.8367 30.0000
v -45.0000 -11.3265 28.0000
v -45.0000 -12.8367 28.0000
v -45.0000 -12.8367 30.0000
v -45.0000 -11.3265 30.0000
v -45.0000 -9.8163 28.0000
v -45.0000 -11.3265 28.0000
v -45.0000 -11.3265 30.0000
v -45.0000 -9.8163 30.0000
v -45.0000 -8.3061 28.0000
v -45.0000 -9.8163 28.0000
v -45.0000 -9.8163 30.0000
v -45.0000 -8.3061 30.0000
v -45.0000 -6.7959 28.0000
v -45.0000 -8.3061 28.0000
v -45.0000 -8.3061 30.0000
v -45.0000 -6.7959 30.0000
v -45.0000 -5.2857 28.0000
v -45.0000 -6.7959 28.0000
v -45.0000 -6.7959 30.0000
v -45.0000 -5.2857 30.0000
v -45.0000 -3.7755 28.0000
v -45.0000 -5.2857 28.0000
v -45.0000 -5.2857 30.0000
v -45.0000 -3.7755 30.0000
v -45.0000 -2.2653 28.0000
v -45.0000 -3.7755 28.0000
v -45.0000 -3.7755 30.0000
v -45.0000 -2.2653 30.0000
v -45.0000 -0.7551 28.0000
v -45.0000 -2.2653 28.0000
v -45.0000 -2.2653 30.0000
v -45.0000 -0.7551 30.0000
v -45.0000 0.7551 28.0000
v -45.0000 -0.7551 28.0000
v -45.0000 -0.7551 30.0000
v -45.0000 0.7551 30.0000
v -45.0000 2.2653 28.0000
v -45.0000 0.7551 28.0000
v -45.0000 0.7551 30.0000
v -45.0000 2.2653 30.0000
v -45.0000 3.7755 28.0000
v -45.0000 2.2653 28.0000
v -45.0000 2.2653 30.0000
v -45.0000 3.7755 30.0000
v -45.0000 5.2857 28.0000
v -45.0000 3.7755 28.0000
v -45.0000 3.7755 30.0000
v -45.0000 5.2857 30.0000
v -45.0000 6.7959 28.0000
v -45.0000 5.2857 28.0000
v -45.0000 5.2857 30.0000
v -45.0000 6.7959 30.0000
v -45.0000 8.3061 28.0000
v -45.0000 6.7959 28.0000
v -45.0000 6.7959 30.0000
v -45.0000 8.3061 30.0000
v -45.0000 9.8163 28.0000
v -45.0000 8.3061 28.0000
v -45.0000 8.3061 30.0000
v -45.0000 9.8163 30.0000
v -45.0000 11.3265 28.0000
v -45.0000 9.8163 28.0000
v -45.0000 9.8163 30.0000
v -45.0000 11.3265 30.0000
v -45.0000 12.8367 28.0000
v -45.0000 11.3265 28.0000
v -45.0000 11.3265 30.0000
v -45.0000 12.8367 30.0000
v -45.0000 14.3469 28.0000
v -45.0000 12.8367 28.0000
v -45.0000 12.8367 30.0000
v -45.0000 14.3469 30.0000
v -45.0000 15.8571 28.0000
v -45.0000 14.3469 28.0000
v -45.0000 14.3469 30.0000
v -45.0000 15.8571 30.0000
v -45.0000 17.3673 28.0000
v -45.0000 15.8571 28.0000
v -45.0000 15.8571 30.0000
v -45.0000 17.3673 30.0000
v -45.0000 18.8776 28.0000
v -45.0000 17.3673 28.0000
v -45.0000 17.3673 30.0000
v -45.0000 18.8776 30.0000
v -45.0000 20.3878 28.0000
v -45.0000 18.8776 28.0000
v -45.0000 18.8776 30.0000
v -45.0000 20.3878 30.0000
v -45.0000 21.8980 28.0000
v -45.0000 20.3878 28.0000
v -45.0000 20.3878 30.0000
v -45.0000 21.8980 30.0000
v -45.0000 23.4082 28.0000
v -45.0000 21.8980 28.0000
v -45.0000 21.8980 30.0000
v -45.0000 23.4082 30.0000
v -45.0000 24.9184 28.0000
v -45.0000 23.4082 28.0000
v -45.0000 23.4082 30.0000
v -45.0000 24.9184 30.0000
v -45.0000 26.4286 28.0000
v -45.0000 24.9184 28.0000
v -45.0000 24.9184 30.0000
v -45.0000 26.4286 30.0000
v -45.0000 27.9388 28.0000
v -45.0000 26.4286 28.0000
v -45.0000 26.4286 30.0000
v -45.0000 27.9388 30.0000
v -45.0000 29.4490 28.0000
v -45.0000 27.9388 28.0000
v -45.0000 27.9388 30.0000
v -45.0000 29.4490 30.0000
v -45.0000 30.9592 28.0000
v -45.0000 29.4490 28.0000
v -45.0000 29.4490 30.0000
v -45.0000 30.9592 30.0000
v -45.0000 32.4694 28.0000
v -45.0000 30.9592 28.0000
v -45.0000 30.9592 30.0000
v -45.0000 32.4694 30.0000
v -45.0000 33.9796 28.0000
v -45.0000 33.9796 30.0000
v -45.0000 35.4898 28.0000
v -45.0000 35.4898 30.0000
v -45.0000 37.0000 28.0000
v -45.0000 35.4898 28.0000
v -45.0000 35.4898 30.0000
v -45.0000 37.0000 30.0000
v -43.5000 -35.4898 28.0000
v -43.5000 -37.0000 28.0000
v -43.5000 -37.0000 30.0000
v -43.5000 -35.4898 30.0000
v -43.5000 -33.9796 28.0000
v -43.5000 -33.9796 30.0000
v -43.5000 -32.4694 28.0000
v -43.5000 -33.9796 28.0000
v -43.5000 -33.9796 30.0000
v -43.5000 -32.4694 30.0000
v -43.5000 -30.9592 28.0000
v -43.5000 -30.9592 30.0000
v -43.5000 -29.4490 28.0000
v -43.5000 -30.9592 28.0000
v -43.5000 -30.9592 30.0000
v -43.5000 -29.4490 30.0000
v -43.5000 -27.9388 28.0000
v -43.5000 -27.9388 30.0000
v -43.5000 -26.4286 28.0000
v -43.5000 -26.4286 30.0000
v -43.5000 -24.9184 28.0000
v -43.5000 -26.4286 28.0000
v -43.5000 -26.4286 30.0000
v -43.5000 -24.9184 30.0000
v -43.5000 -23.4082 28.0000
v -43.5000 -23.4082 30.0000
v -43.5000 -21.8980 28.0000
v -43.5000 -21.8980 30.0000
v -43.5000 -20.3878 28.0000
v -43.5000 -21.8980 28.0000
v -43.5000 -21.8980 30.0000
v -43.5000 -20.3878 30.0000
v -43.5000 -18.8776 28.0000
v -43.5000 -18.8776 30.0000
v -43.5000 -17.3673 28.0000
v -43.5000 -17.3673 30.0000
v -43.5000 -15.8571 28.0000
v -43.5000 -17.3673 28.0000
v -43.5000 -17.3673 30.0000
v -43.5000 -15.8571 30.0000
v -43.5000 -14.3469 28.0000
v -43.5000 -15.8571 28.0000
v -43.5000 -15.8571 30.0000
v -43.5000 -14.3469 30.0000
v -43.5000 -12.8367 28.0000
v -43.5000 -14.3469 28.0000
v -43.5000 -14.3469 30.0000
v -43.5000 -12.8367 30.0000
v -43.5000 -11.3265 28.0000
v -43.5000 -12.8367 28.0000
v -43.5000 -12.8367 30.0000
v -43.5000 -11.3265 30.0000
v -43.5000 -9.8163 28.0000
v -43.5000 -11.3265 28.0000
v -43.5000 -11.3265 30.0000
v -43.5000 -9.8163 30.0000
v -43.5000 -8.3061 28.0000
v -43.5000 -9.8163 28.0000
v -43.5000 -9.8163 30.0000
v -43.5000 -8.3061 30.0000
v -43.5000 -6.7959 28.0000
v -43.5000 -8.3061 28.0000
v -43.5000 -8.3061 30.0000
v -43.5000 -6.7959 30.0000
v -43.5000 -5.2857 28.0000
v -43.5000 -6.7959 28.0000
v -43.5000 -6.7959 30.0000
v -43.5000 -5.2857 30.0000
v -43.5000 -3.7755 28.0000
v -43.5000 -5.2857 28.0000
v -43.5000 -5.2857 30.0000
v -43.5000 -3.7755 30.0000
v -43.5000 -2.2653 28.0000
v -43.5000 -3.7755 28.0000
v -43.5000 -3.7755 30.0000
v -43.5000 -2.2653 30.0000
v -43.5000 -0.7551 28.0000
v -43.5000 -2.2653 28.0000
v -43.5000 -2.2653 30.0000
v -43.5000 -0.7551 30.0000
v -43.5000 0.7551 28.0000
v -43.5000 -0.7551 28.0000
v -43.5000 -0.7551 30.0000
v -43.5000 0.7551 30.0000
v -43.5000 2.2653 28.0000
v -43.5000 0.7551 28.0000
v -43.5000 0.7551 30.0000
v -43.5000 2.2653 30.0000
v -43.5000 3.7755 28.0000
v -43.5000 2.2653 28.0000
v -43.5000 2.2653 30.0000
v -43.5000 3.7755 30.0000
v -43.5000 5.2857 28.0000
v -43.5000 3.7755 28.0000
v -43.5000 3.7755 30.0000
v -43.5000 5.2857 30.0000
v -43.5000 6.7959 28.0000
v -43.5000 5.2857 28.0000
v -43.5000 5.2857 30.0000
v -43.5000 6.7959 30.0000
v -43.5000 8.3061 28.0000
v -43.5000 6.7959 28.0000
v -43.5000 6.7959 30.0000
v -43.5000 8.3061 30.0000
v -43.5000 9.8163 28.0000
v -43.5000 8.3061 28.0000
v -43.5000 8.3061 30.0000
v -43.5000 9.8163 30.0000
v -43.5000 11.3265 28.0000
v -43.5000 9.8163 28.0000
v -43.5000 9.8163 30.0000
v -43.5000 11.3265 30.0000
v -43.5000 12.8367 28.0000
v -43.5000 11.3265 28.0000
v -43.5000 11.3265 30.0000
v -43.5000 12.8367 30.0000
v -43.5000 14.3469 28.0000
v -43.5000 12.8367 28.0000
v -43.5000 12.8367 30.0000
v -43.5000 14.3469 30.0000
v -43.5000 15.8571 28.0000
v -43.5000 14.3469 28.0000
v -43.5000 14.3469 30.0000
v -43.5000 15.8571 30.0000
v -43.5000 17.3673 28.0000
v -43.5000 15.8571 28.0000
v -43.5000 15.8571 30.0000
v -43.5000 17.3673 30.0000
v -43.5000 18.8776 28.0000
v -43.5000 17.3673 28.0000
v -43.5000 17.3673 30.0000
v -43.5000 18.8776 30.0000
v -43.5000 21.8980 28.0000
v -43.5000 20.3878 28.0000
v -43.5000 20.3878 30.0000
v -43.5000 21.8980 30.0000
v -43.5000 23.4082 28.0000
v -43.5000 21.8980 28.0000
v -43.5000 21.8980 30.0000
v -43.5000 23.4082 30.0000
v -43.5000 24.9184 28.0000
v -43.5000 23.4082 28.0000
v -43.5000 23.4082 30.0000
v -43.5000 24.9184 30.0000
v -43.5000 26.4286 28.0000
v -43.5000 24.9184 28.0000
v -43.5000 24.9184 30.0000
v -43.5000 26.4286 30.0000
v -43.5000 27.9388 28.0000
v -43.5000 26.4286 28.0000
v -43.5000 26.4286 30.0000
v -43.5000 27.9388 30.0000
v -43.5000 29.4490 28.0000
v -43.5000 27.9388 28.0000
v -43.5000 27.9388 30.0000
v -43.5000 29.4490 30.0000
v -43.5000 30.9592 28.0000
v -43.5000 29.4490 28.0000
v -43.5000 29.4490 30.0000
v -43.5000 30.9592 30.0000
v -43.5000 32.4694 28.0000
v -43.5000 30.9592 28.0000
v -43.5000 30.9592 30.0000
v -43.5000 32.4694 30.0000
v -43.5000 33.9796 28.0000
v -43.5000 33.9796 30.0000
v -43.5000 35.4898 28.0000
v -43.5000 35.4898 30.0000
v -43.5000 37.0000 28.0000
v -43.5000 35.4898 28.0000
v -43.5000 35.4898 30.0000
v -43.5000 37.0000 30.0000
v -42.0000 -35.4898 28.0000
v -42.0000 -37.0000 28.0000
v -42.0000 -37.0000 30.0000
v -42.0000 -35.4898 30.0000
v -42.0000 -33.9796 28.0000
v -42.0000 -33.9796 30.0000
v -42.0000 -32.4694 28.0000
v -42.0000 -33.9796 28.0000
v -42.0000 -33.9796 30.0000
v -42.0000 -32.4694 30.0000
v -42.0000 -30.9592 28.0000
v -42.0000 -30.9592 30.0000
v -42.0000 -29.4490 28.0000
v -42.0000 -30.9592 28.0000
v -42.0000 -30.9592 30.0000
v -42.0000 -29.4490 30.0000
v -42.0000 -27.9388 28.0000
v -42.0000 -27.9388 30.0000
v -42.0000 -26.4286 28.0000
v -42.0000 -26.4286 30.0000
v -42.0000 -24.9184 28.0000
v -42.0000 -26.4286 28.0000
v -42.0000 -26.4286 30.0000
v -42.0000 -24.9184 30.0000
v -42.0000 -23.4082 28.0000
v -42.0000 -23.4082 30.0000
v -42.0000 -21.8980 28.0000
v -42.0000 -21.8980 30.0000
v -42.0000 -20.3878 28.0000
v -42.0000 -21.8980 28.0000
v -42.0000 -21.8980 30.0000
v -42.0000 -20.3878 30.0000
v -42.0000 -18.8776 28.0000
v -42.0000 -18.8776 30.0000
v -42.0000 -17.3673 28.0000
v -42.0000 -17.3673 30.0000
v -42.0000 -15.8571 28.0000
v -42.0000 -17.3673 28.0000
v -42.0000 -17.3673 30.0000
v -42.0000 -15.8571 30.0000
v -42.0000 -14.3469 28.0000
v -42.0000 -15.8571 28.0000
v -42.0000 -15.8571 30.0000
v -42.0000 -14.3469 30.0000
v -42.0000 -12.8367 28.0000
v -42.0000 -14.3469 28.0000
v -42.0000 -14.3469 30.0000
v -42.0000 -12.8367 30.0000
v -42.0000 -11.3265 28.0000
v -42.0000 -12.8367 28.0000
v -42.0000 -12.8367 30.0000
v -42.0000 -11.3265 30.0000
v -42.0000 -9.8163 28.0000
v -42.0000 -11.3265 28.0000
v -42.0000 -11.3265 30.0000
v -42.0000 -9.8163 30.0000
v -42.0000 -8.3061 28.0000
v -42.0000 -9.8163 28.0000
v -42.0000 -9.8163 30.0000
v -42.0000 -8.3061 30.0000
v -42.0000 -6.7959 28.0000
v -42.0000 -8.3061 28.0000
v -42.0000 -8.3061 30.0000
v -42.0000 -6.7959 30.0000
v -42.0000 -5.2857 28.0000
v -42.0000 -6.7959 28.0000
v -42.0000 -6.7959 30.0000
v -42.0000 -5.2857 30.0000
v -42.0000 -3.7755 28.0000
v -42.0000 -5.2857 28.0000
v -42.0000 -5.2857 30.0000
v -42.0000 -3.7755 30.0000
v -42.0000 -2.2653 28.0000
v -42.0000 -3.7755 28.0000
v -42.0000 -3.7755 30.0000
v -42.0000 -2.2653 30.0000
v -42.0000 -0.7551 28.0000
v -42.0000 -2.2653 28.0000
v -42.0000 -2.2653 30.0000
v -42.0000 -0.7551 30.0000
v -42.0000 0.7551 28.0000
v -42.0000 -0.7551 28.0000
v -42.0000 -0.7551 30.0000
v -42.0000 0.7551 30.0000
v -42.0000 2.2653 28.0000
v -42.0000 0.7551 28.0000
v -42.0000 0.7551 30.0000
v -42.0000 2.2653 30.0000
v -42.0000 3.7755 28.0000
v -42.0000 2.2653 28.0000
v -42.0000 2.2653 30.0000
v -42.0000 3.7755 30.0000
v -42.0000 5.2857 28.0000
v -42.0000 3.7755 28.0000
v -42.0000 3.7755 30.0000
v -42.0000 5.2857 30.0000
v -42.0000 6.7959 28.0000
v -42.0000 5.2857 28.0000
v -42.0000 5.2857 30.0000
v -42.0000 6.7959 30.0000
v -42.0000 8.3061 28.0000
v -42.0000 6.7959 28.0000
v -42.0000 6.7959 30.0000
v -42.0000 8.3061 30.0000
v -42.0000 9.8163 28.0000
v -42.0000 8.3061 28.0000
v -42.0000 8.3061 30.0000
v -42.0000 9.8163 30.0000
v -42.0000 11.3265 28.0000
v -42.0000 9.8163 28.0000
v -42.0000 9.8163 30.0000
v -42.0000 11.3265 30.0000
v -42.0000 12.8367 28.0000
v -42.0000 11.3265 28.0000
v -42.0000 11.3265 30.0000
v -42.0000 12.8367 30.0000
v -42.0000 14.3469 28.0000
v -42.0000 12.8367 28.0000
v -42.0000 12.8367 30.0000
v -42.0000 14.3469 30.0000
v -42.0000 15.8571 28.0000
v -42.0000 14.3469 28.0000
v -42.0000 14.3469 30.0000
v -42.0000 15.8571 30.0000
v -42.0000 17.3673 28.0000
v -42.0000 15.8571 28.0000
v -42.0000 15.8571 30.0000
v -42.0000 17.3673 30.0000
v -42.0000 23.4082 28.0000
v -42.0000 21.8980 28.0000
v -42.0000 21.8980 30.0000
v -42.0000 23.4082 30.0000
v -42.0000 24.9184 28.0000
v -42.0000 23.4082 28.0000
v -42.0000 23.4082 30.0000
v -42.0000 24.9184 30.0000
v -42.0000 26.4286 28.0000
v -42.0000 24.9184 28.0000
v -42.0000 24.9184 30.0000
v -42.0000 26.4286 30.0000
v -42.0000 27.9388 28.0000
v -42.0000 26.4286 28.0000
v -42.0000 26.4286 30.0000
v -42.0000 27.9388 30.0000
v -42.0000 29.4490 28.0000
v -42.0000 27.9388 28.0000
v -42.0000 27.9388 30.0000
v -42.0000 29.4490 30.0000
v -42.0000 30.9592 28.0000
v -42.0000 29.4490 28.0000
v -42.0000 29.4490 30.0000
v -42.0000 30.9592 30.0000
v -42.0000 32.4694 28.0000
v -42.0000 30.9592 28.0000
v -42.0000 30.9592 30.0000
v -42.0000 32.4694 30.0000
v -42.0000 33.9796 28.0000
v -42.0000 33.9796 30.0000
v -42.0000 35.4898 28.0000
v -42.0000 35.4898 30.0000
v -42.0000 37.0000 28.0000
v -42.0000 35.4898 28.0000
v -42.0000 35.4898 30.0000
v -42.0000 37.0000 30.0000
v -40.5000 -35.4898 28.0000
v -40.5000 -37.0000 28.0000
v -40.5000 -37.0000 30.0000
v -40.5000 -35.4898 30.0000
v -40.5000 -33.9796 28.0000
v -40.5000 -33.9796 30.0000
v -40.5000 -32.4694 28.0000
v -40.5000 -33.9796 28.0000
v -40.5000 -33.9796 30.0000
v -40.5000 -32.4694 30.0000
v -40.5000 -30.9592 28.0000
v -40.5000 -30.9592 30.0000
v -40.5000 -29.4490 28.0000
v -40.5000 -30.9592 28.0000
v -40.5000 -30.9592 30.0000
v -40.5000 -29.4490 30.0000
v -40.5000 -27.9388 28.0000
v -40.5000 -27.9388 30.0000
v -40.5000 -26.4286 28.0000
v -40.5000 -26.4286 30.0000
v -40.5000 -24.9184 28.0000
v -40.5000 -26.4286 28.0000
v -40.5000 -26.4286 30.0000
v -40.5000 -24.9184 30.0000
v -40.5000 -23.4082 28.0000
v -40.5000 -23.4082 30.0000
v -40.5000 -21.8980 28.0000
v -40.5000 -21.8980 30.0000
v -40.5000 -20.3878 28.0000
v -40.5000 -21.8980 28.0000
v -40.5000 -21.8980 30.0000
v -40.5000 -20.3878 30.0000
v -40.5000 -18.8776 28.0000
v -40.5000 -18.8776 30.0000
v -40.5000 -17.3673 28.0000
v -40.5000 -17.3673 30.0000
v -40.5000 -15.8571 28.0000
v -40.5000 -17.3673 28.0000
v -40.5000 -17.3673 30.0000
v -40.5000 -15.8571 30.0000
v -40.5000 -14.3469 28.0000
v -40.5000 -15.8571 28.0000
v -40.5000 -15.8571 30.0000
v -40.5000 -14.3469 30.0000
v -40.5000 -12.8367 28.0000
v -40.5000 -14.3469 28.0000
v -40.5000 -14.3469 30.0000
v -40.5000 -12.8367 30.0000
v -40.5000 -11.3265 28.0000
v -40.5000 -12.8367 28.0000
v -40.5000 -12.8367 30.0000
v -40.5000 -11.3265 30.0000
v -40.5000 -9.8163 28.0000
v -40.5000 -11.3265 28.0000
v -40.5000 -11.3265 30.0000
v -40.5000 -9.8163 30.0000
v -40.5000 -8.3061 28.0000
v -40.5000 -9.8163 28.0000
v -40.5000 -9.8163 30.0000
v -40.5000 -8.3061 30.0000
v -40.5000 -6.7959 28.0000
v -40.5000 -8.3061 28.0000
v -40.5000 -8.3061 30.0000
v -40.5000 -6.7959 30.0000
v -40.5000 -5.2857 28.0000
v -40.5000 -6.7959 28.0000
v -40.5000 -6.7959 30.0000
v -40.5000 -5.2857 30.0000
v -40.5000 -3.7755 28.0000
v -40.5000 -5.2857 28.0000
v -40.5000 -5.2857 30.0000
v -40.5000 -3.7755 30.0000
v -40.5000 -2.2653 28.0000
v -40.5000 -3.7755 28.0000
v -40.5000 -3.7755 30.0000
v -40.5000 -2.2653 30.0000
v -40.5000 -0.7551 28.0000
v -40.5000 -2.2653 28.0000
v -40.5000 -2.2653 30.0000
v -40.5000 -0.7551 30.0000
v -40.5000 0.7551 28.0000
v -40.5000 -0.7551 28.0000
v -40.5000 -0.7551 30.0000
v -40.5000 0.7551 30.0000
v -40.5000 2.2653 28.0000
v -40.5000 0.7551 28.0000
v -40.5000 0.7551 30.0000
v -40.5000 2.2653 30.0000
v -40.5000 3.7755 28.0000
v -40.5000 2.2653 28.0000
v -40.5000 2.2653 30.0000
v -40.5000 3.7755 30.0000
v -40.5000 5.2857 28.0000
v -40.5000 3.7755 28.0000
v -40.5000 3.7755 30.0000
v -40.5000 5.2857 30.0000
v -40.5000 6.7959 28.0000
v -40.5000 5.2857 28.0000
v -40.5000 5.2857 30.0000
v -40.5000 6.7959 30.0000
v -40.5000 8.3061 28.0000
v -40.5000 6.7959 28.0000
v -40.5000 6.7959 30.0000
v -40.5000 8.3061 30.0000
v -40.5000 9.8163 28.0000
v -40.5000 8.3061 28.0000
v -40.5000 8.3061 30.0000
v -40.5000 9.8163 30.0000
v -40.5000 11.3265 28.0000
v -40.5000 9.8163 28.0000
v -40.5000 9.8163 30.0000
v -40.5000 11.3265 30.0000
v -40.5000 12.8367 28.0000
v -40.5000 11.3265 28.0000
v -40.5000 11.3265 30.0000
v -40.5000 12.8367 30.0000
v -40.5000 14.3469 28.0000
v -40.5000 12.8367 28.0000
v -40.5000 12.8367 30.0000
v -40.5000 14.3469 30.0000
v -40.5000 15.8571 28.0000
v -40.5000 14.3469 28.0000
v -40.5000 14.3469 30.0000
v -40.5000 15.8571 30.0000
v -40.5000 17.3673 28.0000
v -40.5000 15.8571 28.0000
v -40.5000 15.8571 30.0000
v -40.5000 17.3673 30.0000
v -40.5000 23.4082 28.0000
v -40.5000 21.8980 28.0000
v -40.5000 21.8980 30.0000
v -40.5000 23.4082 30.0000
v -40.5000 24.9184 28.0000
v -40.5000 23.4082 28.0000
v -40.5000 23.4082 30.0000
v -40.5000 24.9184 30.0000
v -40.5000 26.4286 28.0000
v -40.5000 24.9184 28.0000
v -40.5000 24.9184 30.0000
v -40.5000 26.4286 30.0000
v -40.5000 27.9388 28.0000
v -40.5000 26.4286 28.0000
v -40.5000 26.4286 30.0000
v -40.5000 27.9388 30.0000
v -40.5000 29.4490 28.0000
v -40.5000 27.9388 28.0000
v -40.5000 27.9388 30.0000
v -40.5000 29.4490 30.0000
v -40.5000 30.9592 28.0000
v -40.5000 29.4490 28.0000
v -40.5000 29.4490 30.0000
v -40.5000 30.9592 30.0000
v -40.5000 32.4694 28.0000
v -40.5000 30.9592 28.0000
v -40.5000 30.9592 30.0000
v -40.5000 32.4694 30.0000
v -40.5000 33.9796 28.0000
v -40.5000 33.9796 30.0000
v -40.5000 35.4898 28.0000
v -40.5000 35.4898 30.0000
v -40.5000 37.0000 28.0000
v -40.5000 35.4898 28.0000
v -40.5000 35.4898 30.0000
v -40.5000 37.0000 30.0000
v -39.0000 -35.4898 28.0000
v -39.0000 -37.0000 28.0000
v -39.0000 -37.0000 30.0000
v -39.0000 -35.4898 30.0000
v -39.0000 -33.9796 28.0000
v -39.0000 -33.9796 30.0000
v -39.0000 -32.4694 28.0000
v -39.0000 -33.9796 28.0000
v -39.0000 -33.9796 30.0000
v -39.0000 -32.4694 30.0000
v -39.0000 -30.9592 28.0000
v -39.0000 -30.9592 30.0000
v -39.0000 -29.4490 28.0000
v -39.0000 -30.9592 28.0000
v -39.0000 -30.9592 30.0000
v -39.0000 -29.4490 30.0000
v -39.0000 -27.9388 28.0000
v -39.0000 -27.9388 30.0000
v -39.0000 -26.4286 28.0000
v -39.0000 -26.4286 30.0000
v -39.0000 -24.9184 28.0000
v -39.0000 -26.4286 28.0000
v -39.0000 -26.4286 30.0000
v -39.0000 -24.9184 30.0000
v -39.0000 -23.4082 28.0000
v -39.0000 -23.4082 30.0000
v -39.0000 -21.8980 28.0000
v -39.0000 -21.8980 30.0000
v -39.0000 -20.3878 28.0000
v -39.0000 -21.8980 28.0000
v -39.0000 -21.8980 30.0000
v -39.0000 -20.3878 30.0000
v -39.0000 -18.8776 28.0000
v -39.0000 -18.8776 30.0000
v -39.0000 -17.3673 28.0000
v -39.0000 -17.3673 30.0000
v -39.0000 -15.8571 28.0000
v -39.0000 -17.3673 28.0000
v -39.0000 -17.3673 30.0000
v -39.0000 -15.8571 30.0000
v -39.0000 -14.3469 28.0000
v -39.0000 -15.8571 28.0000
v -39.0000 -15.8571 30.0000
v -39.0000 -14.3469 30.0000
v -39.0000 -12.8367 28.0000
v -39.0000 -14.3469 28.0000
v -39.0000 -14.3469 30.0000
v -39.0000 -12.8367 30.0000
v -39.0000 -11.3265 28.0000
v -39.0000 -12.8367 28.0000
v -39.0000 -12.8367 30.0000
v -39.0000 -11.3265 30.0000
v -39.0000 -9.8163 28.0000
v -39.0000 -11.3265 28.0000
v -39.0000 -11.3265 30.0000
v -39.0000 -9.8163 30.0000
v -39.0000 -8.3061 28.0000
v -39.0000 -9.8163 28.0000
v -39.0000 -9.8163 30.0000
v -39.0000 -8.3061 30.0000
v -39.0000 -6.7959 28.0000
v -39.0000 -8.3061 28.0000
v -39.0000 -8.3061 30.0000
v -39.0000 -6.7959 30.0000
v -39.0000 -5.2857 28.0000
v -39.0000 -6.7959 28.0000
v -39.0000 -6.7959 30.0000
v -39.0000 -5.2857 30.0000
v -39.0000 -3.7755 28.0000
v -39.0000 -5.2857 28.0000
v -39.0000 -5.2857 30.0000
v -39.0000 -3.7755 30.0000
v -39.0000 -2.2653 28.0000
v -39.0000 -3.7755 28.0000
v -39.0000 -3.7755 30.0000
v -39.0000 -2.2653 30.0000
v -39.0000 -0.7551 28.0000
v -39.0000 -2.2653 28.0000
v -39.0000 -2.2653 30.0000
v -39.0000 -0.7551 30.0000
v -39.0000 0.7551 28.0000
v -39.0000 -0.7551 28.0000
v -39.0000 -0.7551 30.0000
v -39.0000 0.7551 30.0000
v -39.0000 2.2653 28.0000
v -39.0000 0.7551 28.0000
v -39.0000 0.7551 30.0000
v -39.0000 2.2653 30.0000
v -39.0000 3.7755 28.0000
v -39.0000 2.2653 28.0000
v -39.0000 2.2653 30.0000
v -39.0000 3.7755 30.0000
v -39.0000 5.2857 28.0000
v -39.0000 3.7755 28.0000
v -39.0000 3.7755 30.0000
v -39.0000 5.2857 30.0000
v -39.0000 6.7959 28.0000
v -39.0000 5.2857 28.0000
v -39.0000 5.2857 30.0000
v -39.0000 6.7959 30.0000
v -39.0000 8.3061 28.0000
v -39.0000 6.7959 28.0000
v -39.0000 6.7959 30.0000
v -39.0000 8.3061 30.0000
v -39.0000 9.8163 28.0000
v -39.0000 8.3061 28.0000
v -39.0000 8.3061 30.0000
v -39.0000 9.8163 30.0000
v -39.0000 11.3265 28.0000
v -39.0000 9.8163 28.0000
v -39.0000 9.8163 30.0000
v -39.0000 11.3265 30.0000
v -39.0000 12.8367 28.0000
v -39.0000 11.3265 28.0000
v -39.0000 11.3265 30.0000
v -39.0000 12.8367 30.0000
v -39.0000 14.3469 28.0000
v -39.0000 12.8367 28.0000
v -39.0000 12.8367 30.0000
v -39.0000 14.3469 30.0000
v -39.0000 15.8571 28.0000
v -39.0000 14.3469 28.0000
v -39.0000 14.3469 30.0000
v -39.0000 15.8571 30.0000
v -39.0000 17.3673 28.0000
v -39.0000 15.8571 28.0000
v -39.0000 15.8571 30.0000
v -39.0000 17.3673 30.0000
v -40.5000 17.3673 28.0000
v -40.5000 18.8776 28.0000
v -39.0000 18.8776 28.0000
v -39.0000 17.3673 28.0000
v -40.5000 17.3673 30.0000
v -39.0000 17.3673 30.0000
v -39.0000 18.8776 30.0000
v -40.5000 18.8776 30.0000
v -40.5000 20.3878 28.0000
v -40.5000 21.8980 28.0000
v -39.0000 21.8980 28.0000
v -39.0000 20.3878 28.0000
v -40.5000 20.3878 30.0000
v -39.0000 20.3878 30.0000
v -39.0000 21.8980 30.0000
v -40.5000 21.8980 30.0000
v -39.0000 23.4082 28.0000
v -39.0000 21.8980 28.0000
v -39.0000 21.8980 30.0000
v -39.0000 23.4082 30.0000
v -39.0000 24.9184 28.0000
v -39.0000 23.4082 28.0000
v -39.0000 23.4082 30.0000
v -39.0000 24.9184 30.0000
v -39.0000 26.4286 28.0000
v -39.0000 24.9184 28.0000
v -39.0000 24.9184 30.0000
v -39.0000 26.4286 30.0000
v -39.0000 27.9388 28.0000
v -39.0000 26.4286 28.0000
v -39.0000 26.4286 30.0000
v -39.0000 27.9388 30.0000
v -39.0000 29.4490 28.0000
v -39.0000 27.9388 28.0000
v -39.0000 27.9388 30.0000
v -39.0000 29.4490 30.0000
v -39.0000 30.9592 28.0000
v -39.0000 29.4490 28.0000
v -39.0000 29.4490 30.0000
v -39.0000 30.9592 30.0000
v -39.0000 32.4694 28.0000
v -39.0000 30.9592 28.0000
v -39.0000 30.9592 30.0000
v -39.0000 32.4694 30.0000
v -39.0000 33.9796 28.0000
v -39.0000 33.9796 30.0000
v -39.0000 35.4898 28.0000
v -39.0000 35.4898 30.0000
v -39.0000 37.0000 28.0000
v -39.0000 35.4898 28.0000
v -39.0000 35.4898 30.0000
v -39.0000 37.0000 30.0000
v -37.5000 -35.4898 28.0000
v -37.5000 -37.0000 28.0000
v -37.5000 -37.0000 30.0000
v -37.5000 -35.4898 30.0000
v -37.5000 -33.9796 28.0000
v -37.5000 -33.9796 30.0000
v -37.5000 -32.4694 28.0000
v -37.5000 -33.9796 28.0000
v -37.5000 -33.9796 30.0000
v -37.5000 -32.4694 30.0000
v -37.5000 -30.9592 28.0000
v -37.5000 -30.9592 30.0000
v -37.5000 -29.4490 28.0000
v -37.5000 -30.9592 28.0000
v -37.5000 -30.9592 30.0000
v -37.5000 -29.4490 30.0000
v -37.5000 -27.9388 28.0000
v -37.5000 -27.9388 30.0000
v -37.5000 -26.4286 28.0000
v -37.5000 -26.4286 30.0000
v -37.5000 -24.9184 28.0000
v -37.5000 -26.4286 28.0000
v -37.5000 -26.4286 30.0000
v -37.5000 -24.9184 30.0000
v -37.5000 -23.4082 28.0000
v -37.5000 -23.4082 30.0000
v -37.5000 -21.8980 28.0000
v -37.5000 -21.8980 30.0000
v -37.5000 -20.3878 28.0000
v -37.5000 -21.8980 28.0000
v -37.5000 -21.8980 30.0000
v -37.5000 -20.3878 30.0000
v -37.5000 -18.8776 28.0000
v -37.5000 -18.8776 30.0000
v -37.5000 -17.3673 28.0000
v -37.5000 -17.3673 30.0000
v -37.5000 -15.8571 28.0000
v -37.5000 -17.3673 28.0000
v -37.5000 -17.3673 30.0000
v -37.5000 -15.8571 30.0000
v -37.5000 -14.3469 28.0000
v -37.5000 -15.8571 28.0000
v -37.5000 -15.8571 30.0000
v -37.5000 -14.3469 30.0000
v -37.5000 -12.8367 28.0000
v -37.5000 -14.3469 28.0000
v -37.5000 -14.3469 30.0000
v -37.5000 -12.8367 30.0000
v -37.5000 -11.3265 28.0000
v -37.5000 -12.8367 28.0000
v -37.5000 -12.8367 30.0000
v -37.5000 -11.3265 30.0000
v -37.5000 -9.8163 28.0000
v -37.5000 -11.3265 28.0000
v -37.5000 -11.3265 30.0000
v -37.5000 -9.8163 30.0000
v -37.5000 -8.3061 28.0000
v -37.5000 -9.8163 28.0000
v -37.5000 -9.8163 30.0000
v -37.5000 -8.3061 30.0000
v -37.5000 -6.7959 28.0000
v -37.5000 -8.3061 28.0000
v -37.5000 -8.3061 30.0000
v -37.5000 -6.7959 30.0000
v -37.5000 -5.2857 28.0000
v -37.5000 -6.7959 28.0000
v -37.5000 -6.7959 30.0000
v -37.5000 -5.2857 30.0000
v -37.5000 -3.7755 28.0000
v -37.5000 -5.2857 28.0000
v -37.5000 -5.2857 30.0000
v -37.5000 -3.7755 30.0000
v -37.5000 -2.2653 28.0000
v -37.5000 -3.7755 28.0000
v -37.5000 -3.7755 30.0000
v -37.5000 -2.2653 30.0000
v -37.5000 -0.7551 28.0000
v -37.5000 -2.2653 28.0000
v -37.5000 -2.2653 30.0000
v -37.5000 -0.7551 30.0000
v -37.5000 0.7551 28.0000
v -37.5000 -0.7551 28.0000
v -37.5000 -0.7551 30.0000
v -37.5000 0.7551 30.0000
v -37.5000 2.2653 28.0000
v -37.5000 0.7551 28.0000
v -37.5000 0.7551 30.0000
v -37.5000 2.2653 30.0000
v -37.5000 3.7755 28.0000
v -37.5000 2.2653 28.0000
v -37.5000 2.2653 30.0000
v -37.5000 3.7755 30.0000
v -37.5000 5.2857 28.0000
v -37.5000 3.7755 28.0000
v -37.5000 3.7755 30.0000
v -37.5000 5.2857 30.0000
v -37.5000 6.7959 28.0000
v -37.5000 5.2857 28.0000
v -37.5000 5.2857 30.0000
v -37.5000 6.7959 30.0000
v -37.5000 8.3061 28.0000
v -37.5000 6.7959 28.0000
v -37.5000 6.7959 30.0000
v -37.5000 8.3061 30.0000
v -37.5000 9.8163 28.0000
v -37.5000 8.3061 28.0000
v -37.5000 8.3061 30.0000
v -37.5000 9.8163 30.0000
v -37.5000 11.3265 28.0000
v -37.5000 9.8163 28.0000
v -37.5000 9.8163 30.0000
v -37.5000 11.3265 30.0000
v -37.5000 12.8367 28.0000
v -37.5000 11.3265 28.0000
v -37.5000 11.3265 30.0000
v -37.5000 12.8367 30.0000
v -37.5000 14.3469 28.0000
v -37.5000 12.8367 28.0000
v -37.5000 12.8367 30.0000
v -37.5000 14.3469 30.0000
v -37.5000 15.8571 28.0000
v -37.5000 14.3469 28.0000
v -37.5000 14.3469 30.0000
v -37.5000 15.8571 30.0000
v -37.5000 17.3673 28.0000
v -37.5000 15.8571 28.0000
v -37.5000 15.8571 30.0000
v -37.5000 17.3673 30.0000
v -37.5000 18.8776 28.0000
v -37.5000 17.3673 28.0000
v -37.5000 17.3673 30.0000
v -37.5000 18.8776 30.0000
v -39.0000 18.8776 28.0000
v -39.0000 20.3878 28.0000
v -37.5000 20.3878 28.0000
v -37.5000 18.8776 28.0000
v -39.0000 18.8776 30.0000
v -37.5000 18.8776 30.0000
v -37.5000 20.3878 30.0000
v -39.0000 20.3878 30.0000
v -37.5000 21.8980 28.0000
v -37.5000 20.3878 28.0000
v -37.5000 20.3878 30.0000
v -37.5000 21.8980 30.0000
v -37.5000 23.4082 28.0000
v -37.5000 21.8980 28.0000
v -37.5000 21.8980 30.0000
v -37.5000 23.4082 30.0000
v -37.5000 24.9184 28.0000
v -37.5000 23.4082 28.0000
v -37.5000 23.4082 30.0000
v -37.5000 24.9184 30.0000
v -37.5000 26.4286 28.0000
v -37.5000 24.9184 28.0000
v -37.5000 24.9184 30.0000
v -37.5000 26.4286 30.0000
v -37.5000 27.9388 28.0000
v -37.5000 26.4286 28.0000
v -37.5000 26.4286 30.0000
v -37.5000 27.9388 30.0000
v -37.5000 29.4490 28.0000
v -37.5000 27.9388 28.0000
v -37.5000 27.9388 30.0000
v -37.5000 29.4490 30.0000
v -37.5000 30.9592 28.0000
v -37.5000 29.4490 28.0000
v -37.5000 29.4490 30.0000
v -37.5000 30.9592 30.0000
v -37.5000 32.4694 28.0000
v -37.5000 30.9592 28.0000
v -37.5000 30.9592 30.0000
v -37.5000 32.4694 30.0000
v -37.5000 33.9796 28.0000
v -37.5000 33.9796 30.0000
v -37.5000 35.4898 28.0000
v -37.5000 35.4898 30.0000
v -37.5000 37.0000 28.0000
v -37.5000 35.4898 28.0000
v -37.5000 35.4898 30.0000
v -37.5000 37.0000 30.0000
v -36.0000 -35.4898 28.0000
v -36.0000 -37.0000 28.0000
v -36.0000 -37.0000 30.0000
v -36.0000 -35.4898 30.0000
v -36.0000 -33.9796 28.0000
v -36.0000 -33.9796 30.0000
v -36.0000 -32.4694 28.0000
v -36.0000 -33.9796 28.0000
v -36.0000 -33.9796 30.0000
v -36.0000 -32.4694 30.0000
v -36.0000 -30.9592 28.0000
v -36.0000 -30.9592 30.0000
v -36.0000 -29.4490 28.0000
v -36.0000 -30.9592 28.0000
v -36.0000 -30.9592 30.0000
v -36.0000 -29.4490 30.0000
v -36.0000 -27.9388 28.0000
v -36.0000 -27.9388 30.0000
v -36.0000 -26.4286 28.0000
v -36.0000 -26.4286 30.0000
v -36.0000 -24.9184 28.0000
v -36.0000 -26.4286 28.0000
v -36.0000 -26.4286 30.0000
v -36.0000 -24.9184 30.0000
v -36.0000 -23.4082 28.0000
v -36.0000 -23.4082 30.0000
v -36.0000 -21.8980 28.0000
v -36.0000 -21.8980 30.0000
v -36.0000 -20.3878 28.0000
v -36.0000 -21.8980 28.0000
v -36.0000 -21.8980 30.0000
v -36.0000 -20.3878 30.0000
v -36.0000 -18.8776 28.0000
v -36.0000 -18.8776 30.0000
v -36.0000 -17.3673 28.0000
v -36.0000 -17.3673 30.0000
v -36.0000 -15.8571 28.0000
v -36.0000 -17.3673 28.0000
v -36.0000 -17.3673 30.0000
v -36.0000 -15.8571 30.0000
v -36.0000 -14.3469 28.0000
v -36.0000 -15.8571 28.0000
v -36.0000 -15.8571 30.0000
v -36.0000 -14.3469 30.0000
v -36.0000 -12.8367 28.0000
v -36.0000 -14.3469 28.0000
v -36.0000 -14.3469 30.0000
v -36.0000 -12.8367 30.0000
v -36.0000 -11.3265 28.0000
v -36.0000 -12.8367 28.0000
v -36.0000 -12.8367 30.0000
v -36.0000 -11.3265 30.0000
v -36.0000 -9.8163 28.0000
v -36.0000 -11.3265 28.0000
v -36.0000 -11.3265 30.0000
v -36.0000 -9.8163 30.0000
v -36.0000 -8.3061 28.0000
v -36.0000 -9.8163 28.0000
v -36.0000 -9.8163 30.0000
v -36.0000 -8.3061 30.0000
v -36.0000 -6.7959 28.0000
v -36.0000 -8.3061 28.0000
v -36.0000 -8.3061 30.0000
v -36.0000 -6.7959 30.0000
v -36.0000 -5.2857 28.0000
v -36.0000 -6.7959 28.0000
v -36.0000 -6.7959 30.0000
v -36.0000 -5.2857 30.0000
v -36.0000 -3.7755 28.0000
v -36.0000 -5.2857 28.0000
v -36.0000 -5.2857 30.0000
v -36.0000 -3.7755 30.0000
v -36.0000 -2.2653 28.0000
v -36.0000 -3.7755 28.0000
v -36.0000 -3.7755 30.0000
v -36.0000 -2.2653 30.0000
v -36.0000 -0.7551 28.0000
v -36.0000 -2.2653 28.0000
v -36.0000 -2.2653 30.0000
v -36.0000 -0.7551 30.0000
v -36.0000 0.7551 28.0000
v -36.0000 -0.7551 28.0000
v -36.0000 -0.7551 30.0000
v -36.0000 0.7551 30.0000
v -36.0000 2.2653 28.0000
v -36.0000 0.7551 28.0000
v -36.0000 0.7551 30.0000
v -36.0000 2.2653 30.0000
v -36.0000 3.7755 28.0000
v -36.0000 2.2653 28.0000
v -36.0000 2.2653 30.0000
v -36.0000 3.7755 30.0000
v -36.0000 5.2857 28.0000
v -36.0000 3.7755 28.0000
v -36.0000 3.7755 30.0000
v -36.0000 5.2857 30.0000
v -36.0000 6.7959 28.0000
v -36.0000 5.2857 28.0000
v -36.0000 5.2857 30.0000
v -36.0000 6.7959 30.0000
v -36.0000 8.3061 28.0000
v -36.0000 6.7959 28.0000
v -36.0000 6.7959 30.0000
v -36.0000 8.3061 30.0000
v -36.0000 9.8163 28.0000
v -36.0000 8.3061 28.0000
v -36.0000 8.3061 30.0000
v -36.0000 9.8163 30.0000
v -36.0000 11.3265 28.0000
v -36.0000 9.8163 28.0000
v -36.0000 9.8163 30.0000
v -36.0000 11.3265 30.0000
v -36.0000 12.8367 28.0000
v -36.0000 11.3265 28.0000
v -36.0000 11.3265 30.0000
v -36.0000 12.8367 30.0000
v -36.0000 14.3469 28.0000
v -36.0000 12.8367 28.0000
v -36.0000 12.8367 30.0000
v -36.0000 14.3469 30.0000
v -36.0000 15.8571 28.0000
v -36.0000 14.3469 28.0000
v -36.0000 14.3469 30.0000
v -36.0000 15.8571 30.0000
v -36.0000 17.3673 28.0000
v -36.0000 15.8571 28.0000
v -36.0000 15.8571 30.0000
v -36.0000 17.3673 30.0000
v -36.0000 18.8776 28.0000
v -36.0000 17.3673 28.0000
v -36.0000 17.3673 30.0000
v -36.0000 18.8776 30.0000
v -36.0000 20.3878 28.0000
v -36.0000 18.8776 28.0000
v -36.0000 18.8776 30.0000
v -36.0000 20.3878 30.0000
v -36.0000 21.8980 28.0000
v -36.0000 20.3878 28.0000
v -36.0000 20.3878 30.0000
v -36.0000 21.8980 30.0000
v -36.0000 23.4082 28.0000
v -36.0000 21.8980 28.0000
v -36.0000 21.8980 30.0000
v -36.0000 23.4082 30.0000
v -36.0000 24.9184 28.0000
v -36.0000 23.4082 28.0000
v -36.0000 23.4082 30.0000
v -36.0000 24.9184 30.0000
v -36.0000 26.4286 28.0000
v -36.0000 24.9184 28.0000
v -36.0000 24.9184 30.0000
v -36.0000 26.4286 30.0000
v -36.0000 27.9388 28.0000
v -36.0000 26.4286 28.0000
v -36.0000 26.4286 30.0000
v -36.0000 27.9388 30.0000
v -36.0000 29.4490 28.0000
v -36.0000 27.9388 28.0000
v -36.0000 27.9388 30.0000
v -36.0000 29.4490 30.0000
v -36.0000 30.9592 28.0000
v -36.0000 29.4490 28.0000
v -36.0000 29.4490 30.0000
v -36.0000 30.9592 30.0000
v -36.0000 32.4694 28.0000
v -36.0000 30.9592 28.0000
v -36.0000 30.9592 30.0000
v -36.0000 32.4694 30.0000
v -36.0000 33.9796 28.0000
v -36.0000 33.9796 30.0000
v -36.0000 35.4898 28.0000
v -36.0000 35.4898 30.0000
v -36.0000 37.0000 28.0000
v -36.0000 35.4898 28.0000
v -36.0000 35.4898 30.0000
v -36.0000 37.0000 30.0000
v -34.5000 -35.4898 28.0000
v -34.5000 -37.0000 28.0000
v -34.5000 -37.0000 30.0000
v -34.5000 -35.4898 30.0000
v -34.5000 -33.9796 28.0000
v -34.5000 -33.9796 30.0000
v -34.5000 -32.4694 28.0000
v -34.5000 -33.9796 28.0000
v -34.5000 -33.9796 30.0000
v -34.5000 -32.4694 30.0000
v -34.5000 -30.9592 28.0000
v -34.5000 -30.9592 30.0000
v -34.5000 -29.4490 28.0000
v -34.5000 -30.9592 28.0000
v -34.5000 -30.9592 30.0000
v -34.5000 -29.4490 30.0000
v -34.5000 -27.9388 28.0000
v -34.5000 -27.9388 30.0000
v -34.5000 -26.4286 28.0000
v -34.5000 -26.4286 30.0000
v -34.5000 -24.9184 28.0000
v -34.5000 -26.4286 28.0000
v -34.5000 -26.4286 30.0000
v -34.5000 -24.9184 30.0000
v -34.5000 -23.4082 28.0000
v -34.5000 -23.4082 30.0000
v -34.5000 -21.8980 28.0000
v -34.5000 -21.8980 30.0000
v -34.5000 -20.3878 28.0000
v -34.5000 -21.8980 28.0000
v -34.5000 -21.8980 30.0000
v -34.5000 -20.3878 30.0000
v -34.5000 -18.8776 28.0000
v -34.5000 -18.8776 30.0000
v -34.5000 -17.3673 28.0000
v -34.5000 -17.3673 30.0000
v -34.5000 -15.8571 28.0000
v -34.5000 -17.3673 28.0000
v -34.5000 -17.3673 30.0000
v -34.5000 -15.8571 30.0000
v -34.5000 -14.3469 28.0000
v -34.5000 -15.8571 28.0000
v -34.5000 -15.8571 30.0000
v -34.5000 -14.3469 30.0000
v -34.5000 -12.8367 28.0000
v -34.5000 -14.3469 28.0000
v -34.5000 -14.3469 30.0000
v -34.5000 -12.8367 30.0000
v -34.5000 -11.3265 28.0000
v -34.5000 -12.8367 28.0000
v -34.5000 -12.8367 30.0000
v -34.5000 -11.3265 30.0000
v -34.5000 -9.8163 28.0000
v -34.5000 -11.3265 28.0000
v -34.5000 -11.3265 30.0000
v -34.5000 -9.8163 30.0000
v -34.5000 -8.3061 28.0000
v -34.5000 -9.8163 28.0000
v -34.5000 -9.8163 30.0000
v -34.5000 -8.3061 30.0000
v -34.5000 -6.7959 28.0000
v -34.5000 -8.3061 28.0000
v -34.5000 -8.3061 30.0000
v -34.5000 -6.7959 30.0000
v -34.5000 -5.2857 28.0000
v -34.5000 -6.7959 28.0000
v -34.5000 -6.7959 30.0000
v -34.5000 -5.2857 30.0000
v -34.5000 -3.7755 28.0000
v -34.5000 -5.2857 28.0000
v -34.5000 -5.2857 30.0000
v -34.5000 -3.7755 30.0000
v -34.5000 -2.2653 28.0000
v -34.5000 -3.7755 28.0000
v -34.5000 -3.7755 30.0000
v -34.5000 -2.2653 30.0000
v -34.5000 -0.7551 28.0000
v -34.5000 -2.2653 28.0000
v -34.5000 -2.2653 30.0000
v -34.5000 -0.7551 30.0000
v -34.5000 0.7551 28.0000
v -34.5000 -0.7551 28.0000
v -34.5000 -0.7551 30.0000
v -34.5000 0.7551 30.0000
v -34.5000 2.2653 28.0000
v -34.5000 0.7551 28.0000
v -34.5000 0.7551 30.0000
v -34.5000 2.2653 30.0000
v -34.5000 3.7755 28.0000
v -34.5000 2.2653 28.0000
v -34.5000 2.2653 30.0000
v -34.5000 3.7755 30.0000
v -34.5000 5.2857 28.0000
v -34.5000 3.7755 28.0000
v -34.5000 3.7755 30.0000
v -34.5000 5.2857 30.0000
v -34.5000 6.7959 28.0000
v -34.5000 5.2857 28.0000
v -34.5000 5.2857 30.0000
v -34.5000 6.7959 30.0000
v -34.5000 8.3061 28.0000
v -34.5000 6.7959 28.0000
v -34.5000 6.7959 30.0000
v -34.5000 8.3061 30.0000
v -34.5000 9.8163 28.0000
v -34.5000 8.3061 28.0000
v -34.5000 8.3061 30.0000
v -34.5000 9.8163 30.0000
v -34.5000 11.3265 28.0000
v -34.5000 9.8163 28.0000
v -34.5000 9.8163 30.0000
v -34.5000 11.3265 30.0000
v -34.5000 12.8367 28.0000
v -34.5000 11.3265 28.0000
v -34.5000 11.3265 30.0000
v -34.5000 12.8367 30.0000
v -34.5000 14.3469 28.0000
v -34.5000 12.8367 28.0000
v -34.5000 12.8367 30.0000
v -34.5000 14.3469 30.0000
v -34.5000 15.8571 28.0000
v -34.5000 14.3469 28.0000
v -34.5000 14.3469 30.0000
v -34.5000 15.8571 30.0000
v -34.5000 17.3673 28.0000
v -34.5000 15.8571 28.0000
v -34.5000 15.8571 30.0000
v -34.5000 17.3673 30.0000
v -34.5000 18.8776 28.0000
v -34.5000 17.3673 28.0000
v -34.5000 17.3673 30.0000
v -34.5000 18.8776 30.0000
v -34.5000 20.3878 28.0000
v -34.5000 18.8776 28.0000
v -34.5000 18.8776 30.0000
v -34.5000 20.3878 30.0000
v -34.5000 21.8980 28.0000
v -34.5000 20.3878 28.0000
v -34.5000 20.3878 30.0000
v -34.5000 21.8980 30.0000
v -34.5000 23.4082 28.0000
v -34.5000 21.8980 28.0000
v -34.5000 21.8980 30.0000
v -34.5000 23.4082 30.0000
v -34.5000 24.9184 28.0000
v -34.5000 23.4082 28.0000
v -34.5000 23.4082 30.0000
v -34.5000 24.9184 30.0000
v -34.5000 26.4286 28.0000
v -34.5000 24.9184 28.0000
v -34.5000 24.9184 30.0000
v -34.5000 26.4286 30.0000
v -34.5000 27.9388 28.0000
v -34.5000 26.4286 28.0000
v -34.5000 26.4286 30.0000
v -34.5000 27.9388 30.0000
v -34.5000 29.4490 28.0000
v -34.5000 27.9388 28.0000
v -34.5000 27.9388 30.0000
v -34.5000 29.4490 30.0000
v -34.5000 30.9592 28.0000
v -34.5000 29.4490 28.0000
v -34.5000 29.4490 30.0000
v -34.5000 30.9592 30.0000
v -34.5000 32.4694 28.0000
v -34.5000 30.9592 28.0000
v -34.5000 30.9592 30.0000
v -34.5000 32.4694 30.0000
v -34.5000 33.9796 28.0000
v -34.5000 33.9796 30.0000
v -34.5000 35.4898 28.0000
v -34.5000 35.4898 30.0000
v -34.5000 37.0000 28.0000
v -34.5000 35.4898 28.0000
v -34.5000 35.4898 30.0000
v -34.5000 37.0000 30.0000
v -33.0000 -35.4898 28.0000
v -33.0000 -37.0000 28.0000
v -33.0000 -37.0000 30.0000
v -33.0000 -35.4898 30.0000
v -33.0000 -33.9796 28.0000
v -33.0000 -33.9796 30.0000
v -33.0000 -32.4694 28.0000
v -33.0000 -33.9796 28.0000
v -33.0000 -33.9796 30.0000
v -33.0000 -32.4694 30.0000
v -33.0000 -30.9592 28.0000
v -33.0000 -30.9592 30.0000
v -33.0000 -29.4490 28.0000
v -33.0000 -30.9592 28.0000
v -33.0000 -30.9592 30.0000
v -33.0000 -29.4490 30.0000
v -33.0000 -27.9388 28.0000
v -33.0000 -27.9388 30.0000
v -33.0000 -26.4286 28.0000
v -33.0000 -26.4286 30.0000
v -33.0000 -24.9184 28.0000
v -33.0000 -26.4286 28.0000
v -33.0000 -26.4286 30.0000
v -33.0000 -24.9184 30.0000
v -33.0000 -23.4082 28.0000
v -33.0000 -23.4082 30.0000
v -33.0000 -21.8980 28.0000
v -33.0000 -21.8980 30.0000
v -33.0000 -20.3878 28.0000
v -33.0000 -21.8980 28.0000
v -33.0000 -21.8980 30.0000
v -33.0000 -20.3878 30.0000
v -33.0000 -18.8776 28.0000
v -33.0000 -18.8776 30.0000
v -33.0000 -3.7755 28.0000
v -33.0000 -5.2857 28.0000
v -33.0000 -5.2857 30.0000
v -33.0000 -3.7755 30.0000
v -33.0000 -2.2653 28.0000
v -33.0000 -3.7755 28.0000
v -33.0000 -3.7755 30.0000
v -33.0000 -2.2653 30.0000
v -33.0000 -0.7551 28.0000
v -33.0000 -2.2653 28.0000
v -33.0000 -2.2653 30.0000
v -33.0000 -0.7551 30.0000
v -33.0000 0.7551 28.0000
v -33.0000 -0.7551 28.0000
v -33.0000 -0.7551 30.0000
v -33.0000 0.7551 30.0000
v -33.0000 2.2653 28.0000
v -33.0000 0.7551 28.0000
v -33.0000 0.7551 30.0000
v -33.0000 2.2653 30.0000
v -33.0000 3.7755 28.0000
v -33.0000 2.2653 28.0000
v -33.0000 2.2653 30.0000
v -33.0000 3.7755 30.0000
v -33.0000 5.2857 28.0000
v -33.0000 3.7755 28.0000
v -33.0000 3.7755 30.0000
v -33.0000 5.2857 30.0000
v -33.0000 6.7959 28.0000
v -33.0000 5.2857 28.0000
v -33.0000 5.2857 30.0000
v -33.0000 6.7959 30.0000
v -33.0000 8.3061 28.0000
v -33.0000 6.7959 28.0000
v -33.0000 6.7959 30.0000
v -33.0000 8.3061 30.0000
v -33.0000 9.8163 28.0000
v -33.0000 8.3061 28.0000
v -33.0000 8.3061 30.0000
v -33.0000 9.8163 30.0000
v -33.0000 11.3265 28.0000
v -33.0000 9.8163 28.0000
v -33.0000 9.8163 30.0000
v -33.0000 11.3265 30.0000
v -33.0000 12.8367 28.0000
v -33.0000 11.3265 28.0000
v -33.0000 11.3265 30.0000
v -33.0000 12.8367 30.0000
v -33.0000 14.3469 28.0000
v -33.0000 12.8367 28.0000
v -33.0000 12.8367 30.0000
v -33.0000 14.3469 30.0000
v -33.0000 15.8571 28.0000
v -33.0000 14.3469 28.0000
v -33.0000 14.3469 30.0000
v -33.0000 15.8571 30.0000
v -33.0000 17.3673 28.0000
v -33.0000 15.8571 28.0000
v -33.0000 15.8571 30.0000
v -33.0000 17.3673 30.0000
v -33.0000 18.8776 28.0000
v -33.0000 17.3673 28.0000
v -33.0000 17.3673 30.0000
v -33.0000 18.8776 30.0000
v -33.0000 20.3878 28.0000
v -33.0000 18.8776 28.0000
v -33.0000 18.8776 30.0000
v -33.0000 20.3878 30.0000
v -33.0000 21.8980 28.0000
v -33.0000 20.3878 28.0000
v -33.0000 20.3878 30.0000
v -33.0000 21.8980 30.0000
v -33.0000 23.4082 28.0000
v -33.0000 21.8980 28.0000
v -33.0000 21.8980 30.0000
v -33.0000 23.4082 30.0000
v -33.0000 24.9184 28.0000
v -33.0000 23.4082 28.0000
v -33.0000 23.4082 30.0000
v -33.0000 24.9184 30.0000
v -33.0000 26.4286 28.0000
v -33.0000 24.9184 28.0000
v -33.0000 24.9184 30.0000
v -33.0000 26.4286 30.0000
v -33.0000 27.9388 28.0000
v -33.0000 26.4286 28.0000
v -33.0000 26.4286 30.0000
v -33.0000 27.9388 30.0000
v -33.0000 29.4490 28.0000
v -33.0000 27.9388 28.0000
v -33.0000 27.9388 30.0000
v -33.0000 29.4490 30.0000
v -33.0000 30.9592 28.0000
v -33.0000 29.4490 28.0000
v -33.0000 29.4490 30.0000
v -33.0000 30.9592 30.0000
v -33.0000 32.4694 28.0000
v -33.0000 30.9592 28.0000
v -33.0000 30.9592 30.0000
v -33.0000 32.4694 30.0000
v -33.0000 33.9796 28.0000
v -33.0000 33.9796 30.0000
v -33.0000 35.4898 28.0000
v -33.0000 35.4898 30.0000
v -33.0000 37.0000 28.0000
v -33.0000 35.4898 28.0000
v -33.0000 35.4898 30.0000
v -33.0000 37.0000 30.0000
v -31.5000 -35.4898 28.0000
v -31.5000 -37.0000 28.0000
v -31.5000 -37.0000 30.0000
v -31.5000 -35.4898 30.0000
v -31.5000 -33.9796 28.0000
v -31.5000 -33.9796 30.0000
v -31.5000 -32.4694 28.0000
v -31.5000 -33.9796 28.0000
v -31.5000 -33.9796 30.0000
v -31.5000 -32.4694 30.0000
v -31.5000 -30.9592 28.0000
v -31.5000 -30.9592 30.0000
v -31.5000 -29.4490 28.0000
v -31.5000 -30.9592 28.0000
v -31.5000 -30.9592 30.0000
v -31.5000 -29.4490 30.0000
v -31.5000 -27.9388 28.0000
v -31.5000 -27.9388 30.0000
v -31.5000 -26.4286 28.0000
v -31.5000 -26.4286 30.0000
v -31.5000 -24.9184 28.0000
v -31.5000 -26.4286 28.0000
v -31.5000 -26.4286 30.0000
v -31.5000 -24.9184 30.0000
v -31.5000 -23.4082 28.0000
v -31.5000 -23.4082 30.0000
v -31.5000 -21.8980 28.0000
v -31.5000 -21.8980 30.0000
v -31.5000 -20.3878 28.0000
v -31.5000 -21.8980 28.0000
v -31.5000 -21.8980 30.0000
v -31.5000 -20.3878 30.0000
v -31.5000 -18.8776 28.0000
v -31.5000 -18.8776 30.0000
v -31.5000 -3.7755 28.0000
v -31.5000 -5.2857 28.0000
v -31.5000 -5.2857 30.0000
v -31.5000 -3.7755 30.0000
v -31.5000 -2.2653 28.0000
v -31.5000 -3.7755 28.0000
v -31.5000 -3.7755 30.0000
v -31.5000 -2.2653 30.0000
v -31.5000 -0.7551 28.0000
v -31.5000 -2.2653 28.0000
v -31.5000 -2.2653 30.0000
v -31.5000 -0.7551 30.0000
v -31.5000 0.7551 28.0000
v -31.5000 -0.7551 28.0000
v -31.5000 -0.7551 30.0000
v -31.5000 0.7551 30.0000
v -31.5000 2.2653 28.0000
v -31.5000 0.7551 28.0000
v -31.5000 0.7551 30.0000
v -31.5000 2.2653 30.0000
v -31.5000 3.7755 28.0000
v -31.5000 2.2653 28.0000
v -31.5000 2.2653 30.0000
v -31.5000 3.7755 30.0000
v -31.5000 5.2857 28.0000
v -31.5000 3.7755 28.0000
v -31.5000 3.7755 30.0000
v -31.5000 5.2857 30.0000
v -31.5000 6.7959 28.0000
v -31.5000 5.2857 28.0000
v -31.5000 5.2857 30.0000
v -31.5000 6.7959 30.0000
v -31.5000 8.3061 28.0000
v -31.5000 6.7959 28.0000
v -31.5000 6.7959 30.0000
v -31.5000 8.3061 30.0000
v -31.5000 9.8163 28.0000
v -31.5000 8.3061 28.0000
v -31.5000 8.3061 30.0000
v -31.5000 9.8163 30.0000
v -31.5000 11.3265 28.0000
v -31.5000 9.8163 28.0000
v -31.5000 9.8163 30.0000
v -31.5000 11.3265 30.0000
v -31.5000 12.8367 28.0000
v -31.5000 11.3265 28.0000
v -31.5000 11.3265 30.0000
v -31.5000 12.8367 30.0000
v -31.5000 14.3469 28.0000
v -31.5000 12.8367 28.0000
v -31.5000 12.8367 30.0000
v -31.5000 14.3469 30.0000
v -31.5000 21.8980 28.0000
v -31.5000 20.3878 28.0000
v -31.5000 20.3878 30.0000
v -31.5000 21.8980 30.0000
v -31.5000 23.4082 28.0000
v -31.5000 21.8980 28.0000
v -31.5000 21.8980 30.0000
v -31.5000 23.4082 30.0000
v -31.5000 24.9184 28.0000
v -31.5000 23.4082 28.0000
v -31.5000 23.4082 30.0000
v -31.5000 24.9184 30.0000
v -31.5000 26.4286 28.0000
v -31.5000 24.9184 28.0000
v -31.5000 24.9184 30.0000
v -31.5000 26.4286 30.0000
v -31.5000 27.9388 28.0000
v -31.5000 26.4286 28.0000
v -31.5000 26.4286 30.0000
v -31.5000 27.9388 30.0000
v -31.5000 29.4490 28.0000
v -31.5000 27.9388 28.0000
v -31.5000 27.9388 30.0000
v -31.5000 29.4490 30.0000
v -31.5000 30.9592 28.0000
v -31.5000 29.4490 28.0000
v -31.5000 29.4490 30.0000
v -31.5000 30.9592 30.0000
v -31.5000 32.4694 28.0000
v -31.5000 30.9592 28.0000
v -31.5000 30.9592 30.0000
v -31.5000 32.4694 30.0000
v -31.5000 33.9796 28.0000
v -31.5000 33.9796 30.0000
v -31.5000 35.4898 28.0000
v -31.5000 35.4898 30.0000
v -31.5000 37.0000 28.0000
v -31.5000 35.4898 28.0000
v -31.5000 35.4898 30.0000
v -31.5000 37.0000 30.0000
v -30.0000 -35.4898 28.0000
v -30.0000 -37.0000 28.0000
v -30.0000 -37.0000 30.0000
v -30.0000 -35.4898 30.0000
v -30.0000 -33.9796 28.0000
v -30.0000 -33.9796 30.0000
v -30.0000 -32.4694 28.0000
v -30.0000 -33.9796 28.0000
v -30.0000 -33.9796 30.0000
v -30.0000 -32.4694 30.0000
v -30.0000 -30.9592 28.0000
v -30.0000 -30.9592 30.0000
v -30.0000 -29.4490 28.0000
v -30.0000 -30.9592 28.0000
v -30.0000 -30.9592 30.0000
v -30.0000 -29.4490 30.0000
v -30.0000 -27.9388 28.0000
v -30.0000 -27.9388 30.0000
v -30.0000 -26.4286 28.0000
v -30.0000 -26.4286 30.0000
v -30.0000 -24.9184 28.0000
v -30.0000 -26.4286 28.0000
v -30.0000 -26.4286 30.0000
v -30.0000 -24.9184 30.0000
v -30.0000 -23.4082 28.0000
v -30.0000 -23.4082 30.0000
v -30.0000 -21.8980 28.0000
v -30.0000 -21.8980 30.0000
v -30.0000 -20.3878 28.0000
v -30.0000 -21.8980 28.0000
v -30.0000 -21.8980 30.0000
v -30.0000 -20.3878 30.0000
v -30.0000 -18.8776 28.0000
v -30.0000 -18.8776 30.0000
v -30.0000 -3.7755 28.0000
v -30.0000 -5.2857 28.0000
v -30.0000 -5.2857 30.0000
v -30.0000 -3.7755 30.0000
v -30.0000 -2.2653 28.0000
v -30.0000 -3.7755 28.0000
v -30.0000 -3.7755 30.0000
v -30.0000 -2.2653 30.0000
v -30.0000 -0.7551 28.0000
v -30.0000 -2.2653 28.0000
v -30.0000 -2.2653 30.0000
v -30.0000 -0.7551 30.0000
v -30.0000 0.7551 28.0000
v -30.0000 -0.7551 28.0000
v -30.0000 -0.7551 30.0000
v -30.0000 0.7551 30.0000
v -30.0000 2.2653 28.0000
v -30.0000 0.7551 28.0000
v -30.0000 0.7551 30.0000
v -30.0000 2.2653 30.0000
v -30.0000 3.7755 28.0000
v -30.0000 2.2653 28.0000
v -30.0000 2.2653 30.0000
v -30.0000 3.7755 30.0000
v -30.0000 5.2857 28.0000
v -30.0000 3.7755 28.0000
v -30.0000 3.7755 30.0000
v -30.0000 5.2857 30.0000
v -30.0000 6.7959 28.0000
v -30.0000 5.2857 28.0000
v -30.0000 5.2857 30.0000
v -30.0000 6.7959 30.0000
v -30.0000 8.3061 28.0000
v -30.0000 6.7959 28.0000
v -30.0000 6.7959 30.0000
v -30.0000 8.3061 30.0000
v -30.0000 9.8163 28.0000
v -30.0000 8.3061 28.0000
v -30.0000 8.3061 30.0000
v -30.0000 9.8163 30.0000
v -30.0000 11.3265 28.0000
v -30.0000 9.8163 28.0000
v -30.0000 9.8163 30.0000
v -30.0000 11.3265 30.0000
v -30.0000 24.9184 28.0000
v -30.0000 23.4082 28.0000
v -30.0000 23.4082 30.0000
v -30.0000 24.9184 30.0000
v -30.0000 26.4286 28.0000
v -30.0000 24.9184 28.0000
v -30.0000 24.9184 30.0000
v -30.0000 26.4286 30.0000
v -30.0000 27.9388 28.0000
v -30.0000 26.4286 28.0000
v -30.0000 26.4286 30.0000
v -30.0000 27.9388 30.0000
v -30.0000 29.4490 28.0000
v -30.0000 27.9388 28.0000
v -30.0000 27.9388 30.0000
v -30.0000 29.4490 30.0000
v -30.0000 30.9592 28.0000
v -30.0000 29.4490 28.0000
v -30.0000 29.4490 30.0000
v -30.0000 30.9592 30.0000
v -30.0000 32.4694 28.0000
v -30.0000 30.9592 28.0000
v -30.0000 30.9592 30.0000
v -30.0000 32.4694 30.0000
v -30.0000 33.9796 28.0000
v -30.0000 33.9796 30.0000
v -30.0000 35.4898 28.0000
v -30.0000 35.4898 30.0000
v -30.0000 37.0000 28.0000
v -30.0000 35.4898 28.0000
v -30.0000 35.4898 30.0000
v -30.0000 37.0000 30.0000
v -28.5000 -35.4898 28.0000
v -28.5000 -37.0000 28.0000
v -28.5000 -37.0000 30.0000
v -28.5000 -35.4898 30.0000
v -28.5000 -33.9796 28.0000
v -28.5000 -33.9796 30.0000
v -28.5000 -32.4694 28.0000
v -28.5000 -33.9796 28.0000
v -28.5000 -33.9796 30.0000
v -28.5000 -32.4694 30.0000
v -28.5000 -30.9592 28.0000
v -28.5000 -30.9592 30.0000
v -28.5000 -29.4490 28.0000
v -28.5000 -30.9592 28.0000
v -28.5000 -30.9592 30.0000
v -28.5000 -29.4490 30.0000
v -28.5000 -27.9388 28.0000
v -28.5000 -27.9388 30.0000
v -28.5000 -26.4286 28.0000
v -28.5000 -26.4286 30.0000
v -28.5000 -24.9184 28.0000
v -28.5000 -26.4286 28.0000
v -28.5000 -26.4286 30.0000
v -28.5000 -24.9184 30.0000
v -28.5000 -23.4082 28.0000
v -28.5000 -23.4082 30.0000
v -28.5000 -21.8980 28.0000
v -28.5000 -21.8980 30.0000
v -28.5000 -20.3878 28.0000
v -28.5000 -21.8980 28.0000
v -28.5000 -21.8980 30.0000
v -28.5000 -20.3878 30.0000
v -28.5000 -18.8776 28.0000
v -28.5000 -18.8776 30.0000
v -28.5000 -3.7755 28.0000
v -28.5000 -5.2857 28.0000
v -28.5000 -5.2857 30.0000
v -28.5000 -3.7755 30.0000
v -28.5000 -2.2653 28.0000
v -28.5000 -3.7755 28.0000
v -28.5000 -3.7755 30.0000
v -28.5000 -2.2653 30.0000
v -28.5000 -0.7551 28.0000
v -28.5000 -2.2653 28.0000
v -28.5000 -2.2653 30.0000
v -28.5000 -0.7551 30.0000
v -28.5000 0.7551 28.0000
v -28.5000 -0.7551 28.0000
v -28.5000 -0.7551 30.0000
v -28.5000 0.7551 30.0000
v -28.5000 2.2653 28.0000
v -28.5000 0.7551 28.0000
v -28.5000 0.7551 30.0000
v -28.5000 2.2653 30.0000
v -28.5000 3.7755 28.0000
v -28.5000 2.2653 28.0000
v -28.5000 2.2653 30.0000
v -28.5000 3.7755 30.0000
v -28.5000 5.2857 28.0000
v -28.5000 3.7755 28.0000
v -28.5000 3.7755 30.0000
v -28.5000 5.2857 30.0000
v -28.5000 6.7959 28.0000
v -28.5000 5.2857 28.0000
v -28.5000 5.2857 30.0000
v -28.5000 6.7959 30.0000
v -28.5000 8.3061 28.0000
v -28.5000 6.7959 28.0000
v -28.5000 6.7959 30.0000
v -28.5000 8.3061 30.0000
v -28.5000 9.8163 28.0000
v -28.5000 8.3061 28.0000
v -28.5000 8.3061 30.0000
v -28.5000 9.8163 30.0000
v -28.5000 11.3265 28.0000
v -28.5000 9.8163 28.0000
v -28.5000 9.8163 30.0000
v -28.5000 11.3265 30.0000
v -28.5000 26.4286 28.0000
v -28.5000 24.9184 28.0000
v -28.5000 24.9184 30.0000
v -28.5000 26.4286 30.0000
v -28.5000 27.9388 28.0000
v -28.5000 26.4286 28.0000
v -28.5000 26.4286 30.0000
v -28.5000 27.9388 30.0000
v -28.5000 29.4490 28.0000
v -28.5000 27.9388 28.0000
v -28.5000 27.9388 30.0000
v -28.5000 29.4490 30.0000
v -28.5000 30.9592 28.0000
v -28.5000 29.4490 28.0000
v -28.5000 29.4490 30.0000
v -28.5000 30.9592 30.0000
v -28.5000 32.4694 28.0000
v -28.5000 30.9592 28.0000
v -28.5000 30.9592 30.0000
v -28.5000 32.4694 30.0000
v -28.5000 33.9796 28.0000
v -28.5000 33.9796 30.0000
v -28.5000 35.4898 28.0000
v -28.5000 35.4898 30.0000
v -28.5000 37.0000 28.0000
v -28.5000 35.4898 28.0000
v -28.5000 35.4898 30.0000
v -28.5000 37.0000 30.0000
v -27.0000 -35.4898 28.0000
v -27.0000 -37.0000 28.0000
v -27.0000 -37.0000 30.0000
v -27.0000 -35.4898 30.0000
v -27.0000 -33.9796 28.0000
v -27.0000 -33.9796 30.0000
v -27.0000 -32.4694 28.0000
v -27.0000 -33.9796 28.0000
v -27.0000 -33.9796 30.0000
v -27.0000 -32.4694 30.0000
v -27.0000 -30.9592 28.0000
v -27.0000 -30.9592 30.0000
v -27.0000 -29.4490 28.0000
v -27.0000 -30.9592 28.0000
v -27.0000 -30.9592 30.0000
v -27.0000 -29.4490 30.0000
v -27.0000 -27.9388 28.0000
v -27.0000 -27.9388 30.0000
v -27.0000 -26.4286 28.0000
v -27.0000 -26.4286 30.0000
v -27.0000 -24.9184 28.0000
v -27.0000 -26.4286 28.0000
v -27.0000 -26.4286 30.0000
v -27.0000 -24.9184 30.0000
v -27.0000 -23.4082 28.0000
v -27.0000 -23.4082 30.0000
v -27.0000 -21.8980 28.0000
v -27.0000 -21.8980 30.0000
v -27.0000 -20.3878 28.0000
v -27.0000 -21.8980 28.0000
v -27.0000 -21.8980 30.0000
v -27.0000 -20.3878 30.0000
v -27.0000 -18.8776 28.0000
v -27.0000 -18.8776 30.0000
v -27.0000 -3.7755 28.0000
v -27.0000 -5.2857 28.0000
v -27.0000 -5.2857 30.0000
v -27.0000 -3.7755 30.0000
v -27.0000 -2.2653 28.0000
v -27.0000 -3.7755 28.0000
v -27.0000 -3.7755 30.0000
v -27.0000 -2.2653 30.0000
v -27.0000 -0.7551 28.0000
v -27.0000 -2.2653 28.0000
v -27.0000 -2.2653 30.0000
v -27.0000 -0.7551 30.0000
v -27.0000 0.7551 28.0000
v -27.0000 -0.7551 28.0000
v -27.0000 -0.7551 30.0000
v -27.0000 0.7551 30.0000
v -27.0000 2.2653 28.0000
v -27.0000 0.7551 28.0000
v -27.0000 0.7551 30.0000
v -27.0000 2.2653 30.0000
v -27.0000 3.7755 28.0000
v -27.0000 2.2653 28.0000
v -27.0000 2.2653 30.0000
v -27.0000 3.7755 30.0000
v -27.0000 5.2857 28.0000
v -27.0000 3.7755 28.0000
v -27.0000 3.7755 30.0000
v -27.0000 5.2857 30.0000
v -27.0000 6.7959 28.0000
v -27.0000 5.2857 28.0000
v -27.0000 5.2857 30.0000
v -27.0000 6.7959 30.0000
v -27.0000 8.3061 28.0000
v -27.0000 6.7959 28.0000
v -27.0000 6.7959 30.0000
v -27.0000 8.3061 30.0000
v -27.0000 9.8163 28.0000
v -27.0000 8.3061 28.0000
v -27.0000 8.3061 30.0000
v -27.0000 9.8163 30.0000
v -27.0000 26.4286 28.0000
v -27.0000 24.9184 28.0000
v -27.0000 24.9184 30.0000
v -27.0000 26.4286 30.0000
v -27.0000 27.9388 28.0000
v -27.0000 26.4286 28.0000
v -27.0000 26.4286 30.0000
v -27.0000 27.9388 30.0000
v -27.0000 29.4490 28.0000
v -27.0000 27.9388 28.0000
v -27.0000 27.9388 30.0000
v -27.0000 29.4490 30.0000
v -27.0000 30.9592 28.0000
v -27.0000 29.4490 28.0000
v -27.0000 29.4490 30.0000
v -27.0000 30.9592 30.0000
v -27.0000 32.4694 28.0000
v -27.0000 30.9592 28.0000
v -27.0000 30.9592 30.0000
v -27.0000 32.4694 30.0000
v -27.0000 33.9796 28.0000
v -27.0000 33.9796 30.0000
v -27.0000 35.4898 28.0000
v -27.0000 35.4898 30.0000
v -27.0000 37.0000 28.0000
v -27.0000 35.4898 28.0000
v -27.0000 35.4898 30.0000
v -27.0000 37.0000 30.0000
v -25.5000 -35.4898 28.0000
v -25.5000 -37.0000 28.0000
v -25.5000 -37.0000 30.0000
v -25.5000 -35.4898 30.0000
v -25.5000 -33.9796 28.0000
v -25.5000 -33.9796 30.0000
v -25.5000 -32.4694 28.0000
v -25.5000 -33.9796 28.0000
v -25.5000 -33.9796 30.0000
v -25.5000 -32.4694 30.0000
v -25.5000 -30.9592 28.0000
v -25.5000 -30.9592 30.0000
v -25.5000 -29.4490 28.0000
v -25.5000 -30.9592 28.0000
v -25.5000 -30.9592 30.0000
v -25.5000 -29.4490 30.0000
v -25.5000 -27.9388 28.0000
v -25.5000 -27.9388 30.0000
v -25.5000 -26.4286 28.0000
v -25.5000 -26.4286 30.0000
v -25.5000 -24.9184 28.0000
v -25.5000 -26.4286 28.0000
v -25.5000 -26.4286 30.0000
v -25.5000 -24.9184 30.0000
v -25.5000 -23.4082 28.0000
v -25.5000 -23.4082 30.0000
v -25.5000 -21.8980 28.0000
v -25.5000 -21.8980 30.0000
v -25.5000 -20.3878 28.0000
v -25.5000 -21.8980 28.0000
v -25.5000 -21.8980 30.0000
v -25.5000 -20.3878 30.0000
v -25.5000 -18.8776 28.0000
v -25.5000 -18.8776 30.0000
v -25.5000 -3.7755 28.0000
v -25.5000 -5.2857 28.0000
v -25.5000 -5.2857 30.0000
v -25.5000 -3.7755 30.0000
v -25.5000 -2.2653 28.0000
v -25.5000 -3.7755 28.0000
v -25.5000 -3.7755 30.0000
v -25.5000 -2.2653 30.0000
v -25.5000 -0.7551 28.0000
v -25.5000 -2.2653 28.0000
v -25.5000 -2.2653 30.0000
v -25.5000 -0.7551 30.0000
v -25.5000 0.7551 28.0000
v -25.5000 -0.7551 28.0000
v -25.5000 -0.7551 30.0000
v -25.5000 0.7551 30.0000
v -25.5000 2.2653 28.0000
v -25.5000 0.7551 28.0000
v -25.5000 0.7551 30.0000
v -25.5000 2.2653 30.0000
v -25.5000 3.7755 28.0000
v -25.5000 2.2653 28.0000
v -25.5000 2.2653 30.0000
v -25.5000 3.7755 30.0000
v -25.5000 5.2857 28.0000
v -25.5000 3.7755 28.0000
v -25.5000 3.7755 30.0000
v -25.5000 5.2857 30.0000
v -25.5000 6.7959 28.0000
v -25.5000 5.2857 28.0000
v -25.5000 5.2857 30.0000
v -25.5000 6.7959 30.0000
v -25.5000 8.3061 28.0000
v -25.5000 6.7959 28.0000
v -25.5000 6.7959 30.0000
v -25.5000 8.3061 30.0000
v -25.5000 9.8163 28.0000
v -25.5000 8.3061 28.0000
v -25.5000 8.3061 30.0000
v -25.5000 9.8163 30.0000
v -25.5000 26.4286 28.0000
v -25.5000 24.9184 28.0000
v -25.5000 24.9184 30.0000
v -25.5000 26.4286 30.0000
v -25.5000 27.9388 28.0000
v -25.5000 26.4286 28.0000
v -25.5000 26.4286 30.0000
v -25.5000 27.9388 30.0000
v -25.5000 29.4490 28.0000
v -25.5000 27.9388 28.0000
v -25.5000 27.9388 30.0000
v -25.5000 29.4490 30.0000
v -25.5000 30.9592 28.0000
v -25.5000 29.4490 28.0000
v -25.5000 29.4490 30.0000
v -25.5000 30.9592 30.0000
v -25.5000 32.4694 28.0000
v -25.5000 30.9592 28.0000
v -25.5000 30.9592 30.0000
v -25.5000 32.4694 30.0000
v -25.5000 33.9796 28.0000
v -25.5000 33.9796 30.0000
v -25.5000 35.4898 28.0000
v -25.5000 35.4898 30.0000
v -25.5000 37.0000 28.0000
v -25.5000 35.4898 28.0000
v -25.5000 35.4898 30.0000
v -25.5000 37.0000 30.0000
v -24.0000 -35.4898 28.0000
v -24.0000 -37.0000 28.0000
v -24.0000 -37.0000 30.0000
v -24.0000 -35.4898 30.0000
v -24.0000 -33.9796 28.0000
v -24.0000 -33.9796 30.0000
v -24.0000 -32.4694 28.0000
v -24.0000 -33.9796 28.0000
v -24.0000 -33.9796 30.0000
v -24.0000 -32.4694 30.0000
v -24.0000 -30.9592 28.0000
v -24.0000 -30.9592 30.0000
v -24.0000 -29.4490 28.0000
v -24.0000 -30.9592 28.0000
v -24.0000 -30.9592 30.0000
v -24.0000 -29.4490 30.0000
v -24.0000 -27.9388 28.0000
v -24.0000 -27.9388 30.0000
v -24.0000 -26.4286 28.0000
v -24.0000 -26.4286 30.0000
v -24.0000 -24.9184 28.0000
v -24.0000 -26.4286 28.0000
v -24.0000 -26.4286 30.0000
v -24.0000 -24.9184 30.0000
v -24.0000 -23.4082 28.0000
v -24.0000 -23.4082 30.0000
v -24.0000 -21.8980 28.0000
v -24.0000 -21.8980 30.0000
v -24.0000 -20.3878 28.0000
v -24.0000 -21.8980 28.0000
v -24.0000 -21.8980 30.0000
v -24.0000 -20.3878 30.0000
v -24.0000 -18.8776 28.0000
v -24.0000 -18.8776 30.0000
v -24.0000 -3.7755 28.0000
v -24.0000 -5.2857 28.0000
v -24.0000 -5.2857 30.0000
v -24.0000 -3.7755 30.0000
v -24.0000 -2.2653 28.0000
v -24.0000 -3.7755 28.0000
v -24.0000 -3.7755 30.0000
v -24.0000 -2.2653 30.0000
v -24.0000 -0.7551 28.0000
v -24.0000 -2.2653 28.0000
v -24.0000 -2.2653 30.0000
v -24.0000 -0.7551 30.0000
v -24.0000 0.7551 28.0000
v -24.0000 -0.7551 28.0000
v -24.0000 -0.7551 30.0000
v -24.0000 0.7551 30.0000
v -24.0000 2.2653 28.0000
v -24.0000 0.7551 28.0000
v -24.0000 0.7551 30.0000
v -24.0000 2.2653 30.0000
v -24.0000 3.7755 28.0000
v -24.0000 2.2653 28.0000
v -24.0000 2.2653 30.0000
v -24.0000 3.7755 30.0000
v -24.0000 5.2857 28.0000
v -24.0000 3.7755 28.0000
v -24.0000 3.7755 30.0000
v -24.0000 5.2857 30.0000
v -24.0000 6.7959 28.0000
v -24.0000 5.2857 28.0000
v -24.0000 5.2857 30.0000
v -24.0000 6.7959 30.0000
v -24.0000 8.3061 28.0000
v -24.0000 6.7959 28.0000
v -24.0000 6.7959 30.0000
v -24.0000 8.3061 30.0000
v -24.0000 9.8163 28.0000
v -24.0000 8.3061 28.0000
v -24.0000 8.3061 30.0000
v -24.0000 9.8163 30.0000
v -24.0000 26.4286 28.0000
v -24.0000 24.9184 28.0000
v -24.0000 24.9184 30.0000
v -24.0000 26.4286 30.0000
v -24.0000 27.9388 28.0000
v -24.0000 26.4286 28.0000
v -24.0000 26.4286 30.0000
v -24.0000 27.9388 30.0000
v -24.0000 29.4490 28.0000
v -24.0000 27.9388 28.0000
v -24.0000 27.9388 30.0000
v -24.0000 29.4490 30.0000
v -24.0000 30.9592 28.0000
v -24.0000 29.4490 28.0000
v -24.0000 29.4490 30.0000
v -24.0000 30.9592 30.0000
v -24.0000 32.4694 28.0000
v -24.0000 30.9592 28.0000
v -24.0000 30.9592 30.0000
v -24.0000 32.4694 30.0000
v -24.0000 33.9796 28.0000
v -24.0000 33.9796 30.0000
v -24.0000 35.4898 28.0000
v -24.0000 35.4898 30.0000
v -24.0000 37.0000 28.0000
v -24.0000 35.4898 28.0000
v -24.0000 35.4898 30.0000
v -24.0000 37.0000 30.0000
v -22.5000 -35.4898 28.0000
v -22.5000 -37.0000 28.0000
v -22.5000 -37.0000 30.0000
v -22.5000 -35.4898 30.0000
v -22.5000 -33.9796 28.0000
v -22.5000 -33.9796 30.0000
v -22.5000 -32.4694 28.0000
v -22.5000 -33.9796 28.0000
v -22.5000 -33.9796 30.0000
v -22.5000 -32.4694 30.0000
v -22.5000 -30.9592 28.0000
v -22.5000 -30.9592 30.0000
v -22.5000 -29.4490 28.0000
v -22.5000 -30.9592 28.0000
v -22.5000 -30.9592 30.0000
v -22.5000 -29.4490 30.0000
v -22.5000 -27.9388 28.0000
v -22.5000 -27.9388 30.0000
v -22.5000 -26.4286 28.0000
v -22.5000 -26.4286 30.0000
v -22.5000 -24.9184 28.0000
v -22.5000 -26.4286 28.0000
v -22.5000 -26.4286 30.0000
v -22.5000 -24.9184 30.0000
v -22.5000 -23.4082 28.0000
v -22.5000 -23.4082 30.0000
v -22.5000 -21.8980 28.0000
v -22.5000 -21.8980 30.0000
v -22.5000 -20.3878 28.0000
v -22.5000 -21.8980 28.0000
v -22.5000 -21.8980 30.0000
v -22.5000 -20.3878 30.0000
v -22.5000 -18.8776 28.0000
v -22.5000 -18.8776 30.0000
v -22.5000 -3.7755 28.0000
v -22.5000 -5.2857 28.0000
v -22.5000 -5.2857 30.0000
v -22.5000 -3.7755 30.0000
v -22.5000 -2.2653 28.0000
v -22.5000 -3.7755 28.0000
v -22.5000 -3.7755 30.0000
v -22.5000 -2.2653 30.0000
v -22.5000 -0.7551 28.0000
v -22.5000 -2.2653 28.0000
v -22.5000 -2.2653 30.0000
v -22.5000 -0.7551 30.0000
v -22.5000 0.7551 28.0000
v -22.5000 -0.7551 28.0000
v -22.5000 -0.7551 30.0000
v -22.5000 0.7551 30.0000
v -22.5000 2.2653 28.0000
v -22.5000 0.7551 28.0000
v -22.5000 0.7551 30.0000
v -22.5000 2.2653 30.0000
v -22.5000 3.7755 28.0000
v -22.5000 2.2653 28.0000
v -22.5000 2.2653 30.0000
v -22.5000 3.7755 30.0000
v -22.5000 5.2857 28.0000
v -22.5000 3.7755 28.0000
v -22.5000 3.7755 30.0000
v -22.5000 5.2857 30.0000
v -22.5000 6.7959 28.0000
v -22.5000 5.2857 28.0000
v -22.5000 5.2857 30.0000
v -22.5000 6.7959 30.0000
v -22.5000 8.3061 28.0000
v -22.5000 6.7959 28.0000
v -22.5000 6.7959 30.0000
v -22.5000 8.3061 30.0000
v -22.5000 9.8163 28.0000
v -22.5000 8.3061 28.0000
v -22.5000 8.3061 30.0000
v -22.5000 9.8163 30.0000
v -22.5000 26.4286 28.0000
v -22.5000 24.9184 28.0000
v -22.5000 24.9184 30.0000
v -22.5000 26.4286 30.0000
v -22.5000 27.9388 28.0000
v -22.5000 26.4286 28.0000
v -22.5000 26.4286 30.0000
v -22.5000 27.9388 30.0000
v -22.5000 29.4490 28.0000
v -22.5000 27.9388 28.0000
v -22.5000 27.9388 30.0000
v -22.5000 29.4490 30.0000
v -22.5000 30.9592 28.0000
v -22.5000 29.4490 28.0000
v -22.5000 29.4490 30.0000
v -22.5000 30.9592 30.0000
v -22.5000 32.4694 28.0000
v -22.5000 30.9592 28.0000
v -22.5000 30.9592 30.0000
v -22.5000 32.4694 30.0000
v -22.5000 33.9796 28.0000
v -22.5000 33.9796 30.0000
v -22.5000 35.4898 28.0000
v -22.5000 35.4898 30.0000
v -22.5000 37.0000 28.0000
v -22.5000 35.4898 28.0000
v -22.5000 35.4898 30.0000
v -22.5000 37.0000 30.0000
v -21.0000 -35.4898 28.0000
v -21.0000 -37.0000 28.0000
v -21.0000 -37.0000 30.0000
v -21.0000 -35.4898 30.0000
v -21.0000 -33.9796 28.0000
v -21.0000 -33.9796 30.0000
v -21.0000 -32.4694 28.0000
v -21.0000 -33.9796 28.0000
v -21.0000 -33.9796 30.0000
v -21.0000 -32.4694 30.0000
v -21.0000 -30.9592 28.0000
v -21.0000 -30.9592 30.0000
v -21.0000 -29.4490 28.0000
v -21.0000 -30.9592 28.0000
v -21.0000 -30.9592 30.0000
v -21.0000 -29.4490 30.0000
v -21.0000 -27.9388 28.0000
v -21.0000 -27.9388 30.0000
v -21.0000 -26.4286 28.0000
v -21.0000 -26.4286 30.0000
v -21.0000 -24.9184 28.0000
v -21.0000 -26.4286 28.0000
v -21.0000 -26.4286 30.0000
v -21.0000 -24.9184 30.0000
v -21.0000 -23.4082 28.0000
v -21.0000 -23.4082 30.0000
v -21.0000 -21.8980 28.0000
v -21.0000 -21.8980 30.0000
v -21.0000 -20.3878 28.0000
v -21.0000 -21.8980 28.0000
v -21.0000 -21.8980 30.0000
v -21.0000 -20.3878 30.0000
v -21.0000 -18.8776 28.0000
v -21.0000 -18.8776 30.0000
v -21.0000 -3.7755 28.0000
v -21.0000 -5.2857 28.0000
v -21.0000 -5.2857 30.0000
v -21.0000 -3.7755 30.0000
v -21.0000 -2.2653 28.0000
v -21.0000 -3.7755 28.0000
v -21.0000 -3.7755 30.0000
v -21.0000 -2.2653 30.0000
v -21.0000 -0.7551 28.0000
v -21.0000 -2.2653 28.0000
v -21.0000 -2.2653 30.0000
v -21.0000 -0.7551 30.0000
v -21.0000 0.7551 28.0000
v -21.0000 -0.7551 28.0000
v -21.0000 -0.7551 30.0000
v -21.0000 0.7551 30.0000
v -21.0000 2.2653 28.0000
v -21.0000 0.7551 28.0000
v -21.0000 0.7551 30.0000
v -21.0000 2.2653 30.0000
v -21.0000 3.7755 28.0000
v -21.0000 2.2653 28.0000
v -21.0000 2.2653 30.0000
v -21.0000 3.7755 30.0000
v -21.0000 5.2857 28.0000
v -21.0000 3.7755 28.0000
v -21.0000 3.7755 30.0000
v -21.0000 5.2857 30.0000
v -21.0000 6.7959 28.0000
v -21.0000 5.2857 28.0000
v -21.0000 5.2857 30.0000
v -21.0000 6.7959 30.0000
v -21.0000 8.3061 28.0000
v -21.0000 6.7959 28.0000
v -21.0000 6.7959 30.0000
v -21.0000 8.3061 30.0000
v -21.0000 9.8163 28.0000
v -21.0000 8.3061 28.0000
v -21.0000 8.3061 30.0000
v -21.0000 9.8163 30.0000
v -21.0000 26.4286 28.0000
v -21.0000 24.9184 28.0000
v -21.0000 24.9184 30.0000
v -21.0000 26.4286 30.0000
v -21.0000 27.9388 28.0000
v -21.0000 26.4286 28.0000
v -21.0000 26.4286 30.0000
v -21.0000 27.9388 30.0000
v -21.0000 29.4490 28.0000
v -21.0000 27.9388 28.0000
v -21.0000 27.9388 30.0000
v -21.0000 29.4490 30.0000
v -21.0000 30.9592 28.0000
v -21.0000 29.4490 28.0000
v -21.0000 29.4490 30.0000
v -21.0000 30.9592 30.0000
v -21.0000 32.4694 28.0000
v -21.0000 30.9592 28.0000
v -21.0000 30.9592 30.0000
v -21.0000 32.4694 30.0000
v -21.0000 33.9796 28.0000
v -21.0000 33.9796 30.0000
v -21.0000 35.4898 28.0000
v -21.0000 35.4898 30.0000
v -21.0000 37.0000 28.0000
v -21.0000 35.4898 28.0000
v -21.0000 35.4898 30.0000
v -21.0000 37.0000 30.0000
v -19.5000 -35.4898 28.0000
v -19.5000 -37.0000 28.0000
v -19.5000 -37.0000 30.0000
v -19.5000 -35.4898 30.0000
v -19.5000 -33.9796 28.0000
v -19.5000 -33.9796 30.0000
v -19.5000 -32.4694 28.0000
v -19.5000 -33.9796 28.0000
v -19.5000 -33.9796 30.0000
v -19.5000 -32.4694 30.0000
v -19.5000 -30.9592 28.0000
v -19.5000 -30.9592 30.0000
v -19.5000 -29.4490 28.0000
v -19.5000 -30.9592 28.0000
v -19.5000 -30.9592 30.0000
v -19.5000 -29.4490 30.0000
v -19.5000 -27.9388 28.0000
v -19.5000 -27.9388 30.0000
v -19.5000 -26.4286 28.0000
v -19.5000 -26.4286 30.0000
v -19.5000 -24.9184 28.0000
v -19.5000 -26.4286 28.0000
v -19.5000 -26.4286 30.0000
v -19.5000 -24.9184 30.0000
v -19.5000 -23.4082 28.0000
v -19.5000 -23.4082 30.0000
v -19.5000 -21.8980 28.0000
v -19.5000 -21.8980 30.0000
v -19.5000 -20.3878 28.0000
v -19.5000 -21.8980 28.0000
v -19.5000 -21.8980 30.0000
v -19.5000 -20.3878 30.0000
v -19.5000 -18.8776 28.0000
v -19.5000 -18.8776 30.0000
v -19.5000 -3.7755 28.0000
v -19.5000 -5.2857 28.0000
v -19.5000 -5.2857 30.0000
v -19.5000 -3.7755 30.0000
v -19.5000 -2.2653 28.0000
v -19.5000 -3.7755 28.0000
v -19.5000 -3.7755 30.0000
v -19.5000 -2.2653 30.0000
v -19.5000 -0.7551 28.0000
v -19.5000 -2.2653 28.0000
v -19.5000 -2.2653 30.0000
v -19.5000 -0.7551 30.0000
v -19.5000 0.7551 28.0000
v -19.5000 -0.7551 28.0000
v -19.5000 -0.7551 30.0000
v -19.5000 0.7551 30.0000
v -19.5000 2.2653 28.0000
v -19.5000 0.7551 28.0000
v -19.5000 0.7551 30.0000
v -19.5000 2.2653 30.0000
v -19.5000 3.7755 28.0000
v -19.5000 2.2653 28.0000
v -19.5000 2.2653 30.0000
v -19.5000 3.7755 30.0000
v -19.5000 5.2857 28.0000
v -19.5000 3.7755 28.0000
v -19.5000 3.7755 30.0000
v -19.5000 5.2857 30.0000
v -19.5000 6.7959 28.0000
v -19.5000 5.2857 28.0000
v -19.5000 5.2857 30.0000
v -19.5000 6.7959 30.0000
v -19.5000 8.3061 28.0000
v -19.5000 6.7959 28.0000
v -19.5000 6.7959 30.0000
v -19.5000 8.3061 30.0000
v -19.5000 9.8163 28.0000
v -19.5000 8.3061 28.0000
v -19.5000 8.3061 30.0000
v -19.5000 9.8163 30.0000
v -21.0000 9.8163 28.0000
v -21.0000 11.3265 28.0000
v -19.5000 11.3265 28.0000
v -19.5000 9.8163 28.0000
v -21.0000 9.8163 30.0000
v -19.5000 9.8163 30.0000
v -19.5000 11.3265 30.0000
v -21.0000 11.3265 30.0000
v -21.0000 23.4082 28.0000
v -21.0000 24.9184 28.0000
v -19.5000 24.9184 28.0000
v -19.5000 23.4082 28.0000
v -21.0000 23.4082 30.0000
v -19.5000 23.4082 30.0000
v -19.5000 24.9184 30.0000
v -21.0000 24.9184 30.0000
v -19.5000 26.4286 28.0000
v -19.5000 24.9184 28.0000
v -19.5000 24.9184 30.0000
v -19.5000 26.4286 30.0000
v -19.5000 27.9388 28.0000
v -19.5000 26.4286 28.0000
v -19.5000 26.4286 30.0000
v -19.5000 27.9388 30.0000
v -19.5000 29.4490 28.0000
v -19.5000 27.9388 28.0000
v -19.5000 27.9388 30.0000
v -19.5000 29.4490 30.0000
v -19.5000 30.9592 28.0000
v -19.5000 29.4490 28.0000
v -19.5000 29.4490 30.0000
v -19.5000 30.9592 30.0000
v -19.5000 32.4694 28.0000
v -19.5000 30.9592 28.0000
v -19.5000 30.9592 30.0000
v -19.5000 32.4694 30.0000
v -19.5000 33.9796 28.0000
v -19.5000 33.9796 30.0000
v -19.5000 35.4898 28.0000
v -19.5000 35.4898 30.0000
v -19.5000 37.0000 28.0000
v -19.5000 35.4898 28.0000
v -19.5000 35.4898 30.0000
v -19.5000 37.0000 30.0000
v -18.0000 -35.4898 28.0000
v -18.0000 -37.0000 28.0000
v -18.0000 -37.0000 30.0000
v -18.0000 -35.4898 30.0000
v -18.0000 -33.9796 28.0000
v -18.0000 -33.9796 30.0000
v -18.0000 -32.4694 28.0000
v -18.0000 -33.9796 28.0000
v -18.0000 -33.9796 30.0000
v -18.0000 -32.4694 30.0000
v -18.0000 -30.9592 28.0000
v -18.0000 -30.9592 30.0000
v -18.0000 -29.4490 28.0000
v -18.0000 -30.9592 28.0000
v -18.0000 -30.9592 30.0000
v -18.0000 -29.4490 30.0000
v -18.0000 -27.9388 28.0000
v -18.0000 -27.9388 30.0000
v -18.0000 -26.4286 28.0000
v -18.0000 -26.4286 30.0000
v -18.0000 -24.9184 28.0000
v -18.0000 -26.4286 28.0000
v -18.0000 -26.4286 30.0000
v -18.0000 -24.9184 30.0000
v -18.0000 -23.4082 28.0000
v -18.0000 -23.4082 30.0000
v -18.0000 -21.8980 28.0000
v -18.0000 -21.8980 30.0000
v -18.0000 -20.3878 28.0000
v -18.0000 -21.8980 28.0000
v -18.0000 -21.8980 30.0000
v -18.0000 -20.3878 30.0000
v -18.0000 -18.8776 28.0000
v -18.0000 -18.8776 30.0000
v -18.0000 -3.7755 28.0000
v -18.0000 -5.2857 28.0000
v -18.0000 -5.2857 30.0000
v -18.0000 -3.7755 30.0000
v -18.0000 -2.2653 28.0000
v -18.0000 -3.7755 28.0000
v -18.0000 -3.7755 30.0000
v -18.0000 -2.2653 30.0000
v -18.0000 -0.7551 28.0000
v -18.0000 -2.2653 28.0000
v -18.0000 -2.2653 30.0000
v -18.0000 -0.7551 30.0000
v -18.0000 0.7551 28.0000
v -18.0000 -0.7551 28.0000
v -18.0000 -0.7551 30.0000
v -18.0000 0.7551 30.0000
v -18.0000 2.2653 28.0000
v -18.0000 0.7551 28.0000
v -18.0000 0.7551 30.0000
v -18.0000 2.2653 30.0000
v -18.0000 3.7755 28.0000
v -18.0000 2.2653 28.0000
v -18.0000 2.2653 30.0000
v -18.0000 3.7755 30.0000
v -18.0000 5.2857 28.0000
v -18.0000 3.7755 28.0000
v -18.0000 3.7755 30.0000
v -18.0000 5.2857 30.0000
v -18.0000 6.7959 28.0000
v -18.0000 5.2857 28.0000
v -18.0000 5.2857 30.0000
v -18.0000 6.7959 30.0000
v -18.0000 8.3061 28.0000
v -18.0000 6.7959 28.0000
v -18.0000 6.7959 30.0000
v -18.0000 8.3061 30.0000
v -18.0000 9.8163 28.0000
v -18.0000 8.3061 28.0000
v -18.0000 8.3061 30.0000
v -18.0000 9.8163 30.0000
v -18.0000 11.3265 28.0000
v -18.0000 9.8163 28.0000
v -18.0000 9.8163 30.0000
v -18.0000 11.3265 30.0000
v -19.5000 11.3265 28.0000
v -19.5000 12.8367 28.0000
v -18.0000 12.8367 28.0000
v -18.0000 11.3265 28.0000
v -19.5000 11.3265 30.0000
v -18.0000 11.3265 30.0000
v -18.0000 12.8367 30.0000
v -19.5000 12.8367 30.0000
v -19.5000 21.8980 28.0000
v -19.5000 23.4082 28.0000
v -18.0000 23.4082 28.0000
v -18.0000 21.8980 28.0000
v -19.5000 21.8980 30.0000
v -18.0000 21.8980 30.0000
v -18.0000 23.4082 30.0000
v -19.5000 23.4082 30.0000
v -18.0000 24.9184 28.0000
v -18.0000 23.4082 28.0000
v -18.0000 23.4082 30.0000
v -18.0000 24.9184 30.0000
v -18.0000 26.4286 28.0000
v -18.0000 24.9184 28.0000
v -18.0000 24.9184 30.0000
v -18.0000 26.4286 30.0000
v -18.0000 27.9388 28.0000
v -18.0000 26.4286 28.0000
v -18.0000 26.4286 30.0000
v -18.0000 27.9388 30.0000
v -18.0000 29.4490 28.0000
v -18.0000 27.9388 28.0000
v -18.0000 27.9388 30.0000
v -18.0000 29.4490 30.0000
v -18.0000 30.9592 28.0000
v -18.0000 29.4490 28.0000
v -18.0000 29.4490 30.0000
v -18.0000 30.9592 30.0000
v -18.0000 32.4694 28.0000
v -18.0000 30.9592 28.0000
v -18.0000 30.9592 30.0000
v -18.0000 32.4694 30.0000
v -18.0000 33.9796 28.0000
v -18.0000 33.9796 30.0000
v -18.0000 35.4898 28.0000
v -18.0000 35.4898 30.0000
v -18.0000 37.0000 28.0000
v -18.0000 35.4898 28.0000
v -18.0000 35.4898 30.0000
v -18.0000 37.0000 30.0000
v -16.5000 -35.4898 28.0000
v -16.5000 -37.0000 28.0000
v -16.5000 -37.0000 30.0000
v -16.5000 -35.4898 30.0000
v -16.5000 -33.9796 28.0000
v -16.5000 -33.9796 30.0000
v -16.5000 -32.4694 28.0000
v -16.5000 -33.9796 28.0000
v -16.5000 -33.9796 30.0000
v -16.5000 -32.4694 30.0000
v -16.5000 -30.9592 28.0000
v -16.5000 -30.9592 30.0000
v -16.5000 -29.4490 28.0000
v -16.5000 -30.9592 28.0000
v -16.5000 -30.9592 30.0000
v -16.5000 -29.4490 30.0000
v -16.5000 -27.9388 28.0000
v -16.5000 -27.9388 30.0000
v -16.5000 -26.4286 28.0000
v -16.5000 -26.4286 30.0000
v -16.5000 -24.9184 28.0000
v -16.5000 -26.4286 28.0000
v -16.5000 -26.4286 30.0000
v -16.5000 -24.9184 30.0000
v -16.5000 -23.4082 28.0000
v -16.5000 -23.4082 30.0000
v -16.5000 -21.8980 28.0000
v -16.5000 -21.8980 30.0000
v -16.5000 -20.3878 28.0000
v -16.5000 -21.8980 28.0000
v -16.5000 -21.8980 30.0000
v -16.5000 -20.3878 30.0000
v -16.5000 -18.8776 28.0000
v -16.5000 -18.8776 30.0000
v -16.5000 -3.7755 28.0000
v -16.5000 -5.2857 28.0000
v -16.5000 -5.2857 30.0000
v -16.5000 -3.7755 30.0000
v -16.5000 -2.2653 28.0000
v -16.5000 -3.7755 28.0000
v -16.5000 -3.7755 30.0000
v -16.5000 -2.2653 30.0000
v -16.5000 -0.7551 28.0000
v -16.5000 -2.2653 28.0000
v -16.5000 -2.2653 30.0000
v -16.5000 -0.7551 30.0000
v -16.5000 0.7551 28.0000
v -16.5000 -0.7551 28.0000
v -16.5000 -0.7551 30.0000
v -16.5000 0.7551 30.0000
v -16.5000 2.2653 28.0000
v -16.5000 0.7551 28.0000
v -16.5000 0.7551 30.0000
v -16.5000 2.2653 30.0000
v -16.5000 3.7755 28.0000
v -16.5000 2.2653 28.0000
v -16.5000 2.2653 30.0000
v -16.5000 3.7755 30.0000
v -16.5000 5.2857 28.0000
v -16.5000 3.7755 28.0000
v -16.5000 3.7755 30.0000
v -16.5000 5.2857 30.0000
v -16.5000 6.7959 28.0000
v -16.5000 5.2857 28.0000
v -16.5000 5.2857 30.0000
v -16.5000 6.7959 30.0000
v -16.5000 8.3061 28.0000
v -16.5000 6.7959 28.0000
v -16.5000 6.7959 30.0000
v -16.5000 8.3061 30.0000
v -16.5000 9.8163 28.0000
v -16.5000 8.3061 28.0000
v -16.5000 8.3061 30.0000
v -16.5000 9.8163 30.0000
v -16.5000 11.3265 28.0000
v -16.5000 9.8163 28.0000
v -16.5000 9.8163 30.0000
v -16.5000 11.3265 30.0000
v -16.5000 12.8367 28.0000
v -16.5000 11.3265 28.0000
v -16.5000 11.3265 30.0000
v -16.5000 12.8367 30.0000
v -18.0000 12.8367 28.0000
v -18.0000 14.3469 28.0000
v -16.5000 14.3469 28.0000
v -16.5000 12.8367 28.0000
v -18.0000 12.8367 30.0000
v -16.5000 12.8367 30.0000
v -16.5000 14.3469 30.0000
v -18.0000 14.3469 30.0000
v -18.0000 14.3469 28.0000
v -18.0000 15.8571 28.0000
v -16.5000 15.8571 28.0000
v -16.5000 14.3469 28.0000
v -18.0000 14.3469 30.0000
v -16.5000 14.3469 30.0000
v -16.5000 15.8571 30.0000
v -18.0000 15.8571 30.0000
v -18.0000 18.8776 28.0000
v -18.0000 20.3878 28.0000
v -16.5000 20.3878 28.0000
v -16.5000 18.8776 28.0000
v -18.0000 18.8776 30.0000
v -16.5000 18.8776 30.0000
v -16.5000 20.3878 30.0000
v -18.0000 20.3878 30.0000
v -18.0000 20.3878 28.0000
v -18.0000 21.8980 28.0000
v -16.5000 21.8980 28.0000
v -16.5000 20.3878 28.0000
v -18.0000 20.3878 30.0000
v -16.5000 20.3878 30.0000
v -16.5000 21.8980 30.0000
v -18.0000 21.8980 30.0000
v -16.5000 23.4082 28.0000
v -16.5000 21.8980 28.0000
v -16.5000 21.8980 30.0000
v -16.5000 23.4082 30.0000
v -16.5000 24.9184 28.0000
v -16.5000 23.4082 28.0000
v -16.5000 23.4082 30.0000
v -16.5000 24.9184 30.0000
v -16.5000 26.4286 28.0000
v -16.5000 24.9184 28.0000
v -16.5000 24.9184 30.0000
v -16.5000 26.4286 30.0000
v -16.5000 27.9388 28.0000
v -16.5000 26.4286 28.0000
v -16.5000 26.4286 30.0000
v -16.5000 27.9388 30.0000
v -16.5000 29.4490 28.0000
v -16.5000 27.9388 28.0000
v -16.5000 27.9388 30.0000
v -16.5000 29.4490 30.0000
v -16.5000 30.9592 28.0000
v -16.5000 29.4490 28.0000
v -16.5000 29.4490 30.0000
v -16.5000 30.9592 30.0000
v -16.5000 32.4694 28.0000
v -16.5000 30.9592 28.0000
v -16.5000 30.9592 30.0000
v -16.5000 32.4694 30.0000
v -16.5000 33.9796 28.0000
v -16.5000 33.9796 30.0000
v -16.5000 35.4898 28.0000
v -16.5000 35.4898 30.0000
v -16.5000 37.0000 28.0000
v -16.5000 35.4898 28.0000
v -16.5000 35.4898 30.0000
v -16.5000 37.0000 30.0000
v -15.0000 -35.4898 28.0000
v -15.0000 -37.0000 28.0000
v -15.0000 -37.0000 30.0000
v -15.0000 -35.4898 30.0000
v -15.0000 -33.9796 28.0000
v -15.0000 -33.9796 30.0000
v -15.0000 -32.4694 28.0000
v -15.0000 -33.9796 28.0000
v -15.0000 -33.9796 30.0000
v -15.0000 -32.4694 30.0000
v -15.0000 -30.9592 28.0000
v -15.0000 -30.9592 30.0000
v -15.0000 -29.4490 28.0000
v -15.0000 -30.9592 28.0000
v -15.0000 -30.9592 30.0000
v -15.0000 -29.4490 30.0000
v -15.0000 -27.9388 28.0000
v -15.0000 -27.9388 30.0000
v -15.0000 -26.4286 28.0000
v -15.0000 -26.4286 30.0000
v -15.0000 -24.9184 28.0000
v -15.0000 -26.4286 28.0000
v -15.0000 -26.4286 30.0000
v -15.0000 -24.9184 30.0000
v -15.0000 -23.4082 28.0000
v -15.0000 -23.4082 30.0000
v -15.0000 -21.8980 28.0000
v -15.0000 -21.8980 30.0000
v -15.0000 -20.3878 28.0000
v -15.0000 -21.8980 28.0000
v -15.0000 -21.8980 30.0000
v -15.0000 -20.3878 30.0000
v -15.0000 -18.8776 28.0000
v -15.0000 -18.8776 30.0000
v -15.0000 -3.7755 28.0000
v -15.0000 -5.2857 28.0000
v -15.0000 -5.2857 30.0000
v -15.0000 -3.7755 30.0000
v -15.0000 -2.2653 28.0000
v -15.0000 -3.7755 28.0000
v -15.0000 -3.7755 30.0000
v -15.0000 -2.2653 30.0000
v -15.0000 -0.7551 28.0000
v -15.0000 -2.2653 28.0000
v -15.0000 -2.2653 30.0000
v -15.0000 -0.7551 30.0000
v -15.0000 0.7551 28.0000
v -15.0000 -0.7551 28.0000
v -15.0000 -0.7551 30.0000
v -15.0000 0.7551 30.0000
v -15.0000 2.2653 28.0000
v -15.0000 0.7551 28.0000
v -15.0000 0.7551 30.0000
v -15.0000 2.2653 30.0000
v -15.0000 3.7755 28.0000
v -15.0000 2.2653 28.0000
v -15.0000 2.2653 30.0000
v -15.0000 3.7755 30.0000
v -15.0000 5.2857 28.0000
v -15.0000 3.7755 28.0000
v -15.0000 3.7755 30.0000
v -15.0000 5.2857 30.0000
v -15.0000 6.7959 28.0000
v -15.0000 5.2857 28.0000
v -15.0000 5.2857 30.0000
v -15.0000 6.7959 30.0000
v -15.0000 8.3061 28.0000
v -15.0000 6.7959 28.0000
v -15.0000 6.7959 30.0000
v -15.0000 8.3061 30.0000
v -15.0000 9.8163 28.0000
v -15.0000 8.3061 28.0000
v -15.0000 8.3061 30.0000
v -15.0000 9.8163 30.0000
v -15.0000 11.3265 28.0000
v -15.0000 9.8163 28.0000
v -15.0000 9.8163 30.0000
v -15.0000 11.3265 30.0000
v -15.0000 12.8367 28.0000
v -15.0000 11.3265 28.0000
v -15.0000 11.3265 30.0000
v -15.0000 12.8367 30.0000
v -15.0000 14.3469 28.0000
v -15.0000 12.8367 28.0000
v -15.0000 12.8367 30.0000
v -15.0000 14.3469 30.0000
v -15.0000 15.8571 28.0000
v -15.0000 14.3469 28.0000
v -15.0000 14.3469 30.0000
v -15.0000 15.8571 30.0000
v -16.5000 15.8571 28.0000
v -16.5000 17.3673 28.0000
v -15.0000 17.3673 28.0000
v -15.0000 15.8571 28.0000
v -16.5000 15.8571 30.0000
v -15.0000 15.8571 30.0000
v -15.0000 17.3673 30.0000
v -16.5000 17.3673 30.0000
v -16.5000 17.3673 28.0000
v -16.5000 18.8776 28.0000
v -15.0000 18.8776 28.0000
v -15.0000 17.3673 28.0000
v -16.5000 17.3673 30.0000
v -15.0000 17.3673 30.0000
v -15.0000 18.8776 30.0000
v -16.5000 18.8776 30.0000
v -15.0000 20.3878 28.0000
v -15.0000 18.8776 28.0000
v -15.0000 18.8776 30.0000
v -15.0000 20.3878 30.0000
v -15.0000 21.8980 28.0000
v -15.0000 20.3878 28.0000
v -15.0000 20.3878 30.0000
v -15.0000 21.8980 30.0000
v -15.0000 23.4082 28.0000
v -15.0000 21.8980 28.0000
v -15.0000 21.8980 30.0000
v -15.0000 23.4082 30.0000
v -15.0000 24.9184 28.0000
v -15.0000 23.4082 28.0000
v -15.0000 23.4082 30.0000
v -15.0000 24.9184 30.0000
v -15.0000 26.4286 28.0000
v -15.0000 24.9184 28.0000
v -15.0000 24.9184 30.0000
v -15.0000 26.4286 30.0000
v -15.0000 27.9388 28.0000
v -15.0000 26.4286 28.0000
v -15.0000 26.4286 30.0000
v -15.0000 27.9388 30.0000
v -15.0000 29.4490 28.0000
v -15.0000 27.9388 28.0000
v -15.0000 27.9388 30.0000
v -15.0000 29.4490 30.0000
v -15.0000 30.9592 28.0000
v -15.0000 29.4490 28.0000
v -15.0000 29.4490 30.0000
v -15.0000 30.9592 30.0000
v -15.0000 32.4694 28.0000
v -15.0000 30.9592 28.0000
v -15.0000 30.9592 30.0000
v -15.0000 32.4694 30.0000
v -15.0000 33.9796 28.0000
v -15.0000 33.9796 30.0000
v -15.0000 35.4898 28.0000
v -15.0000 35.4898 30.0000
v -15.0000 37.0000 28.0000
v -15.0000 35.4898 28.0000
v -15.0000 35.4898 30.0000
v -15.0000 37.0000 30.0000
v -13.5000 -35.4898 28.0000
v -13.5000 -37.0000 28.0000
v -13.5000 -37.0000 30.0000
v -13.5000 -35.4898 30.0000
v -13.5000 -33.9796 28.0000
v -13.5000 -33.9796 30.0000
v -13.5000 -32.4694 28.0000
v -13.5000 -33.9796 28.0000
v -13.5000 -33.9796 30.0000
v -13.5000 -32.4694 30.0000
v -13.5000 -30.9592 28.0000
v -13.5000 -30.9592 30.0000
v -13.5000 -29.4490 28.0000
v -13.5000 -30.9592 28.0000
v -13.5000 -30.9592 30.0000
v -13.5000 -29.4490 30.0000
v -13.5000 -27.9388 28.0000
v -13.5000 -27.9388 30.0000
v -13.5000 -26.4286 28.0000
v -13.5000 -26.4286 30.0000
v -13.5000 -24.9184 28.0000
v -13.5000 -26.4286 28.0000
v -13.5000 -26.4286 30.0000
v -13.5000 -24.9184 30.0000
v -13.5000 -23.4082 28.0000
v -13.5000 -23.4082 30.0000
v -13.5000 -21.8980 28.0000
v -13.5000 -21.8980 30.0000
v -13.5000 -20.3878 28.0000
v -13.5000 -21.8980 28.0000
v -13.5000 -21.8980 30.0000
v -13.5000 -20.3878 30.0000
v -13.5000 -18.8776 28.0000
v -13.5000 -18.8776 30.0000
v -13.5000 -3.7755 28.0000
v -13.5000 -5.2857 28.0000
v -13.5000 -5.2857 30.0000
v -13.5000 -3.7755 30.0000
v -13.5000 -2.2653 28.0000
v -13.5000 -3.7755 28.0000
v -13.5000 -3.7755 30.0000
v -13.5000 -2.2653 30.0000
v -13.5000 -0.7551 28.0000
v -13.5000 -2.2653 28.0000
v -13.5000 -2.2653 30.0000
v -13.5000 -0.7551 30.0000
v -13.5000 0.7551 28.0000
v -13.5000 -0.7551 28.0000
v -13.5000 -0.7551 30.0000
v -13.5000 0.7551 30.0000
v -13.5000 2.2653 28.0000
v -13.5000 0.7551 28.0000
v -13.5000 0.7551 30.0000
v -13.5000 2.2653 30.0000
v -13.5000 3.7755 28.0000
v -13.5000 2.2653 28.0000
v -13.5000 2.2653 30.0000
v -13.5000 3.7755 30.0000
v -13.5000 5.2857 28.0000
v -13.5000 3.7755 28.0000
v -13.5000 3.7755 30.0000
v -13.5000 5.2857 30.0000
v -13.5000 6.7959 28.0000
v -13.5000 5.2857 28.0000
v -13.5000 5.2857 30.0000
v -13.5000 6.7959 30.0000
v -13.5000 8.3061 28.0000
v -13.5000 6.7959 28.0000
v -13.5000 6.7959 30.0000
v -13.5000 8.3061 30.0000
v -13.5000 9.8163 28.0000
v -13.5000 8.3061 28.0000
v -13.5000 8.3061 30.0000
v -13.5000 9.8163 30.0000
v -13.5000 11.3265 28.0000
v -13.5000 9.8163 28.0000
v -13.5000 9.8163 30.0000
v -13.5000 11.3265 30.0000
v -13.5000 12.8367 28.0000
v -13.5000 11.3265 28.0000
v -13.5000 11.3265 30.0000
v -13.5000 12.8367 30.0000
v -13.5000 14.3469 28.0000
v -13.5000 12.8367 28.0000
v -13.5000 12.8367 30.0000
v -13.5000 14.3469 30.0000
v -13.5000 15.8571 28.0000
v -13.5000 14.3469 28.0000
v -13.5000 14.3469 30.0000
v -13.5000 15.8571 30.0000
v -13.5000 17.3673 28.0000
v -13.5000 15.8571 28.0000
v -13.5000 15.8571 30.0000
v -13.5000 17.3673 30.0000
v -13.5000 18.8776 28.0000
v -13.5000 17.3673 28.0000
v -13.5000 17.3673 30.0000
v -13.5000 18.8776 30.0000
v -13.5000 20.3878 28.0000
v -13.5000 18.8776 28.0000
v -13.5000 18.8776 30.0000
v -13.5000 20.3878 30.0000
v -13.5000 21.8980 28.0000
v -13.5000 20.3878 28.0000
v -13.5000 20.3878 30.0000
v -13.5000 21.8980 30.0000
v -13.5000 23.4082 28.0000
v -13.5000 21.8980 28.0000
v -13.5000 21.8980 30.0000
v -13.5000 23.4082 30.0000
v -13.5000 24.9184 28.0000
v -13.5000 23.4082 28.0000
v -13.5000 23.4082 30.0000
v -13.5000 24.9184 30.0000
v -13.5000 26.4286 28.0000
v -13.5000 24.9184 28.0000
v -13.5000 24.9184 30.0000
v -13.5000 26.4286 30.0000
v -13.5000 27.9388 28.0000
v -13.5000 26.4286 28.0000
v -13.5000 26.4286 30.0000
v -13.5000 27.9388 30.0000
v -13.5000 29.4490 28.0000
v -13.5000 27.9388 28.0000
v -13.5000 27.9388 30.0000
v -13.5000 29.4490 30.0000
v -13.5000 30.9592 28.0000
v -13.5000 29.4490 28.0000
v -13.5000 29.4490 30.0000
v -13.5000 30.9592 30.0000
v -13.5000 32.4694 28.0000
v -13.5000 30.9592 28.0000
v -13.5000 30.9592 30.0000
v -13.5000 32.4694 30.0000
v -13.5000 33.9796 28.0000
v -13.5000 33.9796 30.0000
v -13.5000 35.4898 28.0000
v -13.5000 35.4898 30.0000
v -13.5000 37.0000 28.0000
v -13.5000 35.4898 28.0000
v -13.5000 35.4898 30.0000
v -13.5000 37.0000 30.0000
v -12.0000 -35.4898 28.0000
v -12.0000 -37.0000 28.0000
v -12.0000 -37.0000 30.0000
v -12.0000 -35.4898 30.0000
v -12.0000 -33.9796 28.0000
v -12.0000 -33.9796 30.0000
v -12.0000 -32.4694 28.0000
v -12.0000 -33.9796 28.0000
v -12.0000 -33.9796 30.0000
v -12.0000 -32.4694 30.0000
v -12.0000 -30.9592 28.0000
v -12.0000 -30.9592 30.0000
v -12.0000 -29.4490 28.0000
v -12.0000 -30.9592 28.0000
v -12.0000 -30.9592 30.0000
v -12.0000 -29.4490 30.0000
v -12.0000 -27.9388 28.0000
v -12.0000 -27.9388 30.0000
v -12.0000 -26.4286 28.0000
v -12.0000 -26.4286 30.0000
v -12.0000 -24.9184 28.0000
v -12.0000 -26.4286 28.0000
v -12.0000 -26.4286 30.0000
v -12.0000 -24.9184 30.0000
v -12.0000 -23.4082 28.0000
v -12.0000 -23.4082 30.0000
v -12.0000 -21.8980 28.0000
v -12.0000 -21.8980 30.0000
v -12.0000 -20.3878 28.0000
v -12.0000 -21.8980 28.0000
v -12.0000 -21.8980 30.0000
v -12.0000 -20.3878 30.0000
v -12.0000 -18.8776 28.0000
v -12.0000 -18.8776 30.0000
v -13.5000 -17.3673 28.0000
v -12.0000 -17.3673 28.0000
v -12.0000 -17.3673 30.0000
v -13.5000 -17.3673 30.0000
v -13.5000 -17.3673 28.0000
v -13.5000 -15.8571 28.0000
v -12.0000 -15.8571 28.0000
v -12.0000 -17.3673 28.0000
v -13.5000 -17.3673 30.0000
v -12.0000 -17.3673 30.0000
v -12.0000 -15.8571 30.0000
v -13.5000 -15.8571 30.0000
v -13.5000 -15.8571 28.0000
v -13.5000 -14.3469 28.0000
v -12.0000 -14.3469 28.0000
v -12.0000 -15.8571 28.0000
v -13.5000 -15.8571 30.0000
v -12.0000 -15.8571 30.0000
v -12.0000 -14.3469 30.0000
v -13.5000 -14.3469 30.0000
v -13.5000 -14.3469 28.0000
v -13.5000 -12.8367 28.0000
v -12.0000 -12.8367 28.0000
v -12.0000 -14.3469 28.0000
v -13.5000 -14.3469 30.0000
v -12.0000 -14.3469 30.0000
v -12.0000 -12.8367 30.0000
v -13.5000 -12.8367 30.0000
v -13.5000 -12.8367 28.0000
v -13.5000 -11.3265 28.0000
v -12.0000 -11.3265 28.0000
v -12.0000 -12.8367 28.0000
v -13.5000 -12.8367 30.0000
v -12.0000 -12.8367 30.0000
v -12.0000 -11.3265 30.0000
v -13.5000 -11.3265 30.0000
v -13.5000 -11.3265 28.0000
v -13.5000 -9.8163 28.0000
v -12.0000 -9.8163 28.0000
v -12.0000 -11.3265 28.0000
v -13.5000 -11.3265 30.0000
v -12.0000 -11.3265 30.0000
v -12.0000 -9.8163 30.0000
v -13.5000 -9.8163 30.0000
v -13.5000 -9.8163 28.0000
v -13.5000 -8.3061 28.0000
v -12.0000 -8.3061 28.0000
v -12.0000 -9.8163 28.0000
v -13.5000 -9.8163 30.0000
v -12.0000 -9.8163 30.0000
v -12.0000 -8.3061 30.0000
v -13.5000 -8.3061 30.0000
v -13.5000 -8.3061 28.0000
v -13.5000 -6.7959 28.0000
v -12.0000 -6.7959 28.0000
v -12.0000 -8.3061 28.0000
v -13.5000 -8.3061 30.0000
v -12.0000 -8.3061 30.0000
v -12.0000 -6.7959 30.0000
v -13.5000 -6.7959 30.0000
v -13.5000 -6.7959 28.0000
v -13.5000 -5.2857 28.0000
v -12.0000 -5.2857 28.0000
v -12.0000 -6.7959 28.0000
v -13.5000 -6.7959 30.0000
v -12.0000 -6.7959 30.0000
v -12.0000 -5.2857 30.0000
v -13.5000 -5.2857 30.0000
v -12.0000 -3.7755 28.0000
v -12.0000 -5.2857 28.0000
v -12.0000 -5.2857 30.0000
v -12.0000 -3.7755 30.0000
v -12.0000 -2.2653 28.0000
v -12.0000 -3.7755 28.0000
v -12.0000 -3.7755 30.0000
v -12.0000 -2.2653 30.0000
v -12.0000 -0.7551 28.0000
v -12.0000 -2.2653 28.0000
v -12.0000 -2.2653 30.0000
v -12.0000 -0.7551 30.0000
v -12.0000 0.7551 28.0000
v -12.0000 -0.7551 28.0000
v -12.0000 -0.7551 30.0000
v -12.0000 0.7551 30.0000
v -12.0000 2.2653 28.0000
v -12.0000 0.7551 28.0000
v -12.0000 0.7551 30.0000
v -12.0000 2.2653 30.0000
v -12.0000 3.7755 28.0000
v -12.0000 2.2653 28.0000
v -12.0000 2.2653 30.0000
v -12.0000 3.7755 30.0000
v -12.0000 5.2857 28.0000
v -12.0000 3.7755 28.0000
v -12.0000 3.7755 30.0000
v -12.0000 5.2857 30.0000
v -12.0000 6.7959 28.0000
v -12.0000 5.2857 28.0000
v -12.0000 5.2857 30.0000
v -12.0000 6.7959 30.0000
v -12.0000 8.3061 28.0000
v -12.0000 6.7959 28.0000
v -12.0000 6.7959 30.0000
v -12.0000 8.3061 30.0000
v -12.0000 9.8163 28.0000
v -12.0000 8.3061 28.0000
v -12.0000 8.3061 30.0000
v -12.0000 9.8163 30.0000
v -12.0000 11.3265 28.0000
v -12.0000 9.8163 28.0000
v -12.0000 9.8163 30.0000
v -12.0000 11.3265 30.0000
v -12.0000 12.8367 28.0000
v -12.0000 11.3265 28.0000
v -12.0000 11.3265 30.0000
v -12.0000 12.8367 30.0000
v -12.0000 14.3469 28.0000
v -12.0000 12.8367 28.0000
v -12.0000 12.8367 30.0000
v -12.0000 14.3469 30.0000
v -12.0000 15.8571 28.0000
v -12.0000 14.3469 28.0000
v -12.0000 14.3469 30.0000
v -12.0000 15.8571 30.0000
v -12.0000 17.3673 28.0000
v -12.0000 15.8571 28.0000
v -12.0000 15.8571 30.0000
v -12.0000 17.3673 30.0000
v -12.0000 18.8776 28.0000
v -12.0000 17.3673 28.0000
v -12.0000 17.3673 30.0000
v -12.0000 18.8776 30.0000
v -12.0000 20.3878 28.0000
v -12.0000 18.8776 28.0000
v -12.0000 18.8776 30.0000
v -12.0000 20.3878 30.0000
v -12.0000 21.8980 28.0000
v -12.0000 20.3878 28.0000
v -12.0000 20.3878 30.0000
v -12.0000 21.8980 30.0000
v -12.0000 23.4082 28.0000
v -12.0000 21.8980 28.0000
v -12.0000 21.8980 30.0000
v -12.0000 23.4082 30.0000
v -12.0000 24.9184 28.0000
v -12.0000 23.4082 28.0000
v -12.0000 23.4082 30.0000
v -12.0000 24.9184 30.0000
v -12.0000 26.4286 28.0000
v -12.0000 24.9184 28.0000
v -12.0000 24.9184 30.0000
v -12.0000 26.4286 30.0000
v -12.0000 27.9388 28.0000
v -12.0000 26.4286 28.0000
v -12.0000 26.4286 30.0000
v -12.0000 27.9388 30.0000
v -12.0000 29.4490 28.0000
v -12.0000 27.9388 28.0000
v -12.0000 27.9388 30.0000
v -12.0000 29.4490 30.0000
v -12.0000 30.9592 28.0000
v -12.0000 29.4490 28.0000
v -12.0000 29.4490 30.0000
v -12.0000 30.9592 30.0000
v -12.0000 32.4694 28.0000
v -12.0000 30.9592 28.0000
v -12.0000 30.9592 30.0000
v -12.0000 32.4694 30.0000
v -12.0000 33.9796 28.0000
v -12.0000 33.9796 30.0000
v -12.0000 35.4898 28.0000
v -12.0000 35.4898 30.0000
v -12.0000 37.0000 28.0000
v -12.0000 35.4898 28.0000
v -12.0000 35.4898 30.0000
v -12.0000 37.0000 30.0000
v -10.5000 -35.4898 28.0000
v -10.5000 -37.0000 28.0000
v -10.5000 -37.0000 30.0000
v -10.5000 -35.4898 30.0000
v -10.5000 -33.9796 28.0000
v -10.5000 -33.9796 30.0000
v -10.5000 -32.4694 28.0000
v -10.5000 -33.9796 28.0000
v -10.5000 -33.9796 30.0000
v -10.5000 -32.4694 30.0000
v -10.5000 -30.9592 28.0000
v -10.5000 -30.9592 30.0000
v -10.5000 -29.4490 28.0000
v -10.5000 -30.9592 28.0000
v -10.5000 -30.9592 30.0000
v -10.5000 -29.4490 30.0000
v -10.5000 -27.9388 28.0000
v -10.5000 -27.9388 30.0000
v -10.5000 -26.4286 28.0000
v -10.5000 -26.4286 30.0000
v -10.5000 -24.9184 28.0000
v -10.5000 -26.4286 28.0000
v -10.5000 -26.4286 30.0000
v -10.5000 -24.9184 30.0000
v -10.5000 -23.4082 28.0000
v -10.5000 -23.4082 30.0000
v -10.5000 -21.8980 28.0000
v -10.5000 -21.8980 30.0000
v -10.5000 -20.3878 28.0000
v -10.5000 -21.8980 28.0000
v -10.5000 -21.8980 30.0000
v -10.5000 -20.3878 30.0000
v -10.5000 -18.8776 28.0000
v -10.5000 -18.8776 30.0000
v -10.5000 -17.3673 28.0000
v -10.5000 -17.3673 30.0000
v -10.5000 -15.8571 28.0000
v -10.5000 -17.3673 28.0000
v -10.5000 -17.3673 30.0000
v -10.5000 -15.8571 30.0000
v -10.5000 -14.3469 28.0000
v -10.5000 -15.8571 28.0000
v -10.5000 -15.8571 30.0000
v -10.5000 -14.3469 30.0000
v -10.5000 -12.8367 28.0000
v -10.5000 -14.3469 28.0000
v -10.5000 -14.3469 30.0000
v -10.5000 -12.8367 30.0000
v -10.5000 -11.3265 28.0000
v -10.5000 -12.8367 28.0000
v -10.5000 -12.8367 30.0000
v -10.5000 -11.3265 30.0000
v -10.5000 -9.8163 28.0000
v -10.5000 -11.3265 28.0000
v -10.5000 -11.3265 30.0000
v -10.5000 -9.8163 30.0000
v -10.5000 -8.3061 28.0000
v -10.5000 -9.8163 28.0000
v -10.5000 -9.8163 30.0000
v -10.5000 -8.3061 30.0000
v -10.5000 -6.7959 28.0000
v -10.5000 -8.3061 28.0000
v -10.5000 -8.3061 30.0000
v -10.5000 -6.7959 30.0000
v -10.5000 -5.2857 28.0000
v -10.5000 -6.7959 28.0000
v -10.5000 -6.7959 30.0000
v -10.5000 -5.2857 30.0000
v -10.5000 -3.7755 28.0000
v -10.5000 -5.2857 28.0000
v -10.5000 -5.2857 30.0000
v -10.5000 -3.7755 30.0000
v -10.5000 -2.2653 28.0000
v -10.5000 -3.7755 28.0000
v -10.5000 -3.7755 30.0000
v -10.5000 -2.2653 30.0000
v -10.5000 -0.7551 28.0000
v -10.5000 -2.2653 28.0000
v -10.5000 -2.2653 30.0000
v -10.5000 -0.7551 30.0000
v -10.5000 0.7551 28.0000
v -10.5000 -0.7551 28.0000
v -10.5000 -0.7551 30.0000
v -10.5000 0.7551 30.0000
v -10.5000 2.2653 28.0000
v -10.5000 0.7551 28.0000
v -10.5000 0.7551 30.0000
v -10.5000 2.2653 30.0000
v -10.5000 3.7755 28.0000
v -10.5000 2.2653 28.0000
v -10.5000 2.2653 30.0000
v -10.5000 3.7755 30.0000
v -10.5000 5.2857 28.0000
v -10.5000 3.7755 28.0000
v -10.5000 3.7755 30.0000
v -10.5000 5.2857 30.0000
v -10.5000 6.7959 28.0000
v -10.5000 5.2857 28.0000
v -10.5000 5.2857 30.0000
v -10.5000 6.7959 30.0000
v -10.5000 8.3061 28.0000
v -10.5000 6.7959 28.0000
v -10.5000 6.7959 30.0000
v -10.5000 8.3061 30.0000
v -10.5000 9.8163 28.0000
v -10.5000 8.3061 28.0000
v -10.5000 8.3061 30.0000
v -10.5000 9.8163 30.0000
v -10.5000 11.3265 28.0000
v -10.5000 9.8163 28.0000
v -10.5000 9.8163 30.0000
v -10.5000 11.3265 30.0000
v -10.5000 12.8367 28.0000
v -10.5000 11.3265 28.0000
v -10.5000 11.3265 30.0000
v -10.5000 12.8367 30.0000
v -10.5000 14.3469 28.0000
v -10.5000 12.8367 28.0000
v -10.5000 12.8367 30.0000
v -10.5000 14.3469 30.0000
v -10.5000 15.8571 28.0000
v -10.5000 14.3469 28.0000
v -10.5000 14.3469 30.0000
v -10.5000 15.8571 30.0000
v -10.5000 17.3673 28.0000
v -10.5000 15.8571 28.0000
v -10.5000 15.8571 30.0000
v -10.5000 17.3673 30.0000
v -10.5000 18.8776 28.0000
v -10.5000 17.3673 28.0000
v -10.5000 17.3673 30.0000
v -10.5000 18.8776 30.0000
v -10.5000 20.3878 28.0000
v -10.5000 18.8776 28.0000
v -10.5000 18.8776 30.0000
v -10.5000 20.3878 30.0000
v -10.5000 21.8980 28.0000
v -10.5000 20.3878 28.0000
v -10.5000 20.3878 30.0000
v -10.5000 21.8980 30.0000
v -10.5000 23.4082 28.0000
v -10.5000 21.8980 28.0000
v -10.5000 21.8980 30.0000
v -10.5000 23.4082 30.0000
v -10.5000 24.9184 28.0000
v -10.5000 23.4082 28.0000
v -10.5000 23.4082 30.0000
v -10.5000 24.9184 30.0000
v -10.5000 26.4286 28.0000
v -10.5000 24.9184 28.0000
v -10.5000 24.9184 30.0000
v -10.5000 26.4286 30.0000
v -10.5000 27.9388 28.0000
v -10.5000 26.4286 28.0000
v -10.5000 26.4286 30.0000
v -10.5000 27.9388 30.0000
v -10.5000 29.4490 28.0000
v -10.5000 27.9388 28.0000
v -10.5000 27.9388 30.0000
v -10.5000 29.4490 30.0000
v -10.5000 30.9592 28.0000
v -10.5000 29.4490 28.0000
v -10.5000 29.4490 30.0000
v -10.5000 30.9592 30.0000
v -10.5000 32.4694 28.0000
v -10.5000 30.9592 28.0000
v -10.5000 30.9592 30.0000
v -10.5000 32.4694 30.0000
v -10.5000 33.9796 28.0000
v -10.5000 33.9796 30.0000
v -10.5000 35.4898 28.0000
v -10.5000 35.4898 30.0000
v -10.5000 37.0000 28.0000
v -10.5000 35.4898 28.0000
v -10.5000 35.4898 30.0000
v -10.5000 37.0000 30.0000
v -9.0000 -35.4898 28.0000
v -9.0000 -37.0000 28.0000
v -9.0000 -37.0000 30.0000
v -9.0000 -35.4898 30.0000
v -9.0000 -33.9796 28.0000
v -9.0000 -33.9796 30.0000
v -9.0000 -32.4694 28.0000
v -9.0000 -33.9796 28.0000
v -9.0000 -33.9796 30.0000
v -9.0000 -32.4694 30.0000
v -9.0000 -30.9592 28.0000
v -9.0000 -30.9592 30.0000
v -9.0000 -29.4490 28.0000
v -9.0000 -30.9592 28.0000
v -9.0000 -30.9592 30.0000
v -9.0000 -29.4490 30.0000
v -9.0000 -27.9388 28.0000
v -9.0000 -27.9388 30.0000
v -9.0000 -26.4286 28.0000
v -9.0000 -26.4286 30.0000
v -9.0000 -24.9184 28.0000
v -9.0000 -26.4286 28.0000
v -9.0000 -26.4286 30.0000
v -9.0000 -24.9184 30.0000
v -9.0000 -23.4082 28.0000
v -9.0000 -23.4082 30.0000
v -9.0000 -21.8980 28.0000
v -9.0000 -21.8980 30.0000
v -9.0000 -20.3878 28.0000
v -9.0000 -21.8980 28.0000
v -9.0000 -21.8980 30.0000
v -9.0000 -20.3878 30.0000
v -9.0000 -18.8776 28.0000
v -9.0000 -18.8776 30.0000
v -9.0000 -17.3673 28.0000
v -9.0000 -17.3673 30.0000
v -9.0000 -15.8571 28.0000
v -9.0000 -17.3673 28.0000
v -9.0000 -17.3673 30.0000
v -9.0000 -15.8571 30.0000
v -9.0000 -14.3469 28.0000
v -9.0000 -15.8571 28.0000
v -9.0000 -15.8571 30.0000
v -9.0000 -14.3469 30.0000
v -9.0000 -12.8367 28.0000
v -9.0000 -14.3469 28.0000
v -9.0000 -14.3469 30.0000
v -9.0000 -12.8367 30.0000
v -9.0000 -11.3265 28.0000
v -9.0000 -12.8367 28.0000
v -9.0000 -12.8367 30.0000
v -9.0000 -11.3265 30.0000
v -9.0000 -9.8163 28.0000
v -9.0000 -11.3265 28.0000
v -9.0000 -11.3265 30.0000
v -9.0000 -9.8163 30.0000
v -9.0000 -8.3061 28.0000
v -9.0000 -9.8163 28.0000
v -9.0000 -9.8163 30.0000
v -9.0000 -8.3061 30.0000
v -9.0000 -6.7959 28.0000
v -9.0000 -8.3061 28.0000
v -9.0000 -8.3061 30.0000
v -9.0000 -6.7959 30.0000
v -9.0000 -5.2857 28.0000
v -9.0000 -6.7959 28.0000
v -9.0000 -6.7959 30.0000
v -9.0000 -5.2857 30.0000
v -9.0000 -3.7755 28.0000
v -9.0000 -5.2857 28.0000
v -9.0000 -5.2857 30.0000
v -9.0000 -3.7755 30.0000
v -9.0000 -2.2653 28.0000
v -9.0000 -3.7755 28.0000
v -9.0000 -3.7755 30.0000
v -9.0000 -2.2653 30.0000
v -9.0000 -0.7551 28.0000
v -9.0000 -2.2653 28.0000
v -9.0000 -2.2653 30.0000
v -9.0000 -0.7551 30.0000
v -9.0000 0.7551 28.0000
v -9.0000 -0.7551 28.0000
v -9.0000 -0.7551 30.0000
v -9.0000 0.7551 30.0000
v -9.0000 2.2653 28.0000
v -9.0000 0.7551 28.0000
v -9.0000 0.7551 30.0000
v -9.0000 2.2653 30.0000
v -9.0000 3.7755 28.0000
v -9.0000 2.2653 28.0000
v -9.0000 2.2653 30.0000
v -9.0000 3.7755 30.0000
v -9.0000 5.2857 28.0000
v -9.0000 3.7755 28.0000
v -9.0000 3.7755 30.0000
v -9.0000 5.2857 30.0000
v -9.0000 6.7959 28.0000
v -9.0000 5.2857 28.0000
v -9.0000 5.2857 30.0000
v -9.0000 6.7959 30.0000
v -9.0000 8.3061 28.0000
v -9.0000 6.7959 28.0000
v -9.0000 6.7959 30.0000
v -9.0000 8.3061 30.0000
v -9.0000 9.8163 28.0000
v -9.0000 8.3061 28.0000
v -9.0000 8.3061 30.0000
v -9.0000 9.8163 30.0000
v -9.0000 11.3265 28.0000
v -9.0000 9.8163 28.0000
v -9.0000 9.8163 30.0000
v -9.0000 11.3265 30.0000
v -9.0000 12.8367 28.0000
v -9.0000 11.3265 28.0000
v -9.0000 11.3265 30.0000
v -9.0000 12.8367 30.0000
v -9.0000 14.3469 28.0000
v -9.0000 12.8367 28.0000
v -9.0000 12.8367 30.0000
v -9.0000 14.3469 30.0000
v -9.0000 15.8571 28.0000
v -9.0000 14.3469 28.0000
v -9.0000 14.3469 30.0000
v -9.0000 15.8571 30.0000
v -9.0000 17.3673 28.0000
v -9.0000 15.8571 28.0000
v -9.0000 15.8571 30.0000
v -9.0000 17.3673 30.0000
v -9.0000 18.8776 28.0000
v -9.0000 17.3673 28.0000
v -9.0000 17.3673 30.0000
v -9.0000 18.8776 30.0000
v -9.0000 20.3878 28.0000
v -9.0000 18.8776 28.0000
v -9.0000 18.8776 30.0000
v -9.0000 20.3878 30.0000
v -9.0000 21.8980 28.0000
v -9.0000 20.3878 28.0000
v -9.0000 20.3878 30.0000
v -9.0000 21.8980 30.0000
v -9.0000 23.4082 28.0000
v -9.0000 21.8980 28.0000
v -9.0000 21.8980 30.0000
v -9.0000 23.4082 30.0000
v -9.0000 24.9184 28.0000
v -9.0000 23.4082 28.0000
v -9.0000 23.4082 30.0000
v -9.0000 24.9184 30.0000
v -9.0000 26.4286 28.0000
v -9.0000 24.9184 28.0000
v -9.0000 24.9184 30.0000
v -9.0000 26.4286 30.0000
v -9.0000 27.9388 28.0000
v -9.0000 26.4286 28.0000
v -9.0000 26.4286 30.0000
v -9.0000 27.9388 30.0000
v -9.0000 29.4490 28.0000
v -9.0000 27.9388 28.0000
v -9.0000 27.9388 30.0000
v -9.0000 29.4490 30.0000
v -9.0000 30.9592 28.0000
v -9.0000 29.4490 28.0000
v -9.0000 29.4490 30.0000
v -9.0000 30.9592 30.0000
v -9.0000 32.4694 28.0000
v -9.0000 30.9592 28.0000
v -9.0000 30.9592 30.0000
v -9.0000 32.4694 30.0000
v -9.0000 33.9796 28.0000
v -9.0000 33.9796 30.0000
v -9.0000 35.4898 28.0000
v -9.0000 35.4898 30.0000
v -9.0000 37.0000 28.0000
v -9.0000 35.4898 28.0000
v -9.0000 35.4898 30.0000
v -9.0000 37.0000 30.0000
v -7.5000 -35.4898 28.0000
v -7.5000 -37.0000 28.0000
v -7.5000 -37.0000 30.0000
v -7.5000 -35.4898 30.0000
v -7.5000 -33.9796 28.0000
v -7.5000 -33.9796 30.0000
v -7.5000 -32.4694 28.0000
v -7.5000 -33.9796 28.0000
v -7.5000 -33.9796 30.0000
v -7.5000 -32.4694 30.0000
v -7.5000 -30.9592 28.0000
v -7.5000 -30.9592 30.0000
v -7.5000 -29.4490 28.0000
v -7.5000 -30.9592 28.0000
v -7.5000 -30.9592 30.0000
v -7.5000 -29.4490 30.0000
v -7.5000 -27.9388 28.0000
v -7.5000 -27.9388 30.0000
v -7.5000 -26.4286 28.0000
v -7.5000 -26.4286 30.0000
v -7.5000 -24.9184 28.0000
v -7.5000 -26.4286 28.0000
v -7.5000 -26.4286 30.0000
v -7.5000 -24.9184 30.0000
v -7.5000 -23.4082 28.0000
v -7.5000 -23.4082 30.0000
v -7.5000 -21.8980 28.0000
v -7.5000 -21.8980 30.0000
v -7.5000 -20.3878 28.0000
v -7.5000 -21.8980 28.0000
v -7.5000 -21.8980 30.0000
v -7.5000 -20.3878 30.0000
v -7.5000 -18.8776 28.0000
v -7.5000 -18.8776 30.0000
v -7.5000 -17.3673 28.0000
v -7.5000 -17.3673 30.0000
v -7.5000 -15.8571 28.0000
v -7.5000 -17.3673 28.0000
v -7.5000 -17.3673 30.0000
v -7.5000 -15.8571 30.0000
v -7.5000 -14.3469 28.0000
v -7.5000 -15.8571 28.0000
v -7.5000 -15.8571 30.0000
v -7.5000 -14.3469 30.0000
v -7.5000 -12.8367 28.0000
v -7.5000 -14.3469 28.0000
v -7.5000 -14.3469 30.0000
v -7.5000 -12.8367 30.0000
v -7.5000 -11.3265 28.0000
v -7.5000 -12.8367 28.0000
v -7.5000 -12.8367 30.0000
v -7.5000 -11.3265 30.0000
v -7.5000 -9.8163 28.0000
v -7.5000 -11.3265 28.0000
v -7.5000 -11.3265 30.0000
v -7.5000 -9.8163 30.0000
v -7.5000 -8.3061 28.0000
v -7.5000 -9.8163 28.0000
v -7.5000 -9.8163 30.0000
v -7.5000 -8.3061 30.0000
v -7.5000 -6.7959 28.0000
v -7.5000 -8.3061 28.0000
v -7.5000 -8.3061 30.0000
v -7.5000 -6.7959 30.0000
v -7.5000 -5.2857 28.0000
v -7.5000 -6.7959 28.0000
v -7.5000 -6.7959 30.0000
v -7.5000 -5.2857 30.0000
v -7.5000 -3.7755 28.0000
v -7.5000 -5.2857 28.0000
v -7.5000 -5.2857 30.0000
v -7.5000 -3.7755 30.0000
v -7.5000 -2.2653 28.0000
v -7.5000 -3.7755 28.0000
v -7.5000 -3.7755 30.0000
v -7.5000 -2.2653 30.0000
v -7.5000 -0.7551 28.0000
v -7.5000 -2.2653 28.0000
v -7.5000 -2.2653 30.0000
v -7.5000 -0.7551 30.0000
v -7.5000 0.7551 28.0000
v -7.5000 -0.7551 28.0000
v -7.5000 -0.7551 30.0000
v -7.5000 0.7551 30.0000
v -7.5000 2.2653 28.0000
v -7.5000 0.7551 28.0000
v -7.5000 0.7551 30.0000
v -7.5000 2.2653 30.0000
v -7.5000 3.7755 28.0000
v -7.5000 2.2653 28.0000
v -7.5000 2.2653 30.0000
v -7.5000 3.7755 30.0000
v -7.5000 5.2857 28.0000
v -7.5000 3.7755 28.0000
v -7.5000 3.7755 30.0000
v -7.5000 5.2857 30.0000
v -7.5000 6.7959 28.0000
v -7.5000 5.2857 28.0000
v -7.5000 5.2857 30.0000
v -7.5000 6.7959 30.0000
v -7.5000 8.3061 28.0000
v -7.5000 6.7959 28.0000
v -7.5000 6.7959 30.0000
v -7.5000 8.3061 30.0000
v -7.5000 9.8163 28.0000
v -7.5000 8.3061 28.0000
v -7.5000 8.3061 30.0000
v -7.5000 9.8163 30.0000
v -7.5000 11.3265 28.0000
v -7.5000 9.8163 28.0000
v -7.5000 9.8163 30.0000
v -7.5000 11.3265 30.0000
v -7.5000 12.8367 28.0000
v -7.5000 11.3265 28.0000
v -7.5000 11.3265 30.0000
v -7.5000 12.8367 30.0000
v -7.5000 14.3469 28.0000
v -7.5000 12.8367 28.0000
v -7.5000 12.8367 30.0000
v -7.5000 14.3469 30.0000
v -7.5000 15.8571 28.0000
v -7.5000 14.3469 28.0000
v -7.5000 14.3469 30.0000
v -7.5000 15.8571 30.0000
v -7.5000 17.3673 28.0000
v -7.5000 15.8571 28.0000
v -7.5000 15.8571 30.0000
v -7.5000 17.3673 30.0000
v -7.5000 18.8776 28.0000
v -7.5000 17.3673 28.0000
v -7.5000 17.3673 30.0000
v -7.5000 18.8776 30.0000
v -7.5000 20.3878 28.0000
v -7.5000 18.8776 28.0000
v -7.5000 18.8776 30.0000
v -7.5000 20.3878 30.0000
v -7.5000 21.8980 28.0000
v -7.5000 20.3878 28.0000
v -7.5000 20.3878 30.0000
v -7.5000 21.8980 30.0000
v -7.5000 23.4082 28.0000
v -7.5000 21.8980 28.0000
v -7.5000 21.8980 30.0000
v -7.5000 23.4082 30.0000
v -7.5000 24.9184 28.0000
v -7.5000 23.4082 28.0000
v -7.5000 23.4082 30.0000
v -7.5000 24.9184 30.0000
v -7.5000 26.4286 28.0000
v -7.5000 24.9184 28.0000
v -7.5000 24.9184 30.0000
v -7.5000 26.4286 30.0000
v -7.5000 27.9388 28.0000
v -7.5000 26.4286 28.0000
v -7.5000 26.4286 30.0000
v -7.5000 27.9388 30.0000
v -7.5000 29.4490 28.0000
v -7.5000 27.9388 28.0000
v -7.5000 27.9388 30.0000
v -7.5000 29.4490 30.0000
v -7.5000 30.9592 28.0000
v -7.5000 29.4490 28.0000
v -7.5000 29.4490 30.0000
v -7.5000 30.9592 30.0000
v -7.5000 32.4694 28.0000
v -7.5000 30.9592 28.0000
v -7.5000 30.9592 30.0000
v -7.5000 32.4694 30.0000
v -7.5000 33.9796 28.0000
v -7.5000 33.9796 30.0000
v -7.5000 35.4898 28.0000
v -7.5000 35.4898 30.0000
v -7.5000 37.0000 28.0000
v -7.5000 35.4898 28.0000
v -7.5000 35.4898 30.0000
v -7.5000 37.0000 30.0000
v -6.0000 -35.4898 28.0000
v -6.0000 -37.0000 28.0000
v -6.0000 -37.0000 30.0000
v -6.0000 -35.4898 30.0000
v -6.0000 -33.9796 28.0000
v -6.0000 -33.9796 30.0000
v -6.0000 -32.4694 28.0000
v -6.0000 -33.9796 28.0000
v -6.0000 -33.9796 30.0000
v -6.0000 -32.4694 30.0000
v -6.0000 -30.9592 28.0000
v -6.0000 -30.9592 30.0000
v -6.0000 -29.4490 28.0000
v -6.0000 -30.9592 28.0000
v -6.0000 -30.9592 30.0000
v -6.0000 -29.4490 30.0000
v -6.0000 -27.9388 28.0000
v -6.0000 -27.9388 30.0000
v -6.0000 -26.4286 28.0000
v -6.0000 -26.4286 30.0000
v -6.0000 -24.9184 28.0000
v -6.0000 -26.4286 28.0000
v -6.0000 -26.4286 30.0000
v -6.0000 -24.9184 30.0000
v -6.0000 -23.4082 28.0000
v -6.0000 -23.4082 30.0000
v -6.0000 -21.8980 28.0000
v -6.0000 -21.8980 30.0000
v -6.0000 -20.3878 28.0000
v -6.0000 -21.8980 28.0000
v -6.0000 -21.8980 30.0000
v -6.0000 -20.3878 30.0000
v -6.0000 -18.8776 28.0000
v -6.0000 -18.8776 30.0000
v -6.0000 -17.3673 28.0000
v -6.0000 -17.3673 30.0000
v -6.0000 -15.8571 28.0000
v -6.0000 -17.3673 28.0000
v -6.0000 -17.3673 30.0000
v -6.0000 -15.8571 30.0000
v -6.0000 -14.3469 28.0000
v -6.0000 -15.8571 28.0000
v -6.0000 -15.8571 30.0000
v -6.0000 -14.3469 30.0000
v -6.0000 -12.8367 28.0000
v -6.0000 -14.3469 28.0000
v -6.0000 -14.3469 30.0000
v -6.0000 -12.8367 30.0000
v -6.0000 -11.3265 28.0000
v -6.0000 -12.8367 28.0000
v -6.0000 -12.8367 30.0000
v -6.0000 -11.3265 30.0000
v -6.0000 -9.8163 28.0000
v -6.0000 -11.3265 28.0000
v -6.0000 -11.3265 30.0000
v -6.0000 -9.8163 30.0000
v -6.0000 -8.3061 28.0000
v -6.0000 -9.8163 28.0000
v -6.0000 -9.8163 30.0000
v -6.0000 -8.3061 30.0000
v -6.0000 -6.7959 28.0000
v -6.0000 -8.3061 28.0000
v -6.0000 -8.3061 30.0000
v -6.0000 -6.7959 30.0000
v -6.0000 -5.2857 28.0000
v -6.0000 -6.7959 28.0000
v -6.0000 -6.7959 30.0000
v -6.0000 -5.2857 30.0000
v -6.0000 -3.7755 28.0000
v -6.0000 -5.2857 28.0000
v -6.0000 -5.2857 30.0000
v -6.0000 -3.7755 30.0000
v -6.0000 -2.2653 28.0000
v -6.0000 -3.7755 28.0000
v -6.0000 -3.7755 30.0000
v -6.0000 -2.2653 30.0000
v -6.0000 -0.7551 28.0000
v -6.0000 -2.2653 28.0000
v -6.0000 -2.2653 30.0000
v -6.0000 -0.7551 30.0000
v -6.0000 0.7551 28.0000
v -6.0000 -0.7551 28.0000
v -6.0000 -0.7551 30.0000
v -6.0000 0.7551 30.0000
v -6.0000 2.2653 28.0000
v -6.0000 0.7551 28.0000
v -6.0000 0.7551 30.0000
v -6.0000 2.2653 30.0000
v -6.0000 3.7755 28.0000
v -6.0000 2.2653 28.0000
v -6.0000 2.2653 30.0000
v -6.0000 3.7755 30.0000
v -6.0000 5.2857 28.0000
v -6.0000 3.7755 28.0000
v -6.0000 3.7755 30.0000
v -6.0000 5.2857 30.0000
v -6.0000 6.7959 28.0000
v -6.0000 5.2857 28.0000
v -6.0000 5.2857 30.0000
v -6.0000 6.7959 30.0000
v -6.0000 8.3061 28.0000
v -6.0000 6.7959 28.0000
v -6.0000 6.7959 30.0000
v -6.0000 8.3061 30.0000
v -6.0000 9.8163 28.0000
v -6.0000 8.3061 28.0000
v -6.0000 8.3061 30.0000
v -6.0000 9.8163 30.0000
v -6.0000 11.3265 28.0000
v -6.0000 9.8163 28.0000
v -6.0000 9.8163 30.0000
v -6.0000 11.3265 30.0000
v -6.0000 12.8367 28.0000
v -6.0000 11.3265 28.0000
v -6.0000 11.3265 30.0000
v -6.0000 12.8367 30.0000
v -6.0000 14.3469 28.0000
v -6.0000 12.8367 28.0000
v -6.0000 12.8367 30.0000
v -6.0000 14.3469 30.0000
v -6.0000 15.8571 28.0000
v -6.0000 14.3469 28.0000
v -6.0000 14.3469 30.0000
v -6.0000 15.8571 30.0000
v -6.0000 17.3673 28.0000
v -6.0000 15.8571 28.0000
v -6.0000 15.8571 30.0000
v -6.0000 17.3673 30.0000
v -6.0000 18.8776 28.0000
v -6.0000 17.3673 28.0000
v -6.0000 17.3673 30.0000
v -6.0000 18.8776 30.0000
v -6.0000 20.3878 28.0000
v -6.0000 18.8776 28.0000
v -6.0000 18.8776 30.0000
v -6.0000 20.3878 30.0000
v -6.0000 21.8980 28.0000
v -6.0000 20.3878 28.0000
v -6.0000 20.3878 30.0000
v -6.0000 21.8980 30.0000
v -6.0000 23.4082 28.0000
v -6.0000 21.8980 28.0000
v -6.0000 21.8980 30.0000
v -6.0000 23.4082 30.0000
v -6.0000 24.9184 28.0000
v -6.0000 23.4082 28.0000
v -6.0000 23.4082 30.0000
v -6.0000 24.9184 30.0000
v -6.0000 26.4286 28.0000
v -6.0000 24.9184 28.0000
v -6.0000 24.9184 30.0000
v -6.0000 26.4286 30.0000
v -6.0000 27.9388 28.0000
v -6.0000 26.4286 28.0000
v -6.0000 26.4286 30.0000
v -6.0000 27.9388 30.0000
v -6.0000 29.4490 28.0000
v -6.0000 27.9388 28.0000
v -6.0000 27.9388 30.0000
v -6.0000 29.4490 30.0000
v -6.0000 30.9592 28.0000
v -6.0000 29.4490 28.0000
v -6.0000 29.4490 30.0000
v -6.0000 30.9592 30.0000
v -6.0000 32.4694 28.0000
v -6.0000 30.9592 28.0000
v -6.0000 30.9592 30.0000
v -6.0000 32.4694 30.0000
v -6.0000 33.9796 28.0000
v -6.0000 33.9796 30.0000
v -6.0000 35.4898 28.0000
v -6.0000 35.4898 30.0000
v -6.0000 37.0000 28.0000
v -6.0000 35.4898 28.0000
v -6.0000 35.4898 30.0000
v -6.0000 37.0000 30.0000
v -4.5000 -35.4898 28.0000
v -4.5000 -37.0000 28.0000
v -4.5000 -37.0000 30.0000
v -4.5000 -35.4898 30.0000
v -4.5000 -33.9796 28.0000
v -4.5000 -33.9796 30.0000
v -4.5000 -32.4694 28.0000
v -4.5000 -33.9796 28.0000
v -4.5000 -33.9796 30.0000
v -4.5000 -32.4694 30.0000
v -4.5000 -30.9592 28.0000
v -4.5000 -30.9592 30.0000
v -4.5000 -29.4490 28.0000
v -4.5000 -30.9592 28.0000
v -4.5000 -30.9592 30.0000
v -4.5000 -29.4490 30.0000
v -4.5000 -27.9388 28.0000
v -4.5000 -27.9388 30.0000
v -4.5000 -26.4286 28.0000
v -4.5000 -26.4286 30.0000
v -4.5000 -24.9184 28.0000
v -4.5000 -26.4286 28.0000
v -4.5000 -26.4286 30.0000
v -4.5000 -24.9184 30.0000
v -4.5000 -23.4082 28.0000
v -4.5000 -23.4082 30.0000
v -4.5000 -21.8980 28.0000
v -4.5000 -21.8980 30.0000
v -4.5000 -20.3878 28.0000
v -4.5000 -21.8980 28.0000
v -4.5000 -21.8980 30.0000
v -4.5000 -20.3878 30.0000
v -4.5000 -18.8776 28.0000
v -4.5000 -18.8776 30.0000
v -4.5000 -17.3673 28.0000
v -4.5000 -17.3673 30.0000
v -4.5000 -15.8571 28.0000
v -4.5000 -17.3673 28.0000
v -4.5000 -17.3673 30.0000
v -4.5000 -15.8571 30.0000
v -4.5000 -14.3469 28.0000
v -4.5000 -15.8571 28.0000
v -4.5000 -15.8571 30.0000
v -4.5000 -14.3469 30.0000
v -4.5000 -12.8367 28.0000
v -4.5000 -14.3469 28.0000
v -4.5000 -14.3469 30.0000
v -4.5000 -12.8367 30.0000
v -4.5000 -11.3265 28.0000
v -4.5000 -12.8367 28.0000
v -4.5000 -12.8367 30.0000
v -4.5000 -11.3265 30.0000
v -4.5000 -9.8163 28.0000
v -4.5000 -11.3265 28.0000
v -4.5000 -11.3265 30.0000
v -4.5000 -9.8163 30.0000
v -4.5000 -8.3061 28.0000
v -4.5000 -9.8163 28.0000
v -4.5000 -9.8163 30.0000
v -4.5000 -8.3061 30.0000
v -4.5000 -6.7959 28.0000
v -4.5000 -8.3061 28.0000
v -4.5000 -8.3061 30.0000
v -4.5000 -6.7959 30.0000
v -4.5000 -5.2857 28.0000
v -4.5000 -6.7959 28.0000
v -4.5000 -6.7959 30.0000
v -4.5000 -5.2857 30.0000
v -4.5000 -3.7755 28.0000
v -4.5000 -5.2857 28.0000
v -4.5000 -5.2857 30.0000
v -4.5000 -3.7755 30.0000
v -4.5000 -2.2653 28.0000
v -4.5000 -3.7755 28.0000
v -4.5000 -3.7755 30.0000
v -4.5000 -2.2653 30.0000
v -4.5000 -0.7551 28.0000
v -4.5000 -2.2653 28.0000
v -4.5000 -2.2653 30.0000
v -4.5000 -0.7551 30.0000
v -4.5000 0.7551 28.0000
v -4.5000 -0.7551 28.0000
v -4.5000 -0.7551 30.0000
v -4.5000 0.7551 30.0000
v -4.5000 2.2653 28.0000
v -4.5000 0.7551 28.0000
v -4.5000 0.7551 30.0000
v -4.5000 2.2653 30.0000
v -4.5000 3.7755 28.0000
v -4.5000 2.2653 28.0000
v -4.5000 2.2653 30.0000
v -4.5000 3.7755 30.0000
v -4.5000 5.2857 28.0000
v -4.5000 3.7755 28.0000
v -4.5000 3.7755 30.0000
v -4.5000 5.2857 30.0000
v -4.5000 6.7959 28.0000
v -4.5000 5.2857 28.0000
v -4.5000 5.2857 30.0000
v -4.5000 6.7959 30.0000
v -4.5000 8.3061 28.0000
v -4.5000 6.7959 28.0000
v -4.5000 6.7959 30.0000
v -4.5000 8.3061 30.0000
v -4.5000 9.8163 28.0000
v -4.5000 8.3061 28.0000
v -4.5000 8.3061 30.0000
v -4.5000 9.8163 30.0000
v -4.5000 11.3265 28.0000
v -4.5000 9.8163 28.0000
v -4.5000 9.8163 30.0000
v -4.5000 11.3265 30.0000
v -4.5000 12.8367 28.0000
v -4.5000 11.3265 28.0000
v -4.5000 11.3265 30.0000
v -4.5000 12.8367 30.0000
v -4.5000 14.3469 28.0000
v -4.5000 12.8367 28.0000
v -4.5000 12.8367 30.0000
v -4.5000 14.3469 30.0000
v -4.5000 15.8571 28.0000
v -4.5000 14.3469 28.0000
v -4.5000 14.3469 30.0000
v -4.5000 15.8571 30.0000
v -4.5000 17.3673 28.0000
v -4.5000 15.8571 28.0000
v -4.5000 15.8571 30.0000
v -4.5000 17.3673 30.0000
v -4.5000 18.8776 28.0000
v -4.5000 17.3673 28.0000
v -4.5000 17.3673 30.0000
v -4.5000 18.8776 30.0000
v -4.5000 20.3878 28.0000
v -4.5000 18.8776 28.0000
v -4.5000 18.8776 30.0000
v -4.5000 20.3878 30.0000
v -4.5000 21.8980 28.0000
v -4.5000 20.3878 28.0000
v -4.5000 20.3878 30.0000
v -4.5000 21.8980 30.0000
v -4.5000 23.4082 28.0000
v -4.5000 21.8980 28.0000
v -4.5000 21.8980 30.0000
v -4.5000 23.4082 30.0000
v -4.5000 24.9184 28.0000
v -4.5000 23.4082 28.0000
v -4.5000 23.4082 30.0000
v -4.5000 24.9184 30.0000
v -4.5000 26.4286 28.0000
v -4.5000 24.9184 28.0000
v -4.5000 24.9184 30.0000
v -4.5000 26.4286 30.0000
v -4.5000 27.9388 28.0000
v -4.5000 26.4286 28.0000
v -4.5000 26.4286 30.0000
v -4.5000 27.9388 30.0000
v -4.5000 29.4490 28.0000
v -4.5000 27.9388 28.0000
v -4.5000 27.9388 30.0000
v -4.5000 29.4490 30.0000
v -4.5000 30.9592 28.0000
v -4.5000 29.4490 28.0000
v -4.5000 29.4490 30.0000
v -4.5000 30.9592 30.0000
v -4.5000 32.4694 28.0000
v -4.5000 30.9592 28.0000
v -4.5000 30.9592 30.0000
v -4.5000 32.4694 30.0000
v -4.5000 33.9796 28.0000
v -4.5000 33.9796 30.0000
v -4.5000 35.4898 28.0000
v -4.5000 35.4898 30.0000
v -4.5000 37.0000 28.0000
v -4.5000 35.4898 28.0000
v -4.5000 35.4898 30.0000
v -4.5000 37.0000 30.0000
v -3.0000 -35.4898 28.0000
v -3.0000 -37.0000 28.0000
v -3.0000 -37.0000 30.0000
v -3.0000 -35.4898 30.0000
v -3.0000 -33.9796 28.0000
v -3.0000 -33.9796 30.0000
v -3.0000 -32.4694 28.0000
v -3.0000 -33.9796 28.0000
v -3.0000 -33.9796 30.0000
v -3.0000 -32.4694 30.0000
v -3.0000 -30.9592 28.0000
v -3.0000 -30.9592 30.0000
v -3.0000 -29.4490 28.0000
v -3.0000 -30.9592 28.0000
v -3.0000 -30.9592 30.0000
v -3.0000 -29.4490 30.0000
v -3.0000 -18.8776 28.0000
v -3.0000 -20.3878 28.0000
v -3.0000 -20.3878 30.0000
v -3.0000 -18.8776 30.0000
v -3.0000 -8.3061 28.0000
v -3.0000 -9.8163 28.0000
v -3.0000 -9.8163 30.0000
v -3.0000 -8.3061 30.0000
v -3.0000 -6.7959 28.0000
v -3.0000 -8.3061 28.0000
v -3.0000 -8.3061 30.0000
v -3.0000 -6.7959 30.0000
v -3.0000 -5.2857 28.0000
v -3.0000 -6.7959 28.0000
v -3.0000 -6.7959 30.0000
v -3.0000 -5.2857 30.0000
v -3.0000 -3.7755 28.0000
v -3.0000 -5.2857 28.0000
v -3.0000 -5.2857 30.0000
v -3.0000 -3.7755 30.0000
v -3.0000 -2.2653 28.0000
v -3.0000 -3.7755 28.0000
v -3.0000 -3.7755 30.0000
v -3.0000 -2.2653 30.0000
v -3.0000 -0.7551 28.0000
v -3.0000 -2.2653 28.0000
v -3.0000 -2.2653 30.0000
v -3.0000 -0.7551 30.0000
v -3.0000 0.7551 28.0000
v -3.0000 -0.7551 28.0000
v -3.0000 -0.7551 30.0000
v -3.0000 0.7551 30.0000
v -3.0000 2.2653 28.0000
v -3.0000 0.7551 28.0000
v -3.0000 0.7551 30.0000
v -3.0000 2.2653 30.0000
v -3.0000 3.7755 28.0000
v -3.0000 2.2653 28.0000
v -3.0000 2.2653 30.0000
v -3.0000 3.7755 30.0000
v -3.0000 5.2857 28.0000
v -3.0000 3.7755 28.0000
v -3.0000 3.7755 30.0000
v -3.0000 5.2857 30.0000
v -3.0000 6.7959 28.0000
v -3.0000 5.2857 28.0000
v -3.0000 5.2857 30.0000
v -3.0000 6.7959 30.0000
v -3.0000 8.3061 28.0000
v -3.0000 6.7959 28.0000
v -3.0000 6.7959 30.0000
v -3.0000 8.3061 30.0000
v -3.0000 9.8163 28.0000
v -3.0000 8.3061 28.0000
v -3.0000 8.3061 30.0000
v -3.0000 9.8163 30.0000
v -3.0000 11.3265 28.0000
v -3.0000 9.8163 28.0000
v -3.0000 9.8163 30.0000
v -3.0000 11.3265 30.0000
v -3.0000 12.8367 28.0000
v -3.0000 11.3265 28.0000
v -3.0000 11.3265 30.0000
v -3.0000 12.8367 30.0000
v -3.0000 14.3469 28.0000
v -3.0000 12.8367 28.0000
v -3.0000 12.8367 30.0000
v -3.0000 14.3469 30.0000
v -3.0000 15.8571 28.0000
v -3.0000 14.3469 28.0000
v -3.0000 14.3469 30.0000
v -3.0000 15.8571 30.0000
v -3.0000 17.3673 28.0000
v -3.0000 15.8571 28.0000
v -3.0000 15.8571 30.0000
v -3.0000 17.3673 30.0000
v -3.0000 18.8776 28.0000
v -3.0000 17.3673 28.0000
v -3.0000 17.3673 30.0000
v -3.0000 18.8776 30.0000
v -3.0000 20.3878 28.0000
v -3.0000 18.8776 28.0000
v -3.0000 18.8776 30.0000
v -3.0000 20.3878 30.0000
v -3.0000 21.8980 28.0000
v -3.0000 20.3878 28.0000
v -3.0000 20.3878 30.0000
v -3.0000 21.8980 30.0000
v -3.0000 23.4082 28.0000
v -3.0000 21.8980 28.0000
v -3.0000 21.8980 30.0000
v -3.0000 23.4082 30.0000
v -3.0000 24.9184 28.0000
v -3.0000 23.4082 28.0000
v -3.0000 23.4082 30.0000
v -3.0000 24.9184 30.0000
v -3.0000 26.4286 28.0000
v -3.0000 24.9184 28.0000
v -3.0000 24.9184 30.0000
v -3.0000 26.4286 30.0000
v -3.0000 27.9388 28.0000
v -3.0000 26.4286 28.0000
v -3.0000 26.4286 30.0000
v -3.0000 27.9388 30.0000
v -3.0000 29.4490 28.0000
v -3.0000 27.9388 28.0000
v -3.0000 27.9388 30.0000
v -3.0000 29.4490 30.0000
v -3.0000 30.9592 28.0000
v -3.0000 29.4490 28.0000
v -3.0000 29.4490 30.0000
v -3.0000 30.9592 30.0000
v -3.0000 32.4694 28.0000
v -3.0000 30.9592 28.0000
v -3.0000 30.9592 30.0000
v -3.0000 32.4694 30.0000
v -3.0000 33.9796 28.0000
v -3.0000 33.9796 30.0000
v -3.0000 35.4898 28.0000
v -3.0000 35.4898 30.0000
v -3.0000 37.0000 28.0000
v -3.0000 35.4898 28.0000
v -3.0000 35.4898 30.0000
v -3.0000 37.0000 30.0000
v -1.5000 -35.4898 28.0000
v -1.5000 -37.0000 28.0000
v -1.5000 -37.0000 30.0000
v -1.5000 -35.4898 30.0000
v -1.5000 -33.9796 28.0000
v -1.5000 -33.9796 30.0000
v -1.5000 -32.4694 28.0000
v -1.5000 -33.9796 28.0000
v -1.5000 -33.9796 30.0000
v -1.5000 -32.4694 30.0000
v -1.5000 -30.9592 28.0000
v -1.5000 -30.9592 30.0000
v -1.5000 -29.4490 28.0000
v -1.5000 -30.9592 28.0000
v -1.5000 -30.9592 30.0000
v -1.5000 -29.4490 30.0000
v -1.5000 -18.8776 28.0000
v -1.5000 -20.3878 28.0000
v -1.5000 -20.3878 30.0000
v -1.5000 -18.8776 30.0000
v -1.5000 -8.3061 28.0000
v -1.5000 -9.8163 28.0000
v -1.5000 -9.8163 30.0000
v -1.5000 -8.3061 30.0000
v -1.5000 -6.7959 28.0000
v -1.5000 -8.3061 28.0000
v -1.5000 -8.3061 30.0000
v -1.5000 -6.7959 30.0000
v -1.5000 -5.2857 28.0000
v -1.5000 -6.7959 28.0000
v -1.5000 -6.7959 30.0000
v -1.5000 -5.2857 30.0000
v -1.5000 -3.7755 28.0000
v -1.5000 -5.2857 28.0000
v -1.5000 -5.2857 30.0000
v -1.5000 -3.7755 30.0000
v -1.5000 -2.2653 28.0000
v -1.5000 -3.7755 28.0000
v -1.5000 -3.7755 30.0000
v -1.5000 -2.2653 30.0000
v -1.5000 -0.7551 28.0000
v -1.5000 -2.2653 28.0000
v -1.5000 -2.2653 30.0000
v -1.5000 -0.7551 30.0000
v -1.5000 0.7551 28.0000
v -1.5000 -0.7551 28.0000
v -1.5000 -0.7551 30.0000
v -1.5000 0.7551 30.0000
v -1.5000 2.2653 28.0000
v -1.5000 0.7551 28.0000
v -1.5000 0.7551 30.0000
v -1.5000 2.2653 30.0000
v -1.5000 3.7755 28.0000
v -1.5000 2.2653 28.0000
v -1.5000 2.2653 30.0000
v -1.5000 3.7755 30.0000
v -1.5000 5.2857 28.0000
v -1.5000 3.7755 28.0000
v -1.5000 3.7755 30.0000
v -1.5000 5.2857 30.0000
v -1.5000 6.7959 28.0000
v -1.5000 5.2857 28.0000
v -1.5000 5.2857 30.0000
v -1.5000 6.7959 30.0000
v -1.5000 8.3061 28.0000
v -1.5000 6.7959 28.0000
v -1.5000 6.7959 30.0000
v -1.5000 8.3061 30.0000
v -1.5000 9.8163 28.0000
v -1.5000 8.3061 28.0000
v -1.5000 8.3061 30.0000
v -1.5000 9.8163 30.0000
v -1.5000 11.3265 28.0000
v -1.5000 9.8163 28.0000
v -1.5000 9.8163 30.0000
v -1.5000 11.3265 30.0000
v -1.5000 12.8367 28.0000
v -1.5000 11.3265 28.0000
v -1.5000 11.3265 30.0000
v -1.5000 12.8367 30.0000
v -1.5000 14.3469 28.0000
v -1.5000 12.8367 28.0000
v -1.5000 12.8367 30.0000
v -1.5000 14.3469 30.0000
v -1.5000 15.8571 28.0000
v -1.5000 14.3469 28.0000
v -1.5000 14.3469 30.0000
v -1.5000 15.8571 30.0000
v -1.5000 17.3673 28.0000
v -1.5000 15.8571 28.0000
v -1.5000 15.8571 30.0000
v -1.5000 17.3673 30.0000
v -1.5000 18.8776 28.0000
v -1.5000 17.3673 28.0000
v -1.5000 17.3673 30.0000
v -1.5000 18.8776 30.0000
v -1.5000 20.3878 28.0000
v -1.5000 18.8776 28.0000
v -1.5000 18.8776 30.0000
v -1.5000 20.3878 30.0000
v -1.5000 21.8980 28.0000
v -1.5000 20.3878 28.0000
v -1.5000 20.3878 30.0000
v -1.5000 21.8980 30.0000
v -1.5000 23.4082 28.0000
v -1.5000 21.8980 28.0000
v -1.5000 21.8980 30.0000
v -1.5000 23.4082 30.0000
v -1.5000 24.9184 28.0000
v -1.5000 23.4082 28.0000
v -1.5000 23.4082 30.0000
v -1.5000 24.9184 30.0000
v -1.5000 26.4286 28.0000
v -1.5000 24.9184 28.0000
v -1.5000 24.9184 30.0000
v -1.5000 26.4286 30.0000
v -1.5000 27.9388 28.0000
v -1.5000 26.4286 28.0000
v -1.5000 26.4286 30.0000
v -1.5000 27.9388 30.0000
v -1.5000 29.4490 28.0000
v -1.5000 27.9388 28.0000
v -1.5000 27.9388 30.0000
v -1.5000 29.4490 30.0000
v -1.5000 30.9592 28.0000
v -1.5000 29.4490 28.0000
v -1.5000 29.4490 30.0000
v -1.5000 30.9592 30.0000
v -1.5000 32.4694 28.0000
v -1.5000 30.9592 28.0000
v -1.5000 30.9592 30.0000
v -1.5000 32.4694 30.0000
v -1.5000 33.9796 28.0000
v -1.5000 33.9796 30.0000
v -1.5000 35.4898 28.0000
v -1.5000 35.4898 30.0000
v -1.5000 37.0000 28.0000
v -1.5000 35.4898 28.0000
v -1.5000 35.4898 30.0000
v -1.5000 37.0000 30.0000
v 0.0000 -35.4898 28.0000
v 0.0000 -37.0000 28.0000
v 0.0000 -37.0000 30.0000
v 0.0000 -35.4898 30.0000
v 0.0000 -33.9796 28.0000
v 0.0000 -33.9796 30.0000
v 0.0000 -32.4694 28.0000
v 0.0000 -33.9796 28.0000
v 0.0000 -33.9796 30.0000
v 0.0000 -32.4694 30.0000
v 0.0000 -30.9592 28.0000
v 0.0000 -30.9592 30.0000
v 0.0000 -29.4490 28.0000
v 0.0000 -30.9592 28.0000
v 0.0000 -30.9592 30.0000
v 0.0000 -29.4490 30.0000
v 0.0000 -18.8776 28.0000
v 0.0000 -20.3878 28.0000
v 0.0000 -20.3878 30.0000
v 0.0000 -18.8776 30.0000
v 0.0000 -8.3061 28.0000
v 0.0000 -9.8163 28.0000
v 0.0000 -9.8163 30.0000
v 0.0000 -8.3061 30.0000
v 0.0000 -6.7959 28.0000
v 0.0000 -8.3061 28.0000
v 0.0000 -8.3061 30.0000
v 0.0000 -6.7959 30.0000
v 0.0000 -5.2857 28.0000
v 0.0000 -6.7959 28.0000
v 0.0000 -6.7959 30.0000
v 0.0000 -5.2857 30.0000
v 0.0000 -3.7755 28.0000
v 0.0000 -5.2857 28.0000
v 0.0000 -5.2857 30.0000
v 0.0000 -3.7755 30.0000
v 0.0000 -2.2653 28.0000
v 0.0000 -3.7755 28.0000
v 0.0000 -3.7755 30.0000
v 0.0000 -2.2653 30.0000
v 0.0000 -0.7551 28.0000
v 0.0000 -2.2653 28.0000
v 0.0000 -2.2653 30.0000
v 0.0000 -0.7551 30.0000
v 0.0000 0.7551 28.0000
v 0.0000 -0.7551 28.0000
v 0.0000 -0.7551 30.0000
v 0.0000 0.7551 30.0000
v 0.0000 2.2653 28.0000
v 0.0000 0.7551 28.0000
v 0.0000 0.7551 30.0000
v 0.0000 2.2653 30.0000
v 0.0000 3.7755 28.0000
v 0.0000 2.2653 28.0000
v 0.0000 2.2653 30.0000
v 0.0000 3.7755 30.0000
v 0.0000 5.2857 28.0000
v 0.0000 3.7755 28.0000
v 0.0000 3.7755 30.0000
v 0.0000 5.2857 30.0000
v 0.0000 6.7959 28.0000
v 0.0000 5.2857 28.0000
v 0.0000 5.2857 30.0000
v 0.0000 6.7959 30.0000
v 0.0000 8.3061 28.0000
v 0.0000 6.7959 28.0000
v 0.0000 6.7959 30.0000
v 0.0000 8.3061 30.0000
v 0.0000 9.8163 28.0000
v 0.0000 8.3061 28.0000
v 0.0000 8.3061 30.0000
v 0.0000 9.8163 30.0000
v 0.0000 11.3265 28.0000
v 0.0000 9.8163 28.0000
v 0.0000 9.8163 30.0000
v 0.0000 11.3265 30.0000
v 0.0000 12.8367 28.0000
v 0.0000 11.3265 28.0000
v 0.0000 11.3265 30.0000
v 0.0000 12.8367 30.0000
v 0.0000 14.3469 28.0000
v 0.0000 12.8367 28.0000
v 0.0000 12.8367 30.0000
v 0.0000 14.3469 30.0000
v 0.0000 15.8571 28.0000
v 0.0000 14.3469 28.0000
v 0.0000 14.3469 30.0000
v 0.0000 15.8571 30.0000
v 0.0000 17.3673 28.0000
v 0.0000 15.8571 28.0000
v 0.0000 15.8571 30.0000
v 0.0000 17.3673 30.0000
v 0.0000 18.8776 28.0000
v 0.0000 17.3673 28.0000
v 0.0000 17.3673 30.0000
v 0.0000 18.8776 30.0000
v 0.0000 20.3878 28.0000
v 0.0000 18.8776 28.0000
v 0.0000 18.8776 30.0000
v 0.0000 20.3878 30.0000
v 0.0000 21.8980 28.0000
v 0.0000 20.3878 28.0000
v 0.0000 20.3878 30.0000
v 0.0000 21.8980 30.0000
v 0.0000 23.4082 28.0000
v 0.0000 21.8980 28.0000
v 0.0000 21.8980 30.0000
v 0.0000 23.4082 30.0000
v 0.0000 24.9184 28.0000
v 0.0000 23.4082 28.0000
v 0.0000 23.4082 30.0000
v 0.0000 24.9184 30.0000
v 0.0000 26.4286 28.0000
v 0.0000 24.9184 28.0000
v 0.0000 24.9184 30.0000
v 0.0000 26.4286 30.0000
v 0.0000 27.9388 28.0000
v 0.0000 26.4286 28.0000
v 0.0000 26.4286 30.0000
v 0.0000 27.9388 30.0000
v 0.0000 29.4490 28.0000
v 0.0000 27.9388 28.0000
v 0.0000 27.9388 30.0000
v 0.0000 29.4490 30.0000
v 0.0000 30.9592 28.0000
v 0.0000 29.4490 28.0000
v 0.0000 29.4490 30.0000
v 0.0000 30.9592 30.0000
v 0.0000 32.4694 28.0000
v 0.0000 30.9592 28.0000
v 0.0000 30.9592 30.0000
v 0.0000 32.4694 30.0000
v 0.0000 33.9796 28.0000
v 0.0000 33.9796 30.0000
v 0.0000 35.4898 28.0000
v 0.0000 35.4898 30.0000
v 0.0000 37.0000 28.0000
v 0.0000 35.4898 28.0000
v 0.0000 35.4898 30.0000
v 0.0000 37.0000 30.0000
v 1.5000 -35.4898 28.0000
v 1.5000 -37.0000 28.0000
v 1.5000 -37.0000 30.0000
v 1.5000 -35.4898 30.0000
v 1.5000 -33.9796 28.0000
v 1.5000 -33.9796 30.0000
v 1.5000 -32.4694 28.0000
v 1.5000 -33.9796 28.0000
v 1.5000 -33.9796 30.0000
v 1.5000 -32.4694 30.0000
v 1.5000 -30.9592 28.0000
v 1.5000 -30.9592 30.0000
v 1.5000 -29.4490 28.0000
v 1.5000 -30.9592 28.0000
v 1.5000 -30.9592 30.0000
v 1.5000 -29.4490 30.0000
v 1.5000 -18.8776 28.0000
v 1.5000 -20.3878 28.0000
v 1.5000 -20.3878 30.0000
v 1.5000 -18.8776 30.0000
v 1.5000 -8.3061 28.0000
v 1.5000 -9.8163 28.0000
v 1.5000 -9.8163 30.0000
v 1.5000 -8.3061 30.0000
v 1.5000 -6.7959 28.0000
v 1.5000 -8.3061 28.0000
v 1.5000 -8.3061 30.0000
v 1.5000 -6.7959 30.0000
v 1.5000 -5.2857 28.0000
v 1.5000 -6.7959 28.0000
v 1.5000 -6.7959 30.0000
v 1.5000 -5.2857 30.0000
v 1.5000 -3.7755 28.0000
v 1.5000 -5.2857 28.0000
v 1.5000 -5.2857 30.0000
v 1.5000 -3.7755 30.0000
v 1.5000 -2.2653 28.0000
v 1.5000 -3.7755 28.0000
v 1.5000 -3.7755 30.0000
v 1.5000 -2.2653 30.0000
v 1.5000 -0.7551 28.0000
v 1.5000 -2.2653 28.0000
v 1.5000 -2.2653 30.0000
v 1.5000 -0.7551 30.0000
v 1.5000 0.7551 28.0000
v 1.5000 -0.7551 28.0000
v 1.5000 -0.7551 30.0000
v 1.5000 0.7551 30.0000
v 1.5000 2.2653 28.0000
v 1.5000 0.7551 28.0000
v 1.5000 0.7551 30.0000
v 1.5000 2.2653 30.0000
v 1.5000 3.7755 28.0000
v 1.5000 2.2653 28.0000
v 1.5000 2.2653 30.0000
v 1.5000 3.7755 30.0000
v 1.5000 5.2857 28.0000
v 1.5000 3.7755 28.0000
v 1.5000 3.7755 30.0000
v 1.5000 5.2857 30.0000
v 1.5000 6.7959 28.0000
v 1.5000 5.2857 28.0000
v 1.5000 5.2857 30.0000
v 1.5000 6.7959 30.0000
v 1.5000 8.3061 28.0000
v 1.5000 6.7959 28.0000
v 1.5000 6.7959 30.0000
v 1.5000 8.3061 30.0000
v 1.5000 9.8163 28.0000
v 1.5000 8.3061 28.0000
v 1.5000 8.3061 30.0000
v 1.5000 9.8163 30.0000
v 1.5000 11.3265 28.0000
v 1.5000 9.8163 28.0000
v 1.5000 9.8163 30.0000
v 1.5000 11.3265 30.0000
v 1.5000 12.8367 28.0000
v 1.5000 11.3265 28.0000
v 1.5000 11.3265 30.0000
v 1.5000 12.8367 30.0000
v 1.5000 14.3469 28.0000
v 1.5000 12.8367 28.0000
v 1.5000 12.8367 30.0000
v 1.5000 14.3469 30.0000
v 1.5000 15.8571 28.0000
v 1.5000 14.3469 28.0000
v 1.5000 14.3469 30.0000
v 1.5000 15.8571 30.0000
v 1.5000 17.3673 28.0000
v 1.5000 15.8571 28.0000
v 1.5000 15.8571 30.0000
v 1.5000 17.3673 30.0000
v 1.5000 18.8776 28.0000
v 1.5000 17.3673 28.0000
v 1.5000 17.3673 30.0000
v 1.5000 18.8776 30.0000
v 1.5000 20.3878 28.0000
v 1.5000 18.8776 28.0000
v 1.5000 18.8776 30.0000
v 1.5000 20.3878 30.0000
v 1.5000 21.8980 28.0000
v 1.5000 20.3878 28.0000
v 1.5000 20.3878 30.0000
v 1.5000 21.8980 30.0000
v 1.5000 23.4082 28.0000
v 1.5000 21.8980 28.0000
v 1.5000 21.8980 30.0000
v 1.5000 23.4082 30.0000
v 1.5000 24.9184 28.0000
v 1.5000 23.4082 28.0000
v 1.5000 23.4082 30.0000
v 1.5000 24.9184 30.0000
v 1.5000 26.4286 28.0000
v 1.5000 24.9184 28.0000
v 1.5000 24.9184 30.0000
v 1.5000 26.4286 30.0000
v 1.5000 27.9388 28.0000
v 1.5000 26.4286 28.0000
v 1.5000 26.4286 30.0000
v 1.5000 27.9388 30.0000
v 1.5000 29.4490 28.0000
v 1.5000 27.9388 28.0000
v 1.5000 27.9388 30.0000
v 1.5000 29.4490 30.0000
v 1.5000 30.9592 28.0000
v 1.5000 29.4490 28.0000
v 1.5000 29.4490 30.0000
v 1.5000 30.9592 30.0000
v 1.5000 32.4694 28.0000
v 1.5000 30.9592 28.0000
v 1.5000 30.9592 30.0000
v 1.5000 32.4694 30.0000
v 1.5000 33.9796 28.0000
v 1.5000 33.9796 30.0000
v 1.5000 35.4898 28.0000
v 1.5000 35.4898 30.0000
v 1.5000 37.0000 28.0000
v 1.5000 35.4898 28.0000
v 1.5000 35.4898 30.0000
v 1.5000 37.0000 30.0000
v 3.0000 -35.4898 28.0000
v 3.0000 -37.0000 28.0000
v 3.0000 -37.0000 30.0000
v 3.0000 -35.4898 30.0000
v 3.0000 -33.9796 28.0000
v 3.0000 -33.9796 30.0000
v 3.0000 -32.4694 28.0000
v 3.0000 -33.9796 28.0000
v 3.0000 -33.9796 30.0000
v 3.0000 -32.4694 30.0000
v 3.0000 -30.9592 28.0000
v 3.0000 -30.9592 30.0000
v 3.0000 -29.4490 28.0000
v 3.0000 -30.9592 28.0000
v 3.0000 -30.9592 30.0000
v 3.0000 -29.4490 30.0000
v 3.0000 -18.8776 28.0000
v 3.0000 -20.3878 28.0000
v 3.0000 -20.3878 30.0000
v 3.0000 -18.8776 30.0000
v 3.0000 -8.3061 28.0000
v 3.0000 -9.8163 28.0000
v 3.0000 -9.8163 30.0000
v 3.0000 -8.3061 30.0000
v 3.0000 -6.7959 28.0000
v 3.0000 -8.3061 28.0000
v 3.0000 -8.3061 30.0000
v 3.0000 -6.7959 30.0000
v 3.0000 -5.2857 28.0000
v 3.0000 -6.7959 28.0000
v 3.0000 -6.7959 30.0000
v 3.0000 -5.2857 30.0000
v 3.0000 -3.7755 28.0000
v 3.0000 -5.2857 28.0000
v 3.0000 -5.2857 30.0000
v 3.0000 -3.7755 30.0000
v 3.0000 -2.2653 28.0000
v 3.0000 -3.7755 28.0000
v 3.0000 -3.7755 30.0000
v 3.0000 -2.2653 30.0000
v 3.0000 -0.7551 28.0000
v 3.0000 -2.2653 28.0000
v 3.0000 -2.2653 30.0000
v 3.0000 -0.7551 30.0000
v 3.0000 0.7551 28.0000
v 3.0000 -0.7551 28.0000
v 3.0000 -0.7551 30.0000
v 3.0000 0.7551 30.0000
v 3.0000 2.2653 28.0000
v 3.0000 0.7551 28.0000
v 3.0000 0.7551 30.0000
v 3.0000 2.2653 30.0000
v 3.0000 3.7755 28.0000
v 3.0000 2.2653 28.0000
v 3.0000 2.2653 30.0000
v 3.0000 3.7755 30.0000
v 3.0000 5.2857 28.0000
v 3.0000 3.7755 28.0000
v 3.0000 3.7755 30.0000
v 3.0000 5.2857 30.0000
v 3.0000 6.7959 28.0000
v 3.0000 5.2857 28.0000
v 3.0000 5.2857 30.0000
v 3.0000 6.7959 30.0000
v 3.0000 8.3061 28.0000
v 3.0000 6.7959 28.0000
v 3.0000 6.7959 30.0000
v 3.0000 8.3061 30.0000
v 3.0000 9.8163 28.0000
v 3.0000 8.3061 28.0000
v 3.0000 8.3061 30.0000
v 3.0000 9.8163 30.0000
v 3.0000 11.3265 28.0000
v 3.0000 9.8163 28.0000
v 3.0000 9.8163 30.0000
v 3.0000 11.3265 30.0000
v 3.0000 12.8367 28.0000
v 3.0000 11.3265 28.0000
v 3.0000 11.3265 30.0000
v 3.0000 12.8367 30.0000
v 3.0000 14.3469 28.0000
v 3.0000 12.8367 28.0000
v 3.0000 12.8367 30.0000
v 3.0000 14.3469 30.0000
v 3.0000 15.8571 28.0000
v 3.0000 14.3469 28.0000
v 3.0000 14.3469 30.0000
v 3.0000 15.8571 30.0000
v 3.0000 17.3673 28.0000
v 3.0000 15.8571 28.0000
v 3.0000 15.8571 30.0000
v 3.0000 17.3673 30.0000
v 3.0000 18.8776 28.0000
v 3.0000 17.3673 28.0000
v 3.0000 17.3673 30.0000
v 3.0000 18.8776 30.0000
v 3.0000 20.3878 28.0000
v 3.0000 18.8776 28.0000
v 3.0000 18.8776 30.0000
v 3.0000 20.3878 30.0000
v 3.0000 21.8980 28.0000
v 3.0000 20.3878 28.0000
v 3.0000 20.3878 30.0000
v 3.0000 21.8980 30.0000
v 3.0000 23.4082 28.0000
v 3.0000 21.8980 28.0000
v 3.0000 21.8980 30.0000
v 3.0000 23.4082 30.0000
v 3.0000 24.9184 28.0000
v 3.0000 23.4082 28.0000
v 3.0000 23.4082 30.0000
v 3.0000 24.9184 30.0000
v 3.0000 26.4286 28.0000
v 3.0000 24.9184 28.0000
v 3.0000 24.9184 30.0000
v 3.0000 26.4286 30.0000
v 3.0000 27.9388 28.0000
v 3.0000 26.4286 28.0000
v 3.0000 26.4286 30.0000
v 3.0000 27.9388 30.0000
v 3.0000 29.4490 28.0000
v 3.0000 27.9388 28.0000
v 3.0000 27.9388 30.0000
v 3.0000 29.4490 30.0000
v 3.0000 30.9592 28.0000
v 3.0000 29.4490 28.0000
v 3.0000 29.4490 30.0000
v 3.0000 30.9592 30.0000
v 3.0000 32.4694 28.0000
v 3.0000 30.9592 28.0000
v 3.0000 30.9592 30.0000
v 3.0000 32.4694 30.0000
v 3.0000 33.9796 28.0000
v 3.0000 33.9796 30.0000
v 3.0000 35.4898 28.0000
v 3.0000 35.4898 30.0000
v 3.0000 37.0000 28.0000
v 3.0000 35.4898 28.0000
v 3.0000 35.4898 30.0000
v 3.0000 37.0000 30.0000
v 4.5000 -35.4898 28.0000
v 4.5000 -37.0000 28.0000
v 4.5000 -37.0000 30.0000
v 4.5000 -35.4898 30.0000
v 4.5000 -33.9796 28.0000
v 4.5000 -33.9796 30.0000
v 4.5000 -32.4694 28.0000
v 4.5000 -33.9796 28.0000
v 4.5000 -33.9796 30.0000
v 4.5000 -32.4694 30.0000
v 4.5000 -30.9592 28.0000
v 4.5000 -30.9592 30.0000
v 4.5000 -29.4490 28.0000
v 4.5000 -30.9592 28.0000
v 4.5000 -30.9592 30.0000
v 4.5000 -29.4490 30.0000
v 4.5000 -18.8776 28.0000
v 4.5000 -20.3878 28.0000
v 4.5000 -20.3878 30.0000
v 4.5000 -18.8776 30.0000
v 4.5000 -8.3061 28.0000
v 4.5000 -9.8163 28.0000
v 4.5000 -9.8163 30.0000
v 4.5000 -8.3061 30.0000
v 4.5000 -6.7959 28.0000
v 4.5000 -8.3061 28.0000
v 4.5000 -8.3061 30.0000
v 4.5000 -6.7959 30.0000
v 4.5000 -5.2857 28.0000
v 4.5000 -6.7959 28.0000
v 4.5000 -6.7959 30.0000
v 4.5000 -5.2857 30.0000
v 4.5000 -3.7755 28.0000
v 4.5000 -5.2857 28.0000
v 4.5000 -5.2857 30.0000
v 4.5000 -3.7755 30.0000
v 4.5000 -2.2653 28.0000
v 4.5000 -3.7755 28.0000
v 4.5000 -3.7755 30.0000
v 4.5000 -2.2653 30.0000
v 4.5000 -0.7551 28.0000
v 4.5000 -2.2653 28.0000
v 4.5000 -2.2653 30.0000
v 4.5000 -0.7551 30.0000
v 4.5000 0.7551 28.0000
v 4.5000 -0.7551 28.0000
v 4.5000 -0.7551 30.0000
v 4.5000 0.7551 30.0000
v 4.5000 2.2653 28.0000
v 4.5000 0.7551 28.0000
v 4.5000 0.7551 30.0000
v 4.5000 2.2653 30.0000
v 4.5000 3.7755 28.0000
v 4.5000 2.2653 28.0000
v 4.5000 2.2653 30.0000
v 4.5000 3.7755 30.0000
v 4.5000 5.2857 28.0000
v 4.5000 3.7755 28.0000
v 4.5000 3.7755 30.0000
v 4.5000 5.2857 30.0000
v 4.5000 6.7959 28.0000
v 4.5000 5.2857 28.0000
v 4.5000 5.2857 30.0000
v 4.5000 6.7959 30.0000
v 4.5000 8.3061 28.0000
v 4.5000 6.7959 28.0000
v 4.5000 6.7959 30.0000
v 4.5000 8.3061 30.0000
v 4.5000 9.8163 28.0000
v 4.5000 8.3061 28.0000
v 4.5000 8.3061 30.0000
v 4.5000 9.8163 30.0000
v 4.5000 11.3265 28.0000
v 4.5000 9.8163 28.0000
v 4.5000 9.8163 30.0000
v 4.5000 11.3265 30.0000
v 4.5000 12.8367 28.0000
v 4.5000 11.3265 28.0000
v 4.5000 11.3265 30.0000
v 4.5000 12.8367 30.0000
v 4.5000 14.3469 28.0000
v 4.5000 12.8367 28.0000
v 4.5000 12.8367 30.0000
v 4.5000 14.3469 30.0000
v 4.5000 15.8571 28.0000
v 4.5000 14.3469 28.0000
v 4.5000 14.3469 30.0000
v 4.5000 15.8571 30.0000
v 4.5000 17.3673 28.0000
v 4.5000 15.8571 28.0000
v 4.5000 15.8571 30.0000
v 4.5000 17.3673 30.0000
v 4.5000 18.8776 28.0000
v 4.5000 17.3673 28.0000
v 4.5000 17.3673 30.0000
v 4.5000 18.8776 30.0000
v 4.5000 20.3878 28.0000
v 4.5000 18.8776 28.0000
v 4.5000 18.8776 30.0000
v 4.5000 20.3878 30.0000
v 4.5000 21.8980 28.0000
v 4.5000 20.3878 28.0000
v 4.5000 20.3878 30.0000
v 4.5000 21.8980 30.0000
v 4.5000 23.4082 28.0000
v 4.5000 21.8980 28.0000
v 4.5000 21.8980 30.0000
v 4.5000 23.4082 30.0000
v 4.5000 24.9184 28.0000
v 4.5000 23.4082 28.0000
v 4.5000 23.4082 30.0000
v 4.5000 24.9184 30.0000
v 4.5000 26.4286 28.0000
v 4.5000 24.9184 28.0000
v 4.5000 24.9184 30.0000
v 4.5000 26.4286 30.0000
v 4.5000 27.9388 28.0000
v 4.5000 26.4286 28.0000
v 4.5000 26.4286 30.0000
v 4.5000 27.9388 30.0000
v 4.5000 29.4490 28.0000
v 4.5000 27.9388 28.0000
v 4.5000 27.9388 30.0000
v 4.5000 29.4490 30.0000
v 4.5000 30.9592 28.0000
v 4.5000 29.4490 28.0000
v 4.5000 29.4490 30.0000
v 4.5000 30.9592 30.0000
v 4.5000 32.4694 28.0000
v 4.5000 30.9592 28.0000
v 4.5000 30.9592 30.0000
v 4.5000 32.4694 30.0000
v 4.5000 33.9796 28.0000
v 4.5000 33.9796 30.0000
v 4.5000 35.4898 28.0000
v 4.5000 35.4898 30.0000
v 4.5000 37.0000 28.0000
v 4.5000 35.4898 28.0000
v 4.5000 35.4898 30.0000
v 4.5000 37.0000 30.0000
v 6.0000 -35.4898 28.0000
v 6.0000 -37.0000 28.0000
v 6.0000 -37.0000 30.0000
v 6.0000 -35.4898 30.0000
v 6.0000 -33.9796 28.0000
v 6.0000 -33.9796 30.0000
v 6.0000 -32.4694 28.0000
v 6.0000 -33.9796 28.0000
v 6.0000 -33.9796 30.0000
v 6.0000 -32.4694 30.0000
v 6.0000 -30.9592 28.0000
v 6.0000 -30.9592 30.0000
v 6.0000 -29.4490 28.0000
v 6.0000 -30.9592 28.0000
v 6.0000 -30.9592 30.0000
v 6.0000 -29.4490 30.0000
v 6.0000 -18.8776 28.0000
v 6.0000 -20.3878 28.0000
v 6.0000 -20.3878 30.0000
v 6.0000 -18.8776 30.0000
v 6.0000 -8.3061 28.0000
v 6.0000 -9.8163 28.0000
v 6.0000 -9.8163 30.0000
v 6.0000 -8.3061 30.0000
v 6.0000 -6.7959 28.0000
v 6.0000 -8.3061 28.0000
v 6.0000 -8.3061 30.0000
v 6.0000 -6.7959 30.0000
v 6.0000 -5.2857 28.0000
v 6.0000 -6.7959 28.0000
v 6.0000 -6.7959 30.0000
v 6.0000 -5.2857 30.0000
v 6.0000 -3.7755 28.0000
v 6.0000 -5.2857 28.0000
v 6.0000 -5.2857 30.0000
v 6.0000 -3.7755 30.0000
v 6.0000 -2.2653 28.0000
v 6.0000 -3.7755 28.0000
v 6.0000 -3.7755 30.0000
v 6.0000 -2.2653 30.0000
v 6.0000 -0.7551 28.0000
v 6.0000 -2.2653 28.0000
v 6.0000 -2.2653 30.0000
v 6.0000 -0.7551 30.0000
v 6.0000 0.7551 28.0000
v 6.0000 -0.7551 28.0000
v 6.0000 -0.7551 30.0000
v 6.0000 0.7551 30.0000
v 6.0000 2.2653 28.0000
v 6.0000 0.7551 28.0000
v 6.0000 0.7551 30.0000
v 6.0000 2.2653 30.0000
v 6.0000 3.7755 28.0000
v 6.0000 2.2653 28.0000
v 6.0000 2.2653 30.0000
v 6.0000 3.7755 30.0000
v 6.0000 5.2857 28.0000
v 6.0000 3.7755 28.0000
v 6.0000 3.7755 30.0000
v 6.0000 5.2857 30.0000
v 6.0000 6.7959 28.0000
v 6.0000 5.2857 28.0000
v 6.0000 5.2857 30.0000
v 6.0000 6.7959 30.0000
v 6.0000 8.3061 28.0000
v 6.0000 6.7959 28.0000
v 6.0000 6.7959 30.0000
v 6.0000 8.3061 30.0000
v 6.0000 9.8163 28.0000
v 6.0000 8.3061 28.0000
v 6.0000 8.3061 30.0000
v 6.0000 9.8163 30.0000
v 6.0000 11.3265 28.0000
v 6.0000 9.8163 28.0000
v 6.0000 9.8163 30.0000
v 6.0000 11.3265 30.0000
v 6.0000 12.8367 28.0000
v 6.0000 11.3265 28.0000
v 6.0000 11.3265 30.0000
v 6.0000 12.8367 30.0000
v 6.0000 14.3469 28.0000
v 6.0000 12.8367 28.0000
v 6.0000 12.8367 30.0000
v 6.0000 14.3469 30.0000
v 6.0000 15.8571 28.0000
v 6.0000 14.3469 28.0000
v 6.0000 14.3469 30.0000
v 6.0000 15.8571 30.0000
v 6.0000 17.3673 28.0000
v 6.0000 15.8571 28.0000
v 6.0000 15.8571 30.0000
v 6.0000 17.3673 30.0000
v 6.0000 18.8776 28.0000
v 6.0000 17.3673 28.0000
v 6.0000 17.3673 30.0000
v 6.0000 18.8776 30.0000
v 6.0000 20.3878 28.0000
v 6.0000 18.8776 28.0000
v 6.0000 18.8776 30.0000
v 6.0000 20.3878 30.0000
v 6.0000 21.8980 28.0000
v 6.0000 20.3878 28.0000
v 6.0000 20.3878 30.0000
v 6.0000 21.8980 30.0000
v 6.0000 23.4082 28.0000
v 6.0000 21.8980 28.0000
v 6.0000 21.8980 30.0000
v 6.0000 23.4082 30.0000
v 6.0000 24.9184 28.0000
v 6.0000 23.4082 28.0000
v 6.0000 23.4082 30.0000
v 6.0000 24.9184 30.0000
v 6.0000 26.4286 28.0000
v 6.0000 24.9184 28.0000
v 6.0000 24.9184 30.0000
v 6.0000 26.4286 30.0000
v 6.0000 27.9388 28.0000
v 6.0000 26.4286 28.0000
v 6.0000 26.4286 30.0000
v 6.0000 27.9388 30.0000
v 6.0000 29.4490 28.0000
v 6.0000 27.9388 28.0000
v 6.0000 27.9388 30.0000
v 6.0000 29.4490 30.0000
v 6.0000 30.9592 28.0000
v 6.0000 29.4490 28.0000
v 6.0000 29.4490 30.0000
v 6.0000 30.9592 30.0000
v 6.0000 32.4694 28.0000
v 6.0000 30.9592 28.0000
v 6.0000 30.9592 30.0000
v 6.0000 32.4694 30.0000
v 6.0000 33.9796 28.0000
v 6.0000 33.9796 30.0000
v 6.0000 35.4898 28.0000
v 6.0000 35.4898 30.0000
v 6.0000 37.0000 28.0000
v 6.0000 35.4898 28.0000
v 6.0000 35.4898 30.0000
v 6.0000 37.0000 30.0000
v 7.5000 -35.4898 28.0000
v 7.5000 -37.0000 28.0000
v 7.5000 -37.0000 30.0000
v 7.5000 -35.4898 30.0000
v 7.5000 -33.9796 28.0000
v 7.5000 -33.9796 30.0000
v 7.5000 -32.4694 28.0000
v 7.5000 -33.9796 28.0000
v 7.5000 -33.9796 30.0000
v 7.5000 -32.4694 30.0000
v 7.5000 -30.9592 28.0000
v 7.5000 -30.9592 30.0000
v 7.5000 -29.4490 28.0000
v 7.5000 -30.9592 28.0000
v 7.5000 -30.9592 30.0000
v 7.5000 -29.4490 30.0000
v 7.5000 -18.8776 28.0000
v 7.5000 -20.3878 28.0000
v 7.5000 -20.3878 30.0000
v 7.5000 -18.8776 30.0000
v 7.5000 -8.3061 28.0000
v 7.5000 -9.8163 28.0000
v 7.5000 -9.8163 30.0000
v 7.5000 -8.3061 30.0000
v 7.5000 -6.7959 28.0000
v 7.5000 -8.3061 28.0000
v 7.5000 -8.3061 30.0000
v 7.5000 -6.7959 30.0000
v 7.5000 -5.2857 28.0000
v 7.5000 -6.7959 28.0000
v 7.5000 -6.7959 30.0000
v 7.5000 -5.2857 30.0000
v 7.5000 -3.7755 28.0000
v 7.5000 -5.2857 28.0000
v 7.5000 -5.2857 30.0000
v 7.5000 -3.7755 30.0000
v 7.5000 -2.2653 28.0000
v 7.5000 -3.7755 28.0000
v 7.5000 -3.7755 30.0000
v 7.5000 -2.2653 30.0000
v 7.5000 -0.7551 28.0000
v 7.5000 -2.2653 28.0000
v 7.5000 -2.2653 30.0000
v 7.5000 -0.7551 30.0000
v 7.5000 0.7551 28.0000
v 7.5000 -0.7551 28.0000
v 7.5000 -0.7551 30.0000
v 7.5000 0.7551 30.0000
v 7.5000 2.2653 28.0000
v 7.5000 0.7551 28.0000
v 7.5000 0.7551 30.0000
v 7.5000 2.2653 30.0000
v 7.5000 3.7755 28.0000
v 7.5000 2.2653 28.0000
v 7.5000 2.2653 30.0000
v 7.5000 3.7755 30.0000
v 7.5000 5.2857 28.0000
v 7.5000 3.7755 28.0000
v 7.5000 3.7755 30.0000
v 7.5000 5.2857 30.0000
v 7.5000 6.7959 28.0000
v 7.5000 5.2857 28.0000
v 7.5000 5.2857 30.0000
v 7.5000 6.7959 30.0000
v 7.5000 8.3061 28.0000
v 7.5000 6.7959 28.0000
v 7.5000 6.7959 30.0000
v 7.5000 8.3061 30.0000
v 7.5000 9.8163 28.0000
v 7.5000 8.3061 28.0000
v 7.5000 8.3061 30.0000
v 7.5000 9.8163 30.0000
v 7.5000 11.3265 28.0000
v 7.5000 9.8163 28.0000
v 7.5000 9.8163 30.0000
v 7.5000 11.3265 30.0000
v 7.5000 12.8367 28.0000
v 7.5000 11.3265 28.0000
v 7.5000 11.3265 30.0000
v 7.5000 12.8367 30.0000
v 7.5000 14.3469 28.0000
v 7.5000 12.8367 28.0000
v 7.5000 12.8367 30.0000
v 7.5000 14.3469 30.0000
v 7.5000 15.8571 28.0000
v 7.5000 14.3469 28.0000
v 7.5000 14.3469 30.0000
v 7.5000 15.8571 30.0000
v 7.5000 17.3673 28.0000
v 7.5000 15.8571 28.0000
v 7.5000 15.8571 30.0000
v 7.5000 17.3673 30.0000
v 7.5000 18.8776 28.0000
v 7.5000 17.3673 28.0000
v 7.5000 17.3673 30.0000
v 7.5000 18.8776 30.0000
v 7.5000 20.3878 28.0000
v 7.5000 18.8776 28.0000
v 7.5000 18.8776 30.0000
v 7.5000 20.3878 30.0000
v 7.5000 21.8980 28.0000
v 7.5000 20.3878 28.0000
v 7.5000 20.3878 30.0000
v 7.5000 21.8980 30.0000
v 7.5000 23.4082 28.0000
v 7.5000 21.8980 28.0000
v 7.5000 21.8980 30.0000
v 7.5000 23.4082 30.0000
v 7.5000 24.9184 28.0000
v 7.5000 23.4082 28.0000
v 7.5000 23.4082 30.0000
v 7.5000 24.9184 30.0000
v 7.5000 26.4286 28.0000
v 7.5000 24.9184 28.0000
v 7.5000 24.9184 30.0000
v 7.5000 26.4286 30.0000
v 7.5000 27.9388 28.0000
v 7.5000 26.4286 28.0000
v 7.5000 26.4286 30.0000
v 7.5000 27.9388 30.0000
v 7.5000 29.4490 28.0000
v 7.5000 27.9388 28.0000
v 7.5000 27.9388 30.0000
v 7.5000 29.4490 30.0000
v 7.5000 30.9592 28.0000
v 7.5000 29.4490 28.0000
v 7.5000 29.4490 30.0000
v 7.5000 30.9592 30.0000
v 7.5000 32.4694 28.0000
v 7.5000 30.9592 28.0000
v 7.5000 30.9592 30.0000
v 7.5000 32.4694 30.0000
v 7.5000 33.9796 28.0000
v 7.5000 33.9796 30.0000
v 7.5000 35.4898 28.0000
v 7.5000 35.4898 30.0000
v 7.5000 37.0000 28.0000
v 7.5000 35.4898 28.0000
v 7.5000 35.4898 30.0000
v 7.5000 37.0000 30.0000
v 9.0000 -35.4898 28.0000
v 9.0000 -37.0000 28.0000
v 9.0000 -37.0000 30.0000
v 9.0000 -35.4898 30.0000
v 9.0000 -33.9796 28.0000
v 9.0000 -33.9796 30.0000
v 9.0000 -32.4694 28.0000
v 9.0000 -33.9796 28.0000
v 9.0000 -33.9796 30.0000
v 9.0000 -32.4694 30.0000
v 9.0000 -30.9592 28.0000
v 9.0000 -30.9592 30.0000
v 9.0000 -29.4490 28.0000
v 9.0000 -30.9592 28.0000
v 9.0000 -30.9592 30.0000
v 9.0000 -29.4490 30.0000
v 9.0000 -18.8776 28.0000
v 9.0000 -20.3878 28.0000
v 9.0000 -20.3878 30.0000
v 9.0000 -18.8776 30.0000
v 9.0000 -8.3061 28.0000
v 9.0000 -9.8163 28.0000
v 9.0000 -9.8163 30.0000
v 9.0000 -8.3061 30.0000
v 9.0000 -6.7959 28.0000
v 9.0000 -8.3061 28.0000
v 9.0000 -8.3061 30.0000
v 9.0000 -6.7959 30.0000
v 9.0000 -5.2857 28.0000
v 9.0000 -6.7959 28.0000
v 9.0000 -6.7959 30.0000
v 9.0000 -5.2857 30.0000
v 9.0000 -3.7755 28.0000
v 9.0000 -5.2857 28.0000
v 9.0000 -5.2857 30.0000
v 9.0000 -3.7755 30.0000
v 9.0000 -2.2653 28.0000
v 9.0000 -3.7755 28.0000
v 9.0000 -3.7755 30.0000
v 9.0000 -2.2653 30.0000
v 9.0000 -0.7551 28.0000
v 9.0000 -2.2653 28.0000
v 9.0000 -2.2653 30.0000
v 9.0000 -0.7551 30.0000
v 9.0000 0.7551 28.0000
v 9.0000 -0.7551 28.0000
v 9.0000 -0.7551 30.0000
v 9.0000 0.7551 30.0000
v 9.0000 2.2653 28.0000
v 9.0000 0.7551 28.0000
v 9.0000 0.7551 30.0000
v 9.0000 2.2653 30.0000
v 9.0000 3.7755 28.0000
v 9.0000 2.2653 28.0000
v 9.0000 2.2653 30.0000
v 9.0000 3.7755 30.0000
v 9.0000 5.2857 28.0000
v 9.0000 3.7755 28.0000
v 9.0000 3.7755 30.0000
v 9.0000 5.2857 30.0000
v 9.0000 6.7959 28.0000
v 9.0000 5.2857 28.0000
v 9.0000 5.2857 30.0000
v 9.0000 6.7959 30.0000
v 9.0000 8.3061 28.0000
v 9.0000 6.7959 28.0000
v 9.0000 6.7959 30.0000
v 9.0000 8.3061 30.0000
v 9.0000 9.8163 28.0000
v 9.0000 8.3061 28.0000
v 9.0000 8.3061 30.0000
v 9.0000 9.8163 30.0000
v 9.0000 11.3265 28.0000
v 9.0000 9.8163 28.0000
v 9.0000 9.8163 30.0000
v 9.0000 11.3265 30.0000
v 9.0000 12.8367 28.0000
v 9.0000 11.3265 28.0000
v 9.0000 11.3265 30.0000
v 9.0000 12.8367 30.0000
v 9.0000 14.3469 28.0000
v 9.0000 12.8367 28.0000
v 9.0000 12.8367 30.0000
v 9.0000 14.3469 30.0000
v 9.0000 15.8571 28.0000
v 9.0000 14.3469 28.0000
v 9.0000 14.3469 30.0000
v 9.0000 15.8571 30.0000
v 9.0000 17.3673 28.0000
v 9.0000 15.8571 28.0000
v 9.0000 15.8571 30.0000
v 9.0000 17.3673 30.0000
v 9.0000 18.8776 28.0000
v 9.0000 17.3673 28.0000
v 9.0000 17.3673 30.0000
v 9.0000 18.8776 30.0000
v 9.0000 20.3878 28.0000
v 9.0000 18.8776 28.0000
v 9.0000 18.8776 30.0000
v 9.0000 20.3878 30.0000
v 9.0000 21.8980 28.0000
v 9.0000 20.3878 28.0000
v 9.0000 20.3878 30.0000
v 9.0000 21.8980 30.0000
v 9.0000 23.4082 28.0000
v 9.0000 21.8980 28.0000
v 9.0000 21.8980 30.0000
v 9.0000 23.4082 30.0000
v 9.0000 24.9184 28.0000
v 9.0000 23.4082 28.0000
v 9.0000 23.4082 30.0000
v 9.0000 24.9184 30.0000
v 9.0000 26.4286 28.0000
v 9.0000 24.9184 28.0000
v 9.0000 24.9184 30.0000
v 9.0000 26.4286 30.0000
v 9.0000 27.9388 28.0000
v 9.0000 26.4286 28.0000
v 9.0000 26.4286 30.0000
v 9.0000 27.9388 30.0000
v 9.0000 29.4490 28.0000
v 9.0000 27.9388 28.0000
v 9.0000 27.9388 30.0000
v 9.0000 29.4490 30.0000
v 9.0000 30.9592 28.0000
v 9.0000 29.4490 28.0000
v 9.0000 29.4490 30.0000
v 9.0000 30.9592 30.0000
v 9.0000 32.4694 28.0000
v 9.0000 30.9592 28.0000
v 9.0000 30.9592 30.0000
v 9.0000 32.4694 30.0000
v 9.0000 33.9796 28.0000
v 9.0000 33.9796 30.0000
v 9.0000 35.4898 28.0000
v 9.0000 35.4898 30.0000
v 9.0000 37.0000 28.0000
v 9.0000 35.4898 28.0000
v 9.0000 35.4898 30.0000
v 9.0000 37.0000 30.0000
v 10.5000 -35.4898 28.0000
v 10.5000 -37.0000 28.0000
v 10.5000 -37.0000 30.0000
v 10.5000 -35.4898 30.0000
v 10.5000 -33.9796 28.0000
v 10.5000 -33.9796 30.0000
v 10.5000 -32.4694 28.0000
v 10.5000 -33.9796 28.0000
v 10.5000 -33.9796 30.0000
v 10.5000 -32.4694 30.0000
v 10.5000 -30.9592 28.0000
v 10.5000 -30.9592 30.0000
v 10.5000 -29.4490 28.0000
v 10.5000 -30.9592 28.0000
v 10.5000 -30.9592 30.0000
v 10.5000 -29.4490 30.0000
v 10.5000 -18.8776 28.0000
v 10.5000 -20.3878 28.0000
v 10.5000 -20.3878 30.0000
v 10.5000 -18.8776 30.0000
v 10.5000 -8.3061 28.0000
v 10.5000 -9.8163 28.0000
v 10.5000 -9.8163 30.0000
v 10.5000 -8.3061 30.0000
v 10.5000 -6.7959 28.0000
v 10.5000 -8.3061 28.0000
v 10.5000 -8.3061 30.0000
v 10.5000 -6.7959 30.0000
v 10.5000 -5.2857 28.0000
v 10.5000 -6.7959 28.0000
v 10.5000 -6.7959 30.0000
v 10.5000 -5.2857 30.0000
v 10.5000 -3.7755 28.0000
v 10.5000 -5.2857 28.0000
v 10.5000 -5.2857 30.0000
v 10.5000 -3.7755 30.0000
v 10.5000 -2.2653 28.0000
v 10.5000 -3.7755 28.0000
v 10.5000 -3.7755 30.0000
v 10.5000 -2.2653 30.0000
v 10.5000 -0.7551 28.0000
v 10.5000 -2.2653 28.0000
v 10.5000 -2.2653 30.0000
v 10.5000 -0.7551 30.0000
v 10.5000 0.7551 28.0000
v 10.5000 -0.7551 28.0000
v 10.5000 -0.7551 30.0000
v 10.5000 0.7551 30.0000
v 10.5000 2.2653 28.0000
v 10.5000 0.7551 28.0000
v 10.5000 0.7551 30.0000
v 10.5000 2.2653 30.0000
v 10.5000 3.7755 28.0000
v 10.5000 2.2653 28.0000
v 10.5000 2.2653 30.0000
v 10.5000 3.7755 30.0000
v 10.5000 5.2857 28.0000
v 10.5000 3.7755 28.0000
v 10.5000 3.7755 30.0000
v 10.5000 5.2857 30.0000
v 10.5000 6.7959 28.0000
v 10.5000 5.2857 28.0000
v 10.5000 5.2857 30.0000
v 10.5000 6.7959 30.0000
v 10.5000 8.3061 28.0000
v 10.5000 6.7959 28.0000
v 10.5000 6.7959 30.0000
v 10.5000 8.3061 30.0000
v 10.5000 9.8163 28.0000
v 10.5000 8.3061 28.0000
v 10.5000 8.3061 30.0000
v 10.5000 9.8163 30.0000
v 10.5000 11.3265 28.0000
v 10.5000 9.8163 28.0000
v 10.5000 9.8163 30.0000
v 10.5000 11.3265 30.0000
v 10.5000 12.8367 28.0000
v 10.5000 11.3265 28.0000
v 10.5000 11.3265 30.0000
v 10.5000 12.8367 30.0000
v 10.5000 14.3469 28.0000
v 10.5000 12.8367 28.0000
v 10.5000 12.8367 30.0000
v 10.5000 14.3469 30.0000
v 10.5000 15.8571 28.0000
v 10.5000 14.3469 28.0000
v 10.5000 14.3469 30.0000
v 10.5000 15.8571 30.0000
v 10.5000 17.3673 28.0000
v 10.5000 15.8571 28.0000
v 10.5000 15.8571 30.0000
v 10.5000 17.3673 30.0000
v 10.5000 18.8776 28.0000
v 10.5000 17.3673 28.0000
v 10.5000 17.3673 30.0000
v 10.5000 18.8776 30.0000
v 10.5000 20.3878 28.0000
v 10.5000 18.8776 28.0000
v 10.5000 18.8776 30.0000
v 10.5000 20.3878 30.0000
v 10.5000 21.8980 28.0000
v 10.5000 20.3878 28.0000
v 10.5000 20.3878 30.0000
v 10.5000 21.8980 30.0000
v 10.5000 23.4082 28.0000
v 10.5000 21.8980 28.0000
v 10.5000 21.8980 30.0000
v 10.5000 23.4082 30.0000
v 10.5000 24.9184 28.0000
v 10.5000 23.4082 28.0000
v 10.5000 23.4082 30.0000
v 10.5000 24.9184 30.0000
v 10.5000 26.4286 28.0000
v 10.5000 24.9184 28.0000
v 10.5000 24.9184 30.0000
v 10.5000 26.4286 30.0000
v 10.5000 27.9388 28.0000
v 10.5000 26.4286 28.0000
v 10.5000 26.4286 30.0000
v 10.5000 27.9388 30.0000
v 10.5000 29.4490 28.0000
v 10.5000 27.9388 28.0000
v 10.5000 27.9388 30.0000
v 10.5000 29.4490 30.0000
v 10.5000 30.9592 28.0000
v 10.5000 29.4490 28.0000
v 10.5000 29.4490 30.0000
v 10.5000 30.9592 30.0000
v 10.5000 32.4694 28.0000
v 10.5000 30.9592 28.0000
v 10.5000 30.9592 30.0000
v 10.5000 32.4694 30.0000
v 10.5000 33.9796 28.0000
v 10.5000 33.9796 30.0000
v 10.5000 35.4898 28.0000
v 10.5000 35.4898 30.0000
v 10.5000 37.0000 28.0000
v 10.5000 35.4898 28.0000
v 10.5000 35.4898 30.0000
v 10.5000 37.0000 30.0000
v 12.0000 -35.4898 28.0000
v 12.0000 -37.0000 28.0000
v 12.0000 -37.0000 30.0000
v 12.0000 -35.4898 30.0000
v 12.0000 -33.9796 28.0000
v 12.0000 -33.9796 30.0000
v 12.0000 -32.4694 28.0000
v 12.0000 -33.9796 28.0000
v 12.0000 -33.9796 30.0000
v 12.0000 -32.4694 30.0000
v 12.0000 -30.9592 28.0000
v 12.0000 -30.9592 30.0000
v 12.0000 -29.4490 28.0000
v 12.0000 -30.9592 28.0000
v 12.0000 -30.9592 30.0000
v 12.0000 -29.4490 30.0000
v 12.0000 -18.8776 28.0000
v 12.0000 -20.3878 28.0000
v 12.0000 -20.3878 30.0000
v 12.0000 -18.8776 30.0000
v 12.0000 -8.3061 28.0000
v 12.0000 -9.8163 28.0000
v 12.0000 -9.8163 30.0000
v 12.0000 -8.3061 30.0000
v 12.0000 -6.7959 28.0000
v 12.0000 -8.3061 28.0000
v 12.0000 -8.3061 30.0000
v 12.0000 -6.7959 30.0000
v 12.0000 -5.2857 28.0000
v 12.0000 -6.7959 28.0000
v 12.0000 -6.7959 30.0000
v 12.0000 -5.2857 30.0000
v 12.0000 -3.7755 28.0000
v 12.0000 -5.2857 28.0000
v 12.0000 -5.2857 30.0000
v 12.0000 -3.7755 30.0000
v 12.0000 -2.2653 28.0000
v 12.0000 -3.7755 28.0000
v 12.0000 -3.7755 30.0000
v 12.0000 -2.2653 30.0000
v 12.0000 -0.7551 28.0000
v 12.0000 -2.2653 28.0000
v 12.0000 -2.2653 30.0000
v 12.0000 -0.7551 30.0000
v 12.0000 0.7551 28.0000
v 12.0000 -0.7551 28.0000
v 12.0000 -0.7551 30.0000
v 12.0000 0.7551 30.0000
v 12.0000 2.2653 28.0000
v 12.0000 0.7551 28.0000
v 12.0000 0.7551 30.0000
v 12.0000 2.2653 30.0000
v 12.0000 3.7755 28.0000
v 12.0000 2.2653 28.0000
v 12.0000 2.2653 30.0000
v 12.0000 3.7755 30.0000
v 12.0000 5.2857 28.0000
v 12.0000 3.7755 28.0000
v 12.0000 3.7755 30.0000
v 12.0000 5.2857 30.0000
v 12.0000 6.7959 28.0000
v 12.0000 5.2857 28.0000
v 12.0000 5.2857 30.0000
v 12.0000 6.7959 30.0000
v 12.0000 8.3061 28.0000
v 12.0000 6.7959 28.0000
v 12.0000 6.7959 30.0000
v 12.0000 8.3061 30.0000
v 12.0000 9.8163 28.0000
v 12.0000 8.3061 28.0000
v 12.0000 8.3061 30.0000
v 12.0000 9.8163 30.0000
v 12.0000 11.3265 28.0000
v 12.0000 9.8163 28.0000
v 12.0000 9.8163 30.0000
v 12.0000 11.3265 30.0000
v 12.0000 12.8367 28.0000
v 12.0000 11.3265 28.0000
v 12.0000 11.3265 30.0000
v 12.0000 12.8367 30.0000
v 12.0000 14.3469 28.0000
v 12.0000 12.8367 28.0000
v 12.0000 12.8367 30.0000
v 12.0000 14.3469 30.0000
v 12.0000 15.8571 28.0000
v 12.0000 14.3469 28.0000
v 12.0000 14.3469 30.0000
v 12.0000 15.8571 30.0000
v 12.0000 17.3673 28.0000
v 12.0000 15.8571 28.0000
v 12.0000 15.8571 30.0000
v 12.0000 17.3673 30.0000
v 12.0000 18.8776 28.0000
v 12.0000 17.3673 28.0000
v 12.0000 17.3673 30.0000
v 12.0000 18.8776 30.0000
v 12.0000 20.3878 28.0000
v 12.0000 18.8776 28.0000
v 12.0000 18.8776 30.0000
v 12.0000 20.3878 30.0000
v 12.0000 21.8980 28.0000
v 12.0000 20.3878 28.0000
v 12.0000 20.3878 30.0000
v 12.0000 21.8980 30.0000
v 12.0000 23.4082 28.0000
v 12.0000 21.8980 28.0000
v 12.0000 21.8980 30.0000
v 12.0000 23.4082 30.0000
v 12.0000 24.9184 28.0000
v 12.0000 23.4082 28.0000
v 12.0000 23.4082 30.0000
v 12.0000 24.9184 30.0000
v 12.0000 26.4286 28.0000
v 12.0000 24.9184 28.0000
v 12.0000 24.9184 30.0000
v 12.0000 26.4286 30.0000
v 12.0000 27.9388 28.0000
v 12.0000 26.4286 28.0000
v 12.0000 26.4286 30.0000
v 12.0000 27.9388 30.0000
v 12.0000 29.4490 28.0000
v 12.0000 27.9388 28.0000
v 12.0000 27.9388 30.0000
v 12.0000 29.4490 30.0000
v 12.0000 30.9592 28.0000
v 12.0000 29.4490 28.0000
v 12.0000 29.4490 30.0000
v 12.0000 30.9592 30.0000
v 12.0000 32.4694 28.0000
v 12.0000 30.9592 28.0000
v 12.0000 30.9592 30.0000
v 12.0000 32.4694 30.0000
v 12.0000 33.9796 28.0000
v 12.0000 33.9796 30.0000
v 12.0000 35.4898 28.0000
v 12.0000 35.4898 30.0000
v 12.0000 37.0000 28.0000
v 12.0000 35.4898 28.0000
v 12.0000 35.4898 30.0000
v 12.0000 37.0000 30.0000
v 13.5000 -35.4898 28.0000
v 13.5000 -37.0000 28.0000
v 13.5000 -37.0000 30.0000
v 13.5000 -35.4898 30.0000
v 13.5000 -33.9796 28.0000
v 13.5000 -33.9796 30.0000
v 13.5000 -32.4694 28.0000
v 13.5000 -33.9796 28.0000
v 13.5000 -33.9796 30.0000
v 13.5000 -32.4694 30.0000
v 13.5000 -30.9592 28.0000
v 13.5000 -30.9592 30.0000
v 13.5000 -29.4490 28.0000
v 13.5000 -30.9592 28.0000
v 13.5000 -30.9592 30.0000
v 13.5000 -29.4490 30.0000
v 13.5000 -18.8776 28.0000
v 13.5000 -20.3878 28.0000
v 13.5000 -20.3878 30.0000
v 13.5000 -18.8776 30.0000
v 13.5000 -8.3061 28.0000
v 13.5000 -9.8163 28.0000
v 13.5000 -9.8163 30.0000
v 13.5000 -8.3061 30.0000
v 13.5000 -6.7959 28.0000
v 13.5000 -8.3061 28.0000
v 13.5000 -8.3061 30.0000
v 13.5000 -6.7959 30.0000
v 13.5000 -5.2857 28.0000
v 13.5000 -6.7959 28.0000
v 13.5000 -6.7959 30.0000
v 13.5000 -5.2857 30.0000
v 13.5000 -3.7755 28.0000
v 13.5000 -5.2857 28.0000
v 13.5000 -5.2857 30.0000
v 13.5000 -3.7755 30.0000
v 13.5000 -2.2653 28.0000
v 13.5000 -3.7755 28.0000
v 13.5000 -3.7755 30.0000
v 13.5000 -2.2653 30.0000
v 13.5000 -0.7551 28.0000
v 13.5000 -2.2653 28.0000
v 13.5000 -2.2653 30.0000
v 13.5000 -0.7551 30.0000
v 13.5000 0.7551 28.0000
v 13.5000 -0.7551 28.0000
v 13.5000 -0.7551 30.0000
v 13.5000 0.7551 30.0000
v 13.5000 2.2653 28.0000
v 13.5000 0.7551 28.0000
v 13.5000 0.7551 30.0000
v 13.5000 2.2653 30.0000
v 13.5000 3.7755 28.0000
v 13.5000 2.2653 28.0000
v 13.5000 2.2653 30.0000
v 13.5000 3.7755 30.0000
v 13.5000 5.2857 28.0000
v 13.5000 3.7755 28.0000
v 13.5000 3.7755 30.0000
v 13.5000 5.2857 30.0000
v 13.5000 6.7959 28.0000
v 13.5000 5.2857 28.0000
v 13.5000 5.2857 30.0000
v 13.5000 6.7959 30.0000
v 13.5000 8.3061 28.0000
v 13.5000 6.7959 28.0000
v 13.5000 6.7959 30.0000
v 13.5000 8.3061 30.0000
v 13.5000 9.8163 28.0000
v 13.5000 8.3061 28.0000
v 13.5000 8.3061 30.0000
v 13.5000 9.8163 30.0000
v 13.5000 11.3265 28.0000
v 13.5000 9.8163 28.0000
v 13.5000 9.8163 30.0000
v 13.5000 11.3265 30.0000
v 13.5000 12.8367 28.0000
v 13.5000 11.3265 28.0000
v 13.5000 11.3265 30.0000
v 13.5000 12.8367 30.0000
v 13.5000 14.3469 28.0000
v 13.5000 12.8367 28.0000
v 13.5000 12.8367 30.0000
v 13.5000 14.3469 30.0000
v 13.5000 15.8571 28.0000
v 13.5000 14.3469 28.0000
v 13.5000 14.3469 30.0000
v 13.5000 15.8571 30.0000
v 13.5000 17.3673 28.0000
v 13.5000 15.8571 28.0000
v 13.5000 15.8571 30.0000
v 13.5000 17.3673 30.0000
v 13.5000 18.8776 28.0000
v 13.5000 17.3673 28.0000
v 13.5000 17.3673 30.0000
v 13.5000 18.8776 30.0000
v 13.5000 20.3878 28.0000
v 13.5000 18.8776 28.0000
v 13.5000 18.8776 30.0000
v 13.5000 20.3878 30.0000
v 13.5000 21.8980 28.0000
v 13.5000 20.3878 28.0000
v 13.5000 20.3878 30.0000
v 13.5000 21.8980 30.0000
v 13.5000 23.4082 28.0000
v 13.5000 21.8980 28.0000
v 13.5000 21.8980 30.0000
v 13.5000 23.4082 30.0000
v 13.5000 24.9184 28.0000
v 13.5000 23.4082 28.0000
v 13.5000 23.4082 30.0000
v 13.5000 24.9184 30.0000
v 13.5000 26.4286 28.0000
v 13.5000 24.9184 28.0000
v 13.5000 24.9184 30.0000
v 13.5000 26.4286 30.0000
v 13.5000 27.9388 28.0000
v 13.5000 26.4286 28.0000
v 13.5000 26.4286 30.0000
v 13.5000 27.9388 30.0000
v 13.5000 29.4490 28.0000
v 13.5000 27.9388 28.0000
v 13.5000 27.9388 30.0000
v 13.5000 29.4490 30.0000
v 13.5000 30.9592 28.0000
v 13.5000 29.4490 28.0000
v 13.5000 29.4490 30.0000
v 13.5000 30.9592 30.0000
v 13.5000 32.4694 28.0000
v 13.5000 30.9592 28.0000
v 13.5000 30.9592 30.0000
v 13.5000 32.4694 30.0000
v 13.5000 33.9796 28.0000
v 13.5000 33.9796 30.0000
v 13.5000 35.4898 28.0000
v 13.5000 35.4898 30.0000
v 13.5000 37.0000 28.0000
v 13.5000 35.4898 28.0000
v 13.5000 35.4898 30.0000
v 13.5000 37.0000 30.0000
v 15.0000 -35.4898 28.0000
v 15.0000 -37.0000 28.0000
v 15.0000 -37.0000 30.0000
v 15.0000 -35.4898 30.0000
v 15.0000 -33.9796 28.0000
v 15.0000 -33.9796 30.0000
v 15.0000 -32.4694 28.0000
v 15.0000 -33.9796 28.0000
v 15.0000 -33.9796 30.0000
v 15.0000 -32.4694 30.0000
v 15.0000 -30.9592 28.0000
v 15.0000 -30.9592 30.0000
v 15.0000 -29.4490 28.0000
v 15.0000 -30.9592 28.0000
v 15.0000 -30.9592 30.0000
v 15.0000 -29.4490 30.0000
v 15.0000 -18.8776 28.0000
v 15.0000 -20.3878 28.0000
v 15.0000 -20.3878 30.0000
v 15.0000 -18.8776 30.0000
v 15.0000 -8.3061 28.0000
v 15.0000 -9.8163 28.0000
v 15.0000 -9.8163 30.0000
v 15.0000 -8.3061 30.0000
v 15.0000 -6.7959 28.0000
v 15.0000 -8.3061 28.0000
v 15.0000 -8.3061 30.0000
v 15.0000 -6.7959 30.0000
v 15.0000 -5.2857 28.0000
v 15.0000 -6.7959 28.0000
v 15.0000 -6.7959 30.0000
v 15.0000 -5.2857 30.0000
v 15.0000 -3.7755 28.0000
v 15.0000 -5.2857 28.0000
v 15.0000 -5.2857 30.0000
v 15.0000 -3.7755 30.0000
v 15.0000 -2.2653 28.0000
v 15.0000 -3.7755 28.0000
v 15.0000 -3.7755 30.0000
v 15.0000 -2.2653 30.0000
v 15.0000 -0.7551 28.0000
v 15.0000 -2.2653 28.0000
v 15.0000 -2.2653 30.0000
v 15.0000 -0.7551 30.0000
v 15.0000 0.7551 28.0000
v 15.0000 -0.7551 28.0000
v 15.0000 -0.7551 30.0000
v 15.0000 0.7551 30.0000
v 15.0000 2.2653 28.0000
v 15.0000 0.7551 28.0000
v 15.0000 0.7551 30.0000
v 15.0000 2.2653 30.0000
v 15.0000 3.7755 28.0000
v 15.0000 2.2653 28.0000
v 15.0000 2.2653 30.0000
v 15.0000 3.7755 30.0000
v 15.0000 5.2857 28.0000
v 15.0000 3.7755 28.0000
v 15.0000 3.7755 30.0000
v 15.0000 5.2857 30.0000
v 15.0000 6.7959 28.0000
v 15.0000 5.2857 28.0000
v 15.0000 5.2857 30.0000
v 15.0000 6.7959 30.0000
v 15.0000 8.3061 28.0000
v 15.0000 6.7959 28.0000
v 15.0000 6.7959 30.0000
v 15.0000 8.3061 30.0000
v 15.0000 9.8163 28.0000
v 15.0000 8.3061 28.0000
v 15.0000 8.3061 30.0000
v 15.0000 9.8163 30.0000
v 15.0000 11.3265 28.0000
v 15.0000 9.8163 28.0000
v 15.0000 9.8163 30.0000
v 15.0000 11.3265 30.0000
v 15.0000 12.8367 28.0000
v 15.0000 11.3265 28.0000
v 15.0000 11.3265 30.0000
v 15.0000 12.8367 30.0000
v 15.0000 14.3469 28.0000
v 15.0000 12.8367 28.0000
v 15.0000 12.8367 30.0000
v 15.0000 14.3469 30.0000
v 15.0000 15.8571 28.0000
v 15.0000 14.3469 28.0000
v 15.0000 14.3469 30.0000
v 15.0000 15.8571 30.0000
v 15.0000 17.3673 28.0000
v 15.0000 15.8571 28.0000
v 15.0000 15.8571 30.0000
v 15.0000 17.3673 30.0000
v 15.0000 18.8776 28.0000
v 15.0000 17.3673 28.0000
v 15.0000 17.3673 30.0000
v 15.0000 18.8776 30.0000
v 15.0000 20.3878 28.0000
v 15.0000 18.8776 28.0000
v 15.0000 18.8776 30.0000
v 15.0000 20.3878 30.0000
v 15.0000 21.8980 28.0000
v 15.0000 20.3878 28.0000
v 15.0000 20.3878 30.0000
v 15.0000 21.8980 30.0000
v 15.0000 23.4082 28.0000
v 15.0000 21.8980 28.0000
v 15.0000 21.8980 30.0000
v 15.0000 23.4082 30.0000
v 15.0000 24.9184 28.0000
v 15.0000 23.4082 28.0000
v 15.0000 23.4082 30.0000
v 15.0000 24.9184 30.0000
v 15.0000 26.4286 28.0000
v 15.0000 24.9184 28.0000
v 15.0000 24.9184 30.0000
v 15.0000 26.4286 30.0000
v 15.0000 27.9388 28.0000
v 15.0000 26.4286 28.0000
v 15.0000 26.4286 30.0000
v 15.0000 27.9388 30.0000
v 15.0000 29.4490 28.0000
v 15.0000 27.9388 28.0000
v 15.0000 27.9388 30.0000
v 15.0000 29.4490 30.0000
v 15.0000 30.9592 28.0000
v 15.0000 29.4490 28.0000
v 15.0000 29.4490 30.0000
v 15.0000 30.9592 30.0000
v 15.0000 32.4694 28.0000
v 15.0000 30.9592 28.0000
v 15.0000 30.9592 30.0000
v 15.0000 32.4694 30.0000
v 15.0000 33.9796 28.0000
v 15.0000 33.9796 30.0000
v 15.0000 35.4898 28.0000
v 15.0000 35.4898 30.0000
v 15.0000 37.0000 28.0000
v 15.0000 35.4898 28.0000
v 15.0000 35.4898 30.0000
v 15.0000 37.0000 30.0000
v 16.5000 -35.4898 28.0000
v 16.5000 -37.0000 28.0000
v 16.5000 -37.0000 30.0000
v 16.5000 -35.4898 30.0000
v 16.5000 -33.9796 28.0000
v 16.5000 -33.9796 30.0000
v 16.5000 -32.4694 28.0000
v 16.5000 -33.9796 28.0000
v 16.5000 -33.9796 30.0000
v 16.5000 -32.4694 30.0000
v 16.5000 -30.9592 28.0000
v 16.5000 -30.9592 30.0000
v 16.5000 -29.4490 28.0000
v 16.5000 -30.9592 28.0000
v 16.5000 -30.9592 30.0000
v 16.5000 -29.4490 30.0000
v 16.5000 -18.8776 28.0000
v 16.5000 -20.3878 28.0000
v 16.5000 -20.3878 30.0000
v 16.5000 -18.8776 30.0000
v 16.5000 -8.3061 28.0000
v 16.5000 -9.8163 28.0000
v 16.5000 -9.8163 30.0000
v 16.5000 -8.3061 30.0000
v 16.5000 -6.7959 28.0000
v 16.5000 -8.3061 28.0000
v 16.5000 -8.3061 30.0000
v 16.5000 -6.7959 30.0000
v 16.5000 -5.2857 28.0000
v 16.5000 -6.7959 28.0000
v 16.5000 -6.7959 30.0000
v 16.5000 -5.2857 30.0000
v 16.5000 -3.7755 28.0000
v 16.5000 -5.2857 28.0000
v 16.5000 -5.2857 30.0000
v 16.5000 -3.7755 30.0000
v 16.5000 -2.2653 28.0000
v 16.5000 -3.7755 28.0000
v 16.5000 -3.7755 30.0000
v 16.5000 -2.2653 30.0000
v 16.5000 -0.7551 28.0000
v 16.5000 -2.2653 28.0000
v 16.5000 -2.2653 30.0000
v 16.5000 -0.7551 30.0000
v 16.5000 0.7551 28.0000
v 16.5000 -0.7551 28.0000
v 16.5000 -0.7551 30.0000
v 16.5000 0.7551 30.0000
v 16.5000 2.2653 28.0000
v 16.5000 0.7551 28.0000
v 16.5000 0.7551 30.0000
v 16.5000 2.2653 30.0000
v 16.5000 3.7755 28.0000
v 16.5000 2.2653 28.0000
v 16.5000 2.2653 30.0000
v 16.5000 3.7755 30.0000
v 16.5000 5.2857 28.0000
v 16.5000 3.7755 28.0000
v 16.5000 3.7755 30.0000
v 16.5000 5.2857 30.0000
v 16.5000 6.7959 28.0000
v 16.5000 5.2857 28.0000
v 16.5000 5.2857 30.0000
v 16.5000 6.7959 30.0000
v 16.5000 8.3061 28.0000
v 16.5000 6.7959 28.0000
v 16.5000 6.7959 30.0000
v 16.5000 8.3061 30.0000
v 16.5000 9.8163 28.0000
v 16.5000 8.3061 28.0000
v 16.5000 8.3061 30.0000
v 16.5000 9.8163 30.0000
v 16.5000 11.3265 28.0000
v 16.5000 9.8163 28.0000
v 16.5000 9.8163 30.0000
v 16.5000 11.3265 30.0000
v 16.5000 12.8367 28.0000
v 16.5000 11.3265 28.0000
v 16.5000 11.3265 30.0000
v 16.5000 12.8367 30.0000
v 16.5000 14.3469 28.0000
v 16.5000 12.8367 28.0000
v 16.5000 12.8367 30.0000
v 16.5000 14.3469 30.0000
v 16.5000 15.8571 28.0000
v 16.5000 14.3469 28.0000
v 16.5000 14.3469 30.0000
v 16.5000 15.8571 30.0000
v 16.5000 17.3673 28.0000
v 16.5000 15.8571 28.0000
v 16.5000 15.8571 30.0000
v 16.5000 17.3673 30.0000
v 16.5000 18.8776 28.0000
v 16.5000 17.3673 28.0000
v 16.5000 17.3673 30.0000
v 16.5000 18.8776 30.0000
v 16.5000 20.3878 28.0000
v 16.5000 18.8776 28.0000
v 16.5000 18.8776 30.0000
v 16.5000 20.3878 30.0000
v 16.5000 21.8980 28.0000
v 16.5000 20.3878 28.0000
v 16.5000 20.3878 30.0000
v 16.5000 21.8980 30.0000
v 16.5000 23.4082 28.0000
v 16.5000 21.8980 28.0000
v 16.5000 21.8980 30.0000
v 16.5000 23.4082 30.0000
v 16.5000 24.9184 28.0000
v 16.5000 23.4082 28.0000
v 16.5000 23.4082 30.0000
v 16.5000 24.9184 30.0000
v 16.5000 26.4286 28.0000
v 16.5000 24.9184 28.0000
v 16.5000 24.9184 30.0000
v 16.5000 26.4286 30.0000
v 16.5000 27.9388 28.0000
v 16.5000 26.4286 28.0000
v 16.5000 26.4286 30.0000
v 16.5000 27.9388 30.0000
v 16.5000 29.4490 28.0000
v 16.5000 27.9388 28.0000
v 16.5000 27.9388 30.0000
v 16.5000 29.4490 30.0000
v 16.5000 30.9592 28.0000
v 16.5000 29.4490 28.0000
v 16.5000 29.4490 30.0000
v 16.5000 30.9592 30.0000
v 16.5000 32.4694 28.0000
v 16.5000 30.9592 28.0000
v 16.5000 30.9592 30.0000
v 16.5000 32.4694 30.0000
v 16.5000 33.9796 28.0000
v 16.5000 33.9796 30.0000
v 16.5000 35.4898 28.0000
v 16.5000 35.4898 30.0000
v 16.5000 37.0000 28.0000
v 16.5000 35.4898 28.0000
v 16.5000 35.4898 30.0000
v 16.5000 37.0000 30.0000
v 18.0000 -35.4898 28.0000
v 18.0000 -37.0000 28.0000
v 18.0000 -37.0000 30.0000
v 18.0000 -35.4898 30.0000
v 18.0000 -33.9796 28.0000
v 18.0000 -33.9796 30.0000
v 18.0000 -32.4694 28.0000
v 18.0000 -33.9796 28.0000
v 18.0000 -33.9796 30.0000
v 18.0000 -32.4694 30.0000
v 18.0000 -30.9592 28.0000
v 18.0000 -30.9592 30.0000
v 18.0000 -29.4490 28.0000
v 18.0000 -30.9592 28.0000
v 18.0000 -30.9592 30.0000
v 18.0000 -29.4490 30.0000
v 16.5000 -27.9388 28.0000
v 18.0000 -27.9388 28.0000
v 18.0000 -27.9388 30.0000
v 16.5000 -27.9388 30.0000
v 16.5000 -26.4286 28.0000
v 18.0000 -26.4286 28.0000
v 18.0000 -26.4286 30.0000
v 16.5000 -26.4286 30.0000
v 16.5000 -26.4286 28.0000
v 16.5000 -24.9184 28.0000
v 18.0000 -24.9184 28.0000
v 18.0000 -26.4286 28.0000
v 16.5000 -26.4286 30.0000
v 18.0000 -26.4286 30.0000
v 18.0000 -24.9184 30.0000
v 16.5000 -24.9184 30.0000
v 16.5000 -23.4082 28.0000
v 18.0000 -23.4082 28.0000
v 18.0000 -23.4082 30.0000
v 16.5000 -23.4082 30.0000
v 16.5000 -21.8980 28.0000
v 18.0000 -21.8980 28.0000
v 18.0000 -21.8980 30.0000
v 16.5000 -21.8980 30.0000
v 16.5000 -21.8980 28.0000
v 18.0000 -20.3878 28.0000
v 18.0000 -21.8980 28.0000
v 16.5000 -21.8980 30.0000
v 18.0000 -21.8980 30.0000
v 18.0000 -20.3878 30.0000
v 18.0000 -18.8776 28.0000
v 18.0000 -18.8776 30.0000
v 16.5000 -17.3673 28.0000
v 18.0000 -17.3673 28.0000
v 18.0000 -17.3673 30.0000
v 16.5000 -17.3673 30.0000
v 16.5000 -17.3673 28.0000
v 16.5000 -15.8571 28.0000
v 18.0000 -15.8571 28.0000
v 18.0000 -17.3673 28.0000
v 16.5000 -17.3673 30.0000
v 18.0000 -17.3673 30.0000
v 18.0000 -15.8571 30.0000
v 16.5000 -15.8571 30.0000
v 16.5000 -15.8571 28.0000
v 16.5000 -14.3469 28.0000
v 18.0000 -14.3469 28.0000
v 18.0000 -15.8571 28.0000
v 16.5000 -15.8571 30.0000
v 18.0000 -15.8571 30.0000
v 18.0000 -14.3469 30.0000
v 16.5000 -14.3469 30.0000
v 16.5000 -14.3469 28.0000
v 16.5000 -12.8367 28.0000
v 18.0000 -12.8367 28.0000
v 18.0000 -14.3469 28.0000
v 16.5000 -14.3469 30.0000
v 18.0000 -14.3469 30.0000
v 18.0000 -12.8367 30.0000
v 16.5000 -12.8367 30.0000
v 16.5000 -12.8367 28.0000
v 16.5000 -11.3265 28.0000
v 18.0000 -11.3265 28.0000
v 18.0000 -12.8367 28.0000
v 16.5000 -12.8367 30.0000
v 18.0000 -12.8367 30.0000
v 18.0000 -11.3265 30.0000
v 16.5000 -11.3265 30.0000
v 16.5000 -11.3265 28.0000
v 16.5000 -9.8163 28.0000
v 18.0000 -9.8163 28.0000
v 18.0000 -11.3265 28.0000
v 16.5000 -11.3265 30.0000
v 18.0000 -11.3265 30.0000
v 18.0000 -9.8163 30.0000
v 16.5000 -9.8163 30.0000
v 18.0000 -8.3061 28.0000
v 18.0000 -9.8163 28.0000
v 18.0000 -9.8163 30.0000
v 18.0000 -8.3061 30.0000
v 18.0000 -6.7959 28.0000
v 18.0000 -8.3061 28.0000
v 18.0000 -8.3061 30.0000
v 18.0000 -6.7959 30.0000
v 18.0000 -5.2857 28.0000
v 18.0000 -6.7959 28.0000
v 18.0000 -6.7959 30.0000
v 18.0000 -5.2857 30.0000
v 18.0000 -3.7755 28.0000
v 18.0000 -5.2857 28.0000
v 18.0000 -5.2857 30.0000
v 18.0000 -3.7755 30.0000
v 18.0000 -2.2653 28.0000
v 18.0000 -3.7755 28.0000
v 18.0000 -3.7755 30.0000
v 18.0000 -2.2653 30.0000
v 18.0000 -0.7551 28.0000
v 18.0000 -2.2653 28.0000
v 18.0000 -2.2653 30.0000
v 18.0000 -0.7551 30.0000
v 18.0000 0.7551 28.0000
v 18.0000 -0.7551 28.0000
v 18.0000 -0.7551 30.0000
v 18.0000 0.7551 30.0000
v 18.0000 2.2653 28.0000
v 18.0000 0.7551 28.0000
v 18.0000 0.7551 30.0000
v 18.0000 2.2653 30.0000
v 18.0000 3.7755 28.0000
v 18.0000 2.2653 28.0000
v 18.0000 2.2653 30.0000
v 18.0000 3.7755 30.0000
v 18.0000 5.2857 28.0000
v 18.0000 3.7755 28.0000
v 18.0000 3.7755 30.0000
v 18.0000 5.2857 30.0000
v 18.0000 6.7959 28.0000
v 18.0000 5.2857 28.0000
v 18.0000 5.2857 30.0000
v 18.0000 6.7959 30.0000
v 18.0000 8.3061 28.0000
v 18.0000 6.7959 28.0000
v 18.0000 6.7959 30.0000
v 18.0000 8.3061 30.0000
v 18.0000 9.8163 28.0000
v 18.0000 8.3061 28.0000
v 18.0000 8.3061 30.0000
v 18.0000 9.8163 30.0000
v 18.0000 11.3265 28.0000
v 18.0000 9.8163 28.0000
v 18.0000 9.8163 30.0000
v 18.0000 11.3265 30.0000
v 18.0000 12.8367 28.0000
v 18.0000 11.3265 28.0000
v 18.0000 11.3265 30.0000
v 18.0000 12.8367 30.0000
v 18.0000 14.3469 28.0000
v 18.0000 12.8367 28.0000
v 18.0000 12.8367 30.0000
v 18.0000 14.3469 30.0000
v 18.0000 15.8571 28.0000
v 18.0000 14.3469 28.0000
v 18.0000 14.3469 30.0000
v 18.0000 15.8571 30.0000
v 18.0000 17.3673 28.0000
v 18.0000 15.8571 28.0000
v 18.0000 15.8571 30.0000
v 18.0000 17.3673 30.0000
v 18.0000 18.8776 28.0000
v 18.0000 17.3673 28.0000
v 18.0000 17.3673 30.0000
v 18.0000 18.8776 30.0000
v 18.0000 20.3878 28.0000
v 18.0000 18.8776 28.0000
v 18.0000 18.8776 30.0000
v 18.0000 20.3878 30.0000
v 18.0000 21.8980 28.0000
v 18.0000 20.3878 28.0000
v 18.0000 20.3878 30.0000
v 18.0000 21.8980 30.0000
v 18.0000 23.4082 28.0000
v 18.0000 21.8980 28.0000
v 18.0000 21.8980 30.0000
v 18.0000 23.4082 30.0000
v 18.0000 24.9184 28.0000
v 18.0000 23.4082 28.0000
v 18.0000 23.4082 30.0000
v 18.0000 24.9184 30.0000
v 18.0000 26.4286 28.0000
v 18.0000 24.9184 28.0000
v 18.0000 24.9184 30.0000
v 18.0000 26.4286 30.0000
v 18.0000 27.9388 28.0000
v 18.0000 26.4286 28.0000
v 18.0000 26.4286 30.0000
v 18.0000 27.9388 30.0000
v 18.0000 29.4490 28.0000
v 18.0000 27.9388 28.0000
v 18.0000 27.9388 30.0000
v 18.0000 29.4490 30.0000
v 18.0000 33.9796 28.0000
v 18.0000 32.4694 28.0000
v 18.0000 32.4694 30.0000
v 18.0000 33.9796 30.0000
v 18.0000 35.4898 28.0000
v 18.0000 35.4898 30.0000
v 18.0000 37.0000 28.0000
v 18.0000 35.4898 28.0000
v 18.0000 35.4898 30.0000
v 18.0000 37.0000 30.0000
v 19.5000 -35.4898 28.0000
v 19.5000 -37.0000 28.0000
v 19.5000 -37.0000 30.0000
v 19.5000 -35.4898 30.0000
v 19.5000 -33.9796 28.0000
v 19.5000 -33.9796 30.0000
v 19.5000 -32.4694 28.0000
v 19.5000 -33.9796 28.0000
v 19.5000 -33.9796 30.0000
v 19.5000 -32.4694 30.0000
v 19.5000 -30.9592 28.0000
v 19.5000 -30.9592 30.0000
v 19.5000 -29.4490 28.0000
v 19.5000 -30.9592 28.0000
v 19.5000 -30.9592 30.0000
v 19.5000 -29.4490 30.0000
v 19.5000 -21.8980 28.0000
v 19.5000 -23.4082 28.0000
v 19.5000 -23.4082 30.0000
v 19.5000 -21.8980 30.0000
v 19.5000 -20.3878 28.0000
v 19.5000 -21.8980 28.0000
v 19.5000 -21.8980 30.0000
v 19.5000 -20.3878 30.0000
v 19.5000 -18.8776 28.0000
v 19.5000 -18.8776 30.0000
v 19.5000 -17.3673 28.0000
v 19.5000 -17.3673 30.0000
v 19.5000 -15.8571 28.0000
v 19.5000 -17.3673 28.0000
v 19.5000 -17.3673 30.0000
v 19.5000 -15.8571 30.0000
v 19.5000 -14.3469 28.0000
v 19.5000 -15.8571 28.0000
v 19.5000 -15.8571 30.0000
v 19.5000 -14.3469 30.0000
v 19.5000 -12.8367 28.0000
v 19.5000 -14.3469 28.0000
v 19.5000 -14.3469 30.0000
v 19.5000 -12.8367 30.0000
v 19.5000 -11.3265 28.0000
v 19.5000 -12.8367 28.0000
v 19.5000 -12.8367 30.0000
v 19.5000 -11.3265 30.0000
v 19.5000 -9.8163 28.0000
v 19.5000 -11.3265 28.0000
v 19.5000 -11.3265 30.0000
v 19.5000 -9.8163 30.0000
v 19.5000 -8.3061 28.0000
v 19.5000 -9.8163 28.0000
v 19.5000 -9.8163 30.0000
v 19.5000 -8.3061 30.0000
v 19.5000 -6.7959 28.0000
v 19.5000 -8.3061 28.0000
v 19.5000 -8.3061 30.0000
v 19.5000 -6.7959 30.0000
v 19.5000 -5.2857 28.0000
v 19.5000 -6.7959 28.0000
v 19.5000 -6.7959 30.0000
v 19.5000 -5.2857 30.0000
v 19.5000 -3.7755 28.0000
v 19.5000 -5.2857 28.0000
v 19.5000 -5.2857 30.0000
v 19.5000 -3.7755 30.0000
v 19.5000 -2.2653 28.0000
v 19.5000 -3.7755 28.0000
v 19.5000 -3.7755 30.0000
v 19.5000 -2.2653 30.0000
v 19.5000 -0.7551 28.0000
v 19.5000 -2.2653 28.0000
v 19.5000 -2.2653 30.0000
v 19.5000 -0.7551 30.0000
v 19.5000 0.7551 28.0000
v 19.5000 -0.7551 28.0000
v 19.5000 -0.7551 30.0000
v 19.5000 0.7551 30.0000
v 19.5000 2.2653 28.0000
v 19.5000 0.7551 28.0000
v 19.5000 0.7551 30.0000
v 19.5000 2.2653 30.0000
v 19.5000 3.7755 28.0000
v 19.5000 2.2653 28.0000
v 19.5000 2.2653 30.0000
v 19.5000 3.7755 30.0000
v 19.5000 5.2857 28.0000
v 19.5000 3.7755 28.0000
v 19.5000 3.7755 30.0000
v 19.5000 5.2857 30.0000
v 19.5000 6.7959 28.0000
v 19.5000 5.2857 28.0000
v 19.5000 5.2857 30.0000
v 19.5000 6.7959 30.0000
v 19.5000 8.3061 28.0000
v 19.5000 6.7959 28.0000
v 19.5000 6.7959 30.0000
v 19.5000 8.3061 30.0000
v 19.5000 9.8163 28.0000
v 19.5000 8.3061 28.0000
v 19.5000 8.3061 30.0000
v 19.5000 9.8163 30.0000
v 19.5000 11.3265 28.0000
v 19.5000 9.8163 28.0000
v 19.5000 9.8163 30.0000
v 19.5000 11.3265 30.0000
v 19.5000 12.8367 28.0000
v 19.5000 11.3265 28.0000
v 19.5000 11.3265 30.0000
v 19.5000 12.8367 30.0000
v 19.5000 14.3469 28.0000
v 19.5000 12.8367 28.0000
v 19.5000 12.8367 30.0000
v 19.5000 14.3469 30.0000
v 19.5000 15.8571 28.0000
v 19.5000 14.3469 28.0000
v 19.5000 14.3469 30.0000
v 19.5000 15.8571 30.0000
v 19.5000 17.3673 28.0000
v 19.5000 15.8571 28.0000
v 19.5000 15.8571 30.0000
v 19.5000 17.3673 30.0000
v 19.5000 18.8776 28.0000
v 19.5000 17.3673 28.0000
v 19.5000 17.3673 30.0000
v 19.5000 18.8776 30.0000
v 19.5000 20.3878 28.0000
v 19.5000 18.8776 28.0000
v 19.5000 18.8776 30.0000
v 19.5000 20.3878 30.0000
v 19.5000 21.8980 28.0000
v 19.5000 20.3878 28.0000
v 19.5000 20.3878 30.0000
v 19.5000 21.8980 30.0000
v 19.5000 23.4082 28.0000
v 19.5000 21.8980 28.0000
v 19.5000 21.8980 30.0000
v 19.5000 23.4082 30.0000
v 19.5000 24.9184 28.0000
v 19.5000 23.4082 28.0000
v 19.5000 23.4082 30.0000
v 19.5000 24.9184 30.0000
v 19.5000 26.4286 28.0000
v 19.5000 24.9184 28.0000
v 19.5000 24.9184 30.0000
v 19.5000 26.4286 30.0000
v 19.5000 27.9388 28.0000
v 19.5000 26.4286 28.0000
v 19.5000 26.4286 30.0000
v 19.5000 27.9388 30.0000
v 19.5000 29.4490 28.0000
v 19.5000 27.9388 28.0000
v 19.5000 27.9388 30.0000
v 19.5000 29.4490 30.0000
v 19.5000 33.9796 28.0000
v 19.5000 32.4694 28.0000
v 19.5000 32.4694 30.0000
v 19.5000 33.9796 30.0000
v 19.5000 35.4898 28.0000
v 19.5000 35.4898 30.0000
v 19.5000 37.0000 28.0000
v 19.5000 35.4898 28.0000
v 19.5000 35.4898 30.0000
v 19.5000 37.0000 30.0000
v 21.0000 -35.4898 28.0000
v 21.0000 -37.0000 28.0000
v 21.0000 -37.0000 30.0000
v 21.0000 -35.4898 30.0000
v 21.0000 -33.9796 28.0000
v 21.0000 -33.9796 30.0000
v 21.0000 -32.4694 28.0000
v 21.0000 -33.9796 28.0000
v 21.0000 -33.9796 30.0000
v 21.0000 -32.4694 30.0000
v 21.0000 -30.9592 28.0000
v 21.0000 -30.9592 30.0000
v 21.0000 -20.3878 28.0000
v 21.0000 -21.8980 28.0000
v 21.0000 -21.8980 30.0000
v 21.0000 -20.3878 30.0000
v 21.0000 -18.8776 28.0000
v 21.0000 -18.8776 30.0000
v 21.0000 -17.3673 28.0000
v 21.0000 -17.3673 30.0000
v 21.0000 -15.8571 28.0000
v 21.0000 -17.3673 28.0000
v 21.0000 -17.3673 30.0000
v 21.0000 -15.8571 30.0000
v 21.0000 -14.3469 28.0000
v 21.0000 -15.8571 28.0000
v 21.0000 -15.8571 30.0000
v 21.0000 -14.3469 30.0000
v 21.0000 -12.8367 28.0000
v 21.0000 -14.3469 28.0000
v 21.0000 -14.3469 30.0000
v 21.0000 -12.8367 30.0000
v 21.0000 -11.3265 28.0000
v 21.0000 -12.8367 28.0000
v 21.0000 -12.8367 30.0000
v 21.0000 -11.3265 30.0000
v 21.0000 -9.8163 28.0000
v 21.0000 -11.3265 28.0000
v 21.0000 -11.3265 30.0000
v 21.0000 -9.8163 30.0000
v 21.0000 -8.3061 28.0000
v 21.0000 -9.8163 28.0000
v 21.0000 -9.8163 30.0000
v 21.0000 -8.3061 30.0000
v 21.0000 -6.7959 28.0000
v 21.0000 -8.3061 28.0000
v 21.0000 -8.3061 30.0000
v 21.0000 -6.7959 30.0000
v 21.0000 -5.2857 28.0000
v 21.0000 -6.7959 28.0000
v 21.0000 -6.7959 30.0000
v 21.0000 -5.2857 30.0000
v 21.0000 -3.7755 28.0000
v 21.0000 -5.2857 28.0000
v 21.0000 -5.2857 30.0000
v 21.0000 -3.7755 30.0000
v 21.0000 -2.2653 28.0000
v 21.0000 -3.7755 28.0000
v 21.0000 -3.7755 30.0000
v 21.0000 -2.2653 30.0000
v 21.0000 -0.7551 28.0000
v 21.0000 -2.2653 28.0000
v 21.0000 -2.2653 30.0000
v 21.0000 -0.7551 30.0000
v 21.0000 0.7551 28.0000
v 21.0000 -0.7551 28.0000
v 21.0000 -0.7551 30.0000
v 21.0000 0.7551 30.0000
v 21.0000 2.2653 28.0000
v 21.0000 0.7551 28.0000
v 21.0000 0.7551 30.0000
v 21.0000 2.2653 30.0000
v 21.0000 3.7755 28.0000
v 21.0000 2.2653 28.0000
v 21.0000 2.2653 30.0000
v 21.0000 3.7755 30.0000
v 21.0000 5.2857 28.0000
v 21.0000 3.7755 28.0000
v 21.0000 3.7755 30.0000
v 21.0000 5.2857 30.0000
v 21.0000 6.7959 28.0000
v 21.0000 5.2857 28.0000
v 21.0000 5.2857 30.0000
v 21.0000 6.7959 30.0000
v 21.0000 8.3061 28.0000
v 21.0000 6.7959 28.0000
v 21.0000 6.7959 30.0000
v 21.0000 8.3061 30.0000
v 21.0000 9.8163 28.0000
v 21.0000 8.3061 28.0000
v 21.0000 8.3061 30.0000
v 21.0000 9.8163 30.0000
v 21.0000 11.3265 28.0000
v 21.0000 9.8163 28.0000
v 21.0000 9.8163 30.0000
v 21.0000 11.3265 30.0000
v 21.0000 12.8367 28.0000
v 21.0000 11.3265 28.0000
v 21.0000 11.3265 30.0000
v 21.0000 12.8367 30.0000
v 21.0000 14.3469 28.0000
v 21.0000 12.8367 28.0000
v 21.0000 12.8367 30.0000
v 21.0000 14.3469 30.0000
v 21.0000 15.8571 28.0000
v 21.0000 14.3469 28.0000
v 21.0000 14.3469 30.0000
v 21.0000 15.8571 30.0000
v 21.0000 17.3673 28.0000
v 21.0000 15.8571 28.0000
v 21.0000 15.8571 30.0000
v 21.0000 17.3673 30.0000
v 21.0000 18.8776 28.0000
v 21.0000 17.3673 28.0000
v 21.0000 17.3673 30.0000
v 21.0000 18.8776 30.0000
v 21.0000 20.3878 28.0000
v 21.0000 18.8776 28.0000
v 21.0000 18.8776 30.0000
v 21.0000 20.3878 30.0000
v 21.0000 21.8980 28.0000
v 21.0000 20.3878 28.0000
v 21.0000 20.3878 30.0000
v 21.0000 21.8980 30.0000
v 21.0000 23.4082 28.0000
v 21.0000 21.8980 28.0000
v 21.0000 21.8980 30.0000
v 21.0000 23.4082 30.0000
v 21.0000 24.9184 28.0000
v 21.0000 23.4082 28.0000
v 21.0000 23.4082 30.0000
v 21.0000 24.9184 30.0000
v 21.0000 26.4286 28.0000
v 21.0000 24.9184 28.0000
v 21.0000 24.9184 30.0000
v 21.0000 26.4286 30.0000
v 21.0000 27.9388 28.0000
v 21.0000 26.4286 28.0000
v 21.0000 26.4286 30.0000
v 21.0000 27.9388 30.0000
v 21.0000 29.4490 28.0000
v 21.0000 27.9388 28.0000
v 21.0000 27.9388 30.0000
v 21.0000 29.4490 30.0000
v 19.5000 29.4490 28.0000
v 19.5000 30.9592 28.0000
v 21.0000 30.9592 28.0000
v 21.0000 29.4490 28.0000
v 19.5000 29.4490 30.0000
v 21.0000 29.4490 30.0000
v 21.0000 30.9592 30.0000
v 19.5000 30.9592 30.0000
v 19.5000 30.9592 28.0000
v 21.0000 32.4694 28.0000
v 21.0000 30.9592 28.0000
v 19.5000 30.9592 30.0000
v 21.0000 30.9592 30.0000
v 21.0000 32.4694 30.0000
v 21.0000 33.9796 28.0000
v 21.0000 33.9796 30.0000
v 21.0000 35.4898 28.0000
v 21.0000 35.4898 30.0000
v 21.0000 37.0000 28.0000
v 21.0000 35.4898 28.0000
v 21.0000 35.4898 30.0000
v 21.0000 37.0000 30.0000
v 22.5000 -35.4898 28.0000
v 22.5000 -37.0000 28.0000
v 22.5000 -37.0000 30.0000
v 22.5000 -35.4898 30.0000
v 22.5000 -33.9796 28.0000
v 22.5000 -33.9796 30.0000
v 22.5000 -32.4694 28.0000
v 22.5000 -33.9796 28.0000
v 22.5000 -33.9796 30.0000
v 22.5000 -32.4694 30.0000
v 22.5000 -20.3878 28.0000
v 22.5000 -21.8980 28.0000
v 22.5000 -21.8980 30.0000
v 22.5000 -20.3878 30.0000
v 22.5000 -18.8776 28.0000
v 22.5000 -18.8776 30.0000
v 22.5000 -17.3673 28.0000
v 22.5000 -17.3673 30.0000
v 22.5000 -15.8571 28.0000
v 22.5000 -17.3673 28.0000
v 22.5000 -17.3673 30.0000
v 22.5000 -15.8571 30.0000
v 22.5000 -14.3469 28.0000
v 22.5000 -15.8571 28.0000
v 22.5000 -15.8571 30.0000
v 22.5000 -14.3469 30.0000
v 22.5000 -12.8367 28.0000
v 22.5000 -14.3469 28.0000
v 22.5000 -14.3469 30.0000
v 22.5000 -12.8367 30.0000
v 22.5000 -11.3265 28.0000
v 22.5000 -12.8367 28.0000
v 22.5000 -12.8367 30.0000
v 22.5000 -11.3265 30.0000
v 22.5000 -9.8163 28.0000
v 22.5000 -11.3265 28.0000
v 22.5000 -11.3265 30.0000
v 22.5000 -9.8163 30.0000
v 22.5000 -8.3061 28.0000
v 22.5000 -9.8163 28.0000
v 22.5000 -9.8163 30.0000
v 22.5000 -8.3061 30.0000
v 22.5000 -6.7959 28.0000
v 22.5000 -8.3061 28.0000
v 22.5000 -8.3061 30.0000
v 22.5000 -6.7959 30.0000
v 22.5000 -5.2857 28.0000
v 22.5000 -6.7959 28.0000
v 22.5000 -6.7959 30.0000
v 22.5000 -5.2857 30.0000
v 22.5000 -3.7755 28.0000
v 22.5000 -5.2857 28.0000
v 22.5000 -5.2857 30.0000
v 22.5000 -3.7755 30.0000
v 22.5000 -2.2653 28.0000
v 22.5000 -3.7755 28.0000
v 22.5000 -3.7755 30.0000
v 22.5000 -2.2653 30.0000
v 22.5000 -0.7551 28.0000
v 22.5000 -2.2653 28.0000
v 22.5000 -2.2653 30.0000
v 22.5000 -0.7551 30.0000
v 22.5000 0.7551 28.0000
v 22.5000 -0.7551 28.0000
v 22.5000 -0.7551 30.0000
v 22.5000 0.7551 30.0000
v 22.5000 2.2653 28.0000
v 22.5000 0.7551 28.0000
v 22.5000 0.7551 30.0000
v 22.5000 2.2653 30.0000
v 22.5000 3.7755 28.0000
v 22.5000 2.2653 28.0000
v 22.5000 2.2653 30.0000
v 22.5000 3.7755 30.0000
v 22.5000 5.2857 28.0000
v 22.5000 3.7755 28.0000
v 22.5000 3.7755 30.0000
v 22.5000 5.2857 30.0000
v 22.5000 6.7959 28.0000
v 22.5000 5.2857 28.0000
v 22.5000 5.2857 30.0000
v 22.5000 6.7959 30.0000
v 22.5000 8.3061 28.0000
v 22.5000 6.7959 28.0000
v 22.5000 6.7959 30.0000
v 22.5000 8.3061 30.0000
v 22.5000 9.8163 28.0000
v 22.5000 8.3061 28.0000
v 22.5000 8.3061 30.0000
v 22.5000 9.8163 30.0000
v 22.5000 11.3265 28.0000
v 22.5000 9.8163 28.0000
v 22.5000 9.8163 30.0000
v 22.5000 11.3265 30.0000
v 22.5000 12.8367 28.0000
v 22.5000 11.3265 28.0000
v 22.5000 11.3265 30.0000
v 22.5000 12.8367 30.0000
v 22.5000 14.3469 28.0000
v 22.5000 12.8367 28.0000
v 22.5000 12.8367 30.0000
v 22.5000 14.3469 30.0000
v 22.5000 15.8571 28.0000
v 22.5000 14.3469 28.0000
v 22.5000 14.3469 30.0000
v 22.5000 15.8571 30.0000
v 22.5000 17.3673 28.0000
v 22.5000 15.8571 28.0000
v 22.5000 15.8571 30.0000
v 22.5000 17.3673 30.0000
v 22.5000 18.8776 28.0000
v 22.5000 17.3673 28.0000
v 22.5000 17.3673 30.0000
v 22.5000 18.8776 30.0000
v 22.5000 20.3878 28.0000
v 22.5000 18.8776 28.0000
v 22.5000 18.8776 30.0000
v 22.5000 20.3878 30.0000
v 22.5000 21.8980 28.0000
v 22.5000 20.3878 28.0000
v 22.5000 20.3878 30.0000
v 22.5000 21.8980 30.0000
v 22.5000 23.4082 28.0000
v 22.5000 21.8980 28.0000
v 22.5000 21.8980 30.0000
v 22.5000 23.4082 30.0000
v 22.5000 24.9184 28.0000
v 22.5000 23.4082 28.0000
v 22.5000 23.4082 30.0000
v 22.5000 24.9184 30.0000
v 22.5000 26.4286 28.0000
v 22.5000 24.9184 28.0000
v 22.5000 24.9184 30.0000
v 22.5000 26.4286 30.0000
v 22.5000 27.9388 28.0000
v 22.5000 26.4286 28.0000
v 22.5000 26.4286 30.0000
v 22.5000 27.9388 30.0000
v 22.5000 29.4490 28.0000
v 22.5000 27.9388 28.0000
v 22.5000 27.9388 30.0000
v 22.5000 29.4490 30.0000
v 22.5000 30.9592 28.0000
v 22.5000 29.4490 28.0000
v 22.5000 29.4490 30.0000
v 22.5000 30.9592 30.0000
v 22.5000 32.4694 28.0000
v 22.5000 30.9592 28.0000
v 22.5000 30.9592 30.0000
v 22.5000 32.4694 30.0000
v 22.5000 33.9796 28.0000
v 22.5000 33.9796 30.0000
v 22.5000 35.4898 28.0000
v 22.5000 35.4898 30.0000
v 22.5000 37.0000 28.0000
v 22.5000 35.4898 28.0000
v 22.5000 35.4898 30.0000
v 22.5000 37.0000 30.0000
v 24.0000 -35.4898 28.0000
v 24.0000 -37.0000 28.0000
v 24.0000 -37.0000 30.0000
v 24.0000 -35.4898 30.0000
v 24.0000 -33.9796 28.0000
v 24.0000 -33.9796 30.0000
v 24.0000 -32.4694 28.0000
v 24.0000 -33.9796 28.0000
v 24.0000 -33.9796 30.0000
v 24.0000 -32.4694 30.0000
v 24.0000 -18.8776 28.0000
v 24.0000 -20.3878 28.0000
v 24.0000 -20.3878 30.0000
v 24.0000 -18.8776 30.0000
v 24.0000 -17.3673 28.0000
v 24.0000 -17.3673 30.0000
v 24.0000 -15.8571 28.0000
v 24.0000 -17.3673 28.0000
v 24.0000 -17.3673 30.0000
v 24.0000 -15.8571 30.0000
v 24.0000 -14.3469 28.0000
v 24.0000 -15.8571 28.0000
v 24.0000 -15.8571 30.0000
v 24.0000 -14.3469 30.0000
v 24.0000 -12.8367 28.0000
v 24.0000 -14.3469 28.0000
v 24.0000 -14.3469 30.0000
v 24.0000 -12.8367 30.0000
v 24.0000 -11.3265 28.0000
v 24.0000 -12.8367 28.0000
v 24.0000 -12.8367 30.0000
v 24.0000 -11.3265 30.0000
v 24.0000 -9.8163 28.0000
v 24.0000 -11.3265 28.0000
v 24.0000 -11.3265 30.0000
v 24.0000 -9.8163 30.0000
v 24.0000 -8.3061 28.0000
v 24.0000 -9.8163 28.0000
v 24.0000 -9.8163 30.0000
v 24.0000 -8.3061 30.0000
v 24.0000 -6.7959 28.0000
v 24.0000 -8.3061 28.0000
v 24.0000 -8.3061 30.0000
v 24.0000 -6.7959 30.0000
v 24.0000 -5.2857 28.0000
v 24.0000 -6.7959 28.0000
v 24.0000 -6.7959 30.0000
v 24.0000 -5.2857 30.0000
v 24.0000 -3.7755 28.0000
v 24.0000 -5.2857 28.0000
v 24.0000 -5.2857 30.0000
v 24.0000 -3.7755 30.0000
v 24.0000 -2.2653 28.0000
v 24.0000 -3.7755 28.0000
v 24.0000 -3.7755 30.0000
v 24.0000 -2.2653 30.0000
v 24.0000 -0.7551 28.0000
v 24.0000 -2.2653 28.0000
v 24.0000 -2.2653 30.0000
v 24.0000 -0.7551 30.0000
v 24.0000 0.7551 28.0000
v 24.0000 -0.7551 28.0000
v 24.0000 -0.7551 30.0000
v 24.0000 0.7551 30.0000
v 24.0000 2.2653 28.0000
v 24.0000 0.7551 28.0000
v 24.0000 0.7551 30.0000
v 24.0000 2.2653 30.0000
v 24.0000 3.7755 28.0000
v 24.0000 2.2653 28.0000
v 24.0000 2.2653 30.0000
v 24.0000 3.7755 30.0000
v 24.0000 5.2857 28.0000
v 24.0000 3.7755 28.0000
v 24.0000 3.7755 30.0000
v 24.0000 5.2857 30.0000
v 24.0000 6.7959 28.0000
v 24.0000 5.2857 28.0000
v 24.0000 5.2857 30.0000
v 24.0000 6.7959 30.0000
v 24.0000 8.3061 28.0000
v 24.0000 6.7959 28.0000
v 24.0000 6.7959 30.0000
v 24.0000 8.3061 30.0000
v 24.0000 9.8163 28.0000
v 24.0000 8.3061 28.0000
v 24.0000 8.3061 30.0000
v 24.0000 9.8163 30.0000
v 24.0000 11.3265 28.0000
v 24.0000 9.8163 28.0000
v 24.0000 9.8163 30.0000
v 24.0000 11.3265 30.0000
v 24.0000 12.8367 28.0000
v 24.0000 11.3265 28.0000
v 24.0000 11.3265 30.0000
v 24.0000 12.8367 30.0000
v 24.0000 14.3469 28.0000
v 24.0000 12.8367 28.0000
v 24.0000 12.8367 30.0000
v 24.0000 14.3469 30.0000
v 24.0000 15.8571 28.0000
v 24.0000 14.3469 28.0000
v 24.0000 14.3469 30.0000
v 24.0000 15.8571 30.0000
v 24.0000 17.3673 28.0000
v 24.0000 15.8571 28.0000
v 24.0000 15.8571 30.0000
v 24.0000 17.3673 30.0000
v 24.0000 18.8776 28.0000
v 24.0000 17.3673 28.0000
v 24.0000 17.3673 30.0000
v 24.0000 18.8776 30.0000
v 24.0000 20.3878 28.0000
v 24.0000 18.8776 28.0000
v 24.0000 18.8776 30.0000
v 24.0000 20.3878 30.0000
v 24.0000 21.8980 28.0000
v 24.0000 20.3878 28.0000
v 24.0000 20.3878 30.0000
v 24.0000 21.8980 30.0000
v 24.0000 23.4082 28.0000
v 24.0000 21.8980 28.0000
v 24.0000 21.8980 30.0000
v 24.0000 23.4082 30.0000
v 24.0000 24.9184 28.0000
v 24.0000 23.4082 28.0000
v 24.0000 23.4082 30.0000
v 24.0000 24.9184 30.0000
v 24.0000 26.4286 28.0000
v 24.0000 24.9184 28.0000
v 24.0000 24.9184 30.0000
v 24.0000 26.4286 30.0000
v 24.0000 27.9388 28.0000
v 24.0000 26.4286 28.0000
v 24.0000 26.4286 30.0000
v 24.0000 27.9388 30.0000
v 24.0000 29.4490 28.0000
v 24.0000 27.9388 28.0000
v 24.0000 27.9388 30.0000
v 24.0000 29.4490 30.0000
v 24.0000 30.9592 28.0000
v 24.0000 29.4490 28.0000
v 24.0000 29.4490 30.0000
v 24.0000 30.9592 30.0000
v 24.0000 32.4694 28.0000
v 24.0000 30.9592 28.0000
v 24.0000 30.9592 30.0000
v 24.0000 32.4694 30.0000
v 24.0000 33.9796 28.0000
v 24.0000 33.9796 30.0000
v 24.0000 35.4898 28.0000
v 24.0000 35.4898 30.0000
v 24.0000 37.0000 28.0000
v 24.0000 35.4898 28.0000
v 24.0000 35.4898 30.0000
v 24.0000 37.0000 30.0000
v 25.5000 -35.4898 28.0000
v 25.5000 -37.0000 28.0000
v 25.5000 -37.0000 30.0000
v 25.5000 -35.4898 30.0000
v 25.5000 -33.9796 28.0000
v 25.5000 -33.9796 30.0000
v 25.5000 -32.4694 28.0000
v 25.5000 -33.9796 28.0000
v 25.5000 -33.9796 30.0000
v 25.5000 -32.4694 30.0000
v 25.5000 -18.8776 28.0000
v 25.5000 -20.3878 28.0000
v 25.5000 -20.3878 30.0000
v 25.5000 -18.8776 30.0000
v 25.5000 -17.3673 28.0000
v 25.5000 -17.3673 30.0000
v 25.5000 -15.8571 28.0000
v 25.5000 -17.3673 28.0000
v 25.5000 -17.3673 30.0000
v 25.5000 -15.8571 30.0000
v 25.5000 -14.3469 28.0000
v 25.5000 -15.8571 28.0000
v 25.5000 -15.8571 30.0000
v 25.5000 -14.3469 30.0000
v 25.5000 -12.8367 28.0000
v 25.5000 -14.3469 28.0000
v 25.5000 -14.3469 30.0000
v 25.5000 -12.8367 30.0000
v 25.5000 -11.3265 28.0000
v 25.5000 -12.8367 28.0000
v 25.5000 -12.8367 30.0000
v 25.5000 -11.3265 30.0000
v 25.5000 -9.8163 28.0000
v 25.5000 -11.3265 28.0000
v 25.5000 -11.3265 30.0000
v 25.5000 -9.8163 30.0000
v 25.5000 -8.3061 28.0000
v 25.5000 -9.8163 28.0000
v 25.5000 -9.8163 30.0000
v 25.5000 -8.3061 30.0000
v 25.5000 -6.7959 28.0000
v 25.5000 -8.3061 28.0000
v 25.5000 -8.3061 30.0000
v 25.5000 -6.7959 30.0000
v 25.5000 -5.2857 28.0000
v 25.5000 -6.7959 28.0000
v 25.5000 -6.7959 30.0000
v 25.5000 -5.2857 30.0000
v 25.5000 -3.7755 28.0000
v 25.5000 -5.2857 28.0000
v 25.5000 -5.2857 30.0000
v 25.5000 -3.7755 30.0000
v 25.5000 -2.2653 28.0000
v 25.5000 -3.7755 28.0000
v 25.5000 -3.7755 30.0000
v 25.5000 -2.2653 30.0000
v 25.5000 -0.7551 28.0000
v 25.5000 -2.2653 28.0000
v 25.5000 -2.2653 30.0000
v 25.5000 -0.7551 30.0000
v 25.5000 0.7551 28.0000
v 25.5000 -0.7551 28.0000
v 25.5000 -0.7551 30.0000
v 25.5000 0.7551 30.0000
v 25.5000 2.2653 28.0000
v 25.5000 0.7551 28.0000
v 25.5000 0.7551 30.0000
v 25.5000 2.2653 30.0000
v 25.5000 3.7755 28.0000
v 25.5000 2.2653 28.0000
v 25.5000 2.2653 30.0000
v 25.5000 3.7755 30.0000
v 25.5000 5.2857 28.0000
v 25.5000 3.7755 28.0000
v 25.5000 3.7755 30.0000
v 25.5000 5.2857 30.0000
v 25.5000 6.7959 28.0000
v 25.5000 5.2857 28.0000
v 25.5000 5.2857 30.0000
v 25.5000 6.7959 30.0000
v 25.5000 8.3061 28.0000
v 25.5000 6.7959 28.0000
v 25.5000 6.7959 30.0000
v 25.5000 8.3061 30.0000
v 25.5000 9.8163 28.0000
v 25.5000 8.3061 28.0000
v 25.5000 8.3061 30.0000
v 25.5000 9.8163 30.0000
v 25.5000 11.3265 28.0000
v 25.5000 9.8163 28.0000
v 25.5000 9.8163 30.0000
v 25.5000 11.3265 30.0000
v 25.5000 12.8367 28.0000
v 25.5000 11.3265 28.0000
v 25.5000 11.3265 30.0000
v 25.5000 12.8367 30.0000
v 25.5000 14.3469 28.0000
v 25.5000 12.8367 28.0000
v 25.5000 12.8367 30.0000
v 25.5000 14.3469 30.0000
v 25.5000 15.8571 28.0000
v 25.5000 14.3469 28.0000
v 25.5000 14.3469 30.0000
v 25.5000 15.8571 30.0000
v 25.5000 17.3673 28.0000
v 25.5000 15.8571 28.0000
v 25.5000 15.8571 30.0000
v 25.5000 17.3673 30.0000
v 25.5000 18.8776 28.0000
v 25.5000 17.3673 28.0000
v 25.5000 17.3673 30.0000
v 25.5000 18.8776 30.0000
v 25.5000 20.3878 28.0000
v 25.5000 18.8776 28.0000
v 25.5000 18.8776 30.0000
v 25.5000 20.3878 30.0000
v 25.5000 21.8980 28.0000
v 25.5000 20.3878 28.0000
v 25.5000 20.3878 30.0000
v 25.5000 21.8980 30.0000
v 25.5000 23.4082 28.0000
v 25.5000 21.8980 28.0000
v 25.5000 21.8980 30.0000
v 25.5000 23.4082 30.0000
v 25.5000 24.9184 28.0000
v 25.5000 23.4082 28.0000
v 25.5000 23.4082 30.0000
v 25.5000 24.9184 30.0000
v 25.5000 26.4286 28.0000
v 25.5000 24.9184 28.0000
v 25.5000 24.9184 30.0000
v 25.5000 26.4286 30.0000
v 25.5000 27.9388 28.0000
v 25.5000 26.4286 28.0000
v 25.5000 26.4286 30.0000
v 25.5000 27.9388 30.0000
v 25.5000 29.4490 28.0000
v 25.5000 27.9388 28.0000
v 25.5000 27.9388 30.0000
v 25.5000 29.4490 30.0000
v 25.5000 30.9592 28.0000
v 25.5000 29.4490 28.0000
v 25.5000 29.4490 30.0000
v 25.5000 30.9592 30.0000
v 25.5000 32.4694 28.0000
v 25.5000 30.9592 28.0000
v 25.5000 30.9592 30.0000
v 25.5000 32.4694 30.0000
v 25.5000 33.9796 28.0000
v 25.5000 33.9796 30.0000
v 25.5000 35.4898 28.0000
v 25.5000 35.4898 30.0000
v 25.5000 37.0000 28.0000
v 25.5000 35.4898 28.0000
v 25.5000 35.4898 30.0000
v 25.5000 37.0000 30.0000
v 27.0000 -35.4898 28.0000
v 27.0000 -37.0000 28.0000
v 27.0000 -37.0000 30.0000
v 27.0000 -35.4898 30.0000
v 27.0000 -33.9796 28.0000
v 27.0000 -33.9796 30.0000
v 27.0000 -32.4694 28.0000
v 27.0000 -33.9796 28.0000
v 27.0000 -33.9796 30.0000
v 27.0000 -32.4694 30.0000
v 25.5000 -21.8980 28.0000
v 27.0000 -20.3878 28.0000
v 27.0000 -21.8980 28.0000
v 25.5000 -21.8980 30.0000
v 27.0000 -21.8980 30.0000
v 27.0000 -20.3878 30.0000
v 27.0000 -18.8776 28.0000
v 27.0000 -18.8776 30.0000
v 27.0000 -17.3673 28.0000
v 27.0000 -17.3673 30.0000
v 27.0000 -15.8571 28.0000
v 27.0000 -17.3673 28.0000
v 27.0000 -17.3673 30.0000
v 27.0000 -15.8571 30.0000
v 27.0000 -14.3469 28.0000
v 27.0000 -15.8571 28.0000
v 27.0000 -15.8571 30.0000
v 27.0000 -14.3469 30.0000
v 27.0000 -12.8367 28.0000
v 27.0000 -14.3469 28.0000
v 27.0000 -14.3469 30.0000
v 27.0000 -12.8367 30.0000
v 27.0000 -11.3265 28.0000
v 27.0000 -12.8367 28.0000
v 27.0000 -12.8367 30.0000
v 27.0000 -11.3265 30.0000
v 27.0000 -9.8163 28.0000
v 27.0000 -11.3265 28.0000
v 27.0000 -11.3265 30.0000
v 27.0000 -9.8163 30.0000
v 27.0000 -8.3061 28.0000
v 27.0000 -9.8163 28.0000
v 27.0000 -9.8163 30.0000
v 27.0000 -8.3061 30.0000
v 27.0000 -6.7959 28.0000
v 27.0000 -8.3061 28.0000
v 27.0000 -8.3061 30.0000
v 27.0000 -6.7959 30.0000
v 27.0000 -5.2857 28.0000
v 27.0000 -6.7959 28.0000
v 27.0000 -6.7959 30.0000
v 27.0000 -5.2857 30.0000
v 27.0000 -3.7755 28.0000
v 27.0000 -5.2857 28.0000
v 27.0000 -5.2857 30.0000
v 27.0000 -3.7755 30.0000
v 27.0000 -2.2653 28.0000
v 27.0000 -3.7755 28.0000
v 27.0000 -3.7755 30.0000
v 27.0000 -2.2653 30.0000
v 27.0000 -0.7551 28.0000
v 27.0000 -2.2653 28.0000
v 27.0000 -2.2653 30.0000
v 27.0000 -0.7551 30.0000
v 27.0000 0.7551 28.0000
v 27.0000 -0.7551 28.0000
v 27.0000 -0.7551 30.0000
v 27.0000 0.7551 30.0000
v 27.0000 2.2653 28.0000
v 27.0000 0.7551 28.0000
v 27.0000 0.7551 30.0000
v 27.0000 2.2653 30.0000
v 27.0000 3.7755 28.0000
v 27.0000 2.2653 28.0000
v 27.0000 2.2653 30.0000
v 27.0000 3.7755 30.0000
v 27.0000 5.2857 28.0000
v 27.0000 3.7755 28.0000
v 27.0000 3.7755 30.0000
v 27.0000 5.2857 30.0000
v 27.0000 6.7959 28.0000
v 27.0000 5.2857 28.0000
v 27.0000 5.2857 30.0000
v 27.0000 6.7959 30.0000
v 27.0000 8.3061 28.0000
v 27.0000 6.7959 28.0000
v 27.0000 6.7959 30.0000
v 27.0000 8.3061 30.0000
v 27.0000 9.8163 28.0000
v 27.0000 8.3061 28.0000
v 27.0000 8.3061 30.0000
v 27.0000 9.8163 30.0000
v 27.0000 11.3265 28.0000
v 27.0000 9.8163 28.0000
v 27.0000 9.8163 30.0000
v 27.0000 11.3265 30.0000
v 27.0000 12.8367 28.0000
v 27.0000 11.3265 28.0000
v 27.0000 11.3265 30.0000
v 27.0000 12.8367 30.0000
v 27.0000 14.3469 28.0000
v 27.0000 12.8367 28.0000
v 27.0000 12.8367 30.0000
v 27.0000 14.3469 30.0000
v 27.0000 15.8571 28.0000
v 27.0000 14.3469 28.0000
v 27.0000 14.3469 30.0000
v 27.0000 15.8571 30.0000
v 27.0000 17.3673 28.0000
v 27.0000 15.8571 28.0000
v 27.0000 15.8571 30.0000
v 27.0000 17.3673 30.0000
v 27.0000 18.8776 28.0000
v 27.0000 17.3673 28.0000
v 27.0000 17.3673 30.0000
v 27.0000 18.8776 30.0000
v 27.0000 20.3878 28.0000
v 27.0000 18.8776 28.0000
v 27.0000 18.8776 30.0000
v 27.0000 20.3878 30.0000
v 27.0000 21.8980 28.0000
v 27.0000 20.3878 28.0000
v 27.0000 20.3878 30.0000
v 27.0000 21.8980 30.0000
v 27.0000 23.4082 28.0000
v 27.0000 21.8980 28.0000
v 27.0000 21.8980 30.0000
v 27.0000 23.4082 30.0000
v 27.0000 24.9184 28.0000
v 27.0000 23.4082 28.0000
v 27.0000 23.4082 30.0000
v 27.0000 24.9184 30.0000
v 27.0000 26.4286 28.0000
v 27.0000 24.9184 28.0000
v 27.0000 24.9184 30.0000
v 27.0000 26.4286 30.0000
v 27.0000 27.9388 28.0000
v 27.0000 26.4286 28.0000
v 27.0000 26.4286 30.0000
v 27.0000 27.9388 30.0000
v 27.0000 29.4490 28.0000
v 27.0000 27.9388 28.0000
v 27.0000 27.9388 30.0000
v 27.0000 29.4490 30.0000
v 27.0000 30.9592 28.0000
v 27.0000 29.4490 28.0000
v 27.0000 29.4490 30.0000
v 27.0000 30.9592 30.0000
v 27.0000 32.4694 28.0000
v 27.0000 30.9592 28.0000
v 27.0000 30.9592 30.0000
v 27.0000 32.4694 30.0000
v 27.0000 33.9796 28.0000
v 27.0000 33.9796 30.0000
v 27.0000 35.4898 28.0000
v 27.0000 35.4898 30.0000
v 27.0000 37.0000 28.0000
v 27.0000 35.4898 28.0000
v 27.0000 35.4898 30.0000
v 27.0000 37.0000 30.0000
v 28.5000 -35.4898 28.0000
v 28.5000 -37.0000 28.0000
v 28.5000 -37.0000 30.0000
v 28.5000 -35.4898 30.0000
v 28.5000 -33.9796 28.0000
v 28.5000 -33.9796 30.0000
v 28.5000 -32.4694 28.0000
v 28.5000 -33.9796 28.0000
v 28.5000 -33.9796 30.0000
v 28.5000 -32.4694 30.0000
v 27.0000 -30.9592 28.0000
v 28.5000 -30.9592 28.0000
v 28.5000 -30.9592 30.0000
v 27.0000 -30.9592 30.0000
v 28.5000 -20.3878 28.0000
v 28.5000 -21.8980 28.0000
v 28.5000 -21.8980 30.0000
v 28.5000 -20.3878 30.0000
v 28.5000 -18.8776 28.0000
v 28.5000 -18.8776 30.0000
v 28.5000 -17.3673 28.0000
v 28.5000 -17.3673 30.0000
v 28.5000 -15.8571 28.0000
v 28.5000 -17.3673 28.0000
v 28.5000 -17.3673 30.0000
v 28.5000 -15.8571 30.0000
v 28.5000 -14.3469 28.0000
v 28.5000 -15.8571 28.0000
v 28.5000 -15.8571 30.0000
v 28.5000 -14.3469 30.0000
v 28.5000 -12.8367 28.0000
v 28.5000 -14.3469 28.0000
v 28.5000 -14.3469 30.0000
v 28.5000 -12.8367 30.0000
v 28.5000 -11.3265 28.0000
v 28.5000 -12.8367 28.0000
v 28.5000 -12.8367 30.0000
v 28.5000 -11.3265 30.0000
v 28.5000 -9.8163 28.0000
v 28.5000 -11.3265 28.0000
v 28.5000 -11.3265 30.0000
v 28.5000 -9.8163 30.0000
v 28.5000 -8.3061 28.0000
v 28.5000 -9.8163 28.0000
v 28.5000 -9.8163 30.0000
v 28.5000 -8.3061 30.0000
v 28.5000 -6.7959 28.0000
v 28.5000 -8.3061 28.0000
v 28.5000 -8.3061 30.0000
v 28.5000 -6.7959 30.0000
v 28.5000 -5.2857 28.0000
v 28.5000 -6.7959 28.0000
v 28.5000 -6.7959 30.0000
v 28.5000 -5.2857 30.0000
v 28.5000 -3.7755 28.0000
v 28.5000 -5.2857 28.0000
v 28.5000 -5.2857 30.0000
v 28.5000 -3.7755 30.0000
v 28.5000 -2.2653 28.0000
v 28.5000 -3.7755 28.0000
v 28.5000 -3.7755 30.0000
v 28.5000 -2.2653 30.0000
v 28.5000 -0.7551 28.0000
v 28.5000 -2.2653 28.0000
v 28.5000 -2.2653 30.0000
v 28.5000 -0.7551 30.0000
v 28.5000 0.7551 28.0000
v 28.5000 -0.7551 28.0000
v 28.5000 -0.7551 30.0000
v 28.5000 0.7551 30.0000
v 28.5000 2.2653 28.0000
v 28.5000 0.7551 28.0000
v 28.5000 0.7551 30.0000
v 28.5000 2.2653 30.0000
v 28.5000 3.7755 28.0000
v 28.5000 2.2653 28.0000
v 28.5000 2.2653 30.0000
v 28.5000 3.7755 30.0000
v 28.5000 5.2857 28.0000
v 28.5000 3.7755 28.0000
v 28.5000 3.7755 30.0000
v 28.5000 5.2857 30.0000
v 28.5000 6.7959 28.0000
v 28.5000 5.2857 28.0000
v 28.5000 5.2857 30.0000
v 28.5000 6.7959 30.0000
v 28.5000 8.3061 28.0000
v 28.5000 6.7959 28.0000
v 28.5000 6.7959 30.0000
v 28.5000 8.3061 30.0000
v 28.5000 9.8163 28.0000
v 28.5000 8.3061 28.0000
v 28.5000 8.3061 30.0000
v 28.5000 9.8163 30.0000
v 28.5000 11.3265 28.0000
v 28.5000 9.8163 28.0000
v 28.5000 9.8163 30.0000
v 28.5000 11.3265 30.0000
v 28.5000 12.8367 28.0000
v 28.5000 11.3265 28.0000
v 28.5000 11.3265 30.0000
v 28.5000 12.8367 30.0000
v 28.5000 14.3469 28.0000
v 28.5000 12.8367 28.0000
v 28.5000 12.8367 30.0000
v 28.5000 14.3469 30.0000
v 28.5000 15.8571 28.0000
v 28.5000 14.3469 28.0000
v 28.5000 14.3469 30.0000
v 28.5000 15.8571 30.0000
v 28.5000 17.3673 28.0000
v 28.5000 15.8571 28.0000
v 28.5000 15.8571 30.0000
v 28.5000 17.3673 30.0000
v 28.5000 18.8776 28.0000
v 28.5000 17.3673 28.0000
v 28.5000 17.3673 30.0000
v 28.5000 18.8776 30.0000
v 28.5000 20.3878 28.0000
v 28.5000 18.8776 28.0000
v 28.5000 18.8776 30.0000
v 28.5000 20.3878 30.0000
v 28.5000 21.8980 28.0000
v 28.5000 20.3878 28.0000
v 28.5000 20.3878 30.0000
v 28.5000 21.8980 30.0000
v 28.5000 23.4082 28.0000
v 28.5000 21.8980 28.0000
v 28.5000 21.8980 30.0000
v 28.5000 23.4082 30.0000
v 28.5000 24.9184 28.0000
v 28.5000 23.4082 28.0000
v 28.5000 23.4082 30.0000
v 28.5000 24.9184 30.0000
v 28.5000 26.4286 28.0000
v 28.5000 24.9184 28.0000
v 28.5000 24.9184 30.0000
v 28.5000 26.4286 30.0000
v 28.5000 27.9388 28.0000
v 28.5000 26.4286 28.0000
v 28.5000 26.4286 30.0000
v 28.5000 27.9388 30.0000
v 28.5000 29.4490 28.0000
v 28.5000 27.9388 28.0000
v 28.5000 27.9388 30.0000
v 28.5000 29.4490 30.0000
v 28.5000 30.9592 28.0000
v 28.5000 29.4490 28.0000
v 28.5000 29.4490 30.0000
v 28.5000 30.9592 30.0000
v 28.5000 32.4694 28.0000
v 28.5000 30.9592 28.0000
v 28.5000 30.9592 30.0000
v 28.5000 32.4694 30.0000
v 28.5000 33.9796 28.0000
v 28.5000 33.9796 30.0000
v 28.5000 35.4898 28.0000
v 28.5000 35.4898 30.0000
v 28.5000 37.0000 28.0000
v 28.5000 35.4898 28.0000
v 28.5000 35.4898 30.0000
v 28.5000 37.0000 30.0000
v 30.0000 -35.4898 28.0000
v 30.0000 -37.0000 28.0000
v 30.0000 -37.0000 30.0000
v 30.0000 -35.4898 30.0000
v 30.0000 -33.9796 28.0000
v 30.0000 -33.9796 30.0000
v 30.0000 -32.4694 28.0000
v 30.0000 -33.9796 28.0000
v 30.0000 -33.9796 30.0000
v 30.0000 -32.4694 30.0000
v 30.0000 -30.9592 28.0000
v 30.0000 -30.9592 30.0000
v 28.5000 -30.9592 28.0000
v 28.5000 -29.4490 28.0000
v 30.0000 -29.4490 28.0000
v 30.0000 -30.9592 28.0000
v 28.5000 -30.9592 30.0000
v 30.0000 -30.9592 30.0000
v 30.0000 -29.4490 30.0000
v 28.5000 -29.4490 30.0000
v 28.5000 -23.4082 28.0000
v 28.5000 -21.8980 28.0000
v 30.0000 -21.8980 28.0000
v 30.0000 -23.4082 28.0000
v 28.5000 -23.4082 30.0000
v 30.0000 -23.4082 30.0000
v 30.0000 -21.8980 30.0000
v 28.5000 -21.8980 30.0000
v 30.0000 -20.3878 28.0000
v 30.0000 -21.8980 28.0000
v 30.0000 -21.8980 30.0000
v 30.0000 -20.3878 30.0000
v 30.0000 0.7551 28.0000
v 30.0000 -0.7551 28.0000
v 30.0000 -0.7551 30.0000
v 30.0000 0.7551 30.0000
v 30.0000 2.2653 28.0000
v 30.0000 0.7551 28.0000
v 30.0000 0.7551 30.0000
v 30.0000 2.2653 30.0000
v 30.0000 3.7755 28.0000
v 30.0000 2.2653 28.0000
v 30.0000 2.2653 30.0000
v 30.0000 3.7755 30.0000
v 30.0000 5.2857 28.0000
v 30.0000 3.7755 28.0000
v 30.0000 3.7755 30.0000
v 30.0000 5.2857 30.0000
v 30.0000 6.7959 28.0000
v 30.0000 5.2857 28.0000
v 30.0000 5.2857 30.0000
v 30.0000 6.7959 30.0000
v 30.0000 8.3061 28.0000
v 30.0000 6.7959 28.0000
v 30.0000 6.7959 30.0000
v 30.0000 8.3061 30.0000
v 30.0000 9.8163 28.0000
v 30.0000 8.3061 28.0000
v 30.0000 8.3061 30.0000
v 30.0000 9.8163 30.0000
v 30.0000 11.3265 28.0000
v 30.0000 9.8163 28.0000
v 30.0000 9.8163 30.0000
v 30.0000 11.3265 30.0000
v 30.0000 12.8367 28.0000
v 30.0000 11.3265 28.0000
v 30.0000 11.3265 30.0000
v 30.0000 12.8367 30.0000
v 30.0000 14.3469 28.0000
v 30.0000 12.8367 28.0000
v 30.0000 12.8367 30.0000
v 30.0000 14.3469 30.0000
v 30.0000 15.8571 28.0000
v 30.0000 14.3469 28.0000
v 30.0000 14.3469 30.0000
v 30.0000 15.8571 30.0000
v 30.0000 17.3673 28.0000
v 30.0000 15.8571 28.0000
v 30.0000 15.8571 30.0000
v 30.0000 17.3673 30.0000
v 30.0000 18.8776 28.0000
v 30.0000 17.3673 28.0000
v 30.0000 17.3673 30.0000
v 30.0000 18.8776 30.0000
v 30.0000 20.3878 28.0000
v 30.0000 18.8776 28.0000
v 30.0000 18.8776 30.0000
v 30.0000 20.3878 30.0000
v 30.0000 21.8980 28.0000
v 30.0000 20.3878 28.0000
v 30.0000 20.3878 30.0000
v 30.0000 21.8980 30.0000
v 30.0000 23.4082 28.0000
v 30.0000 21.8980 28.0000
v 30.0000 21.8980 30.0000
v 30.0000 23.4082 30.0000
v 30.0000 24.9184 28.0000
v 30.0000 23.4082 28.0000
v 30.0000 23.4082 30.0000
v 30.0000 24.9184 30.0000
v 30.0000 26.4286 28.0000
v 30.0000 24.9184 28.0000
v 30.0000 24.9184 30.0000
v 30.0000 26.4286 30.0000
v 30.0000 27.9388 28.0000
v 30.0000 26.4286 28.0000
v 30.0000 26.4286 30.0000
v 30.0000 27.9388 30.0000
v 30.0000 29.4490 28.0000
v 30.0000 27.9388 28.0000
v 30.0000 27.9388 30.0000
v 30.0000 29.4490 30.0000
v 30.0000 30.9592 28.0000
v 30.0000 29.4490 28.0000
v 30.0000 29.4490 30.0000
v 30.0000 30.9592 30.0000
v 30.0000 32.4694 28.0000
v 30.0000 30.9592 28.0000
v 30.0000 30.9592 30.0000
v 30.0000 32.4694 30.0000
v 30.0000 33.9796 28.0000
v 30.0000 33.9796 30.0000
v 30.0000 35.4898 28.0000
v 30.0000 35.4898 30.0000
v 30.0000 37.0000 28.0000
v 30.0000 35.4898 28.0000
v 30.0000 35.4898 30.0000
v 30.0000 37.0000 30.0000
v 31.5000 -35.4898 28.0000
v 31.5000 -37.0000 28.0000
v 31.5000 -37.0000 30.0000
v 31.5000 -35.4898 30.0000
v 31.5000 -33.9796 28.0000
v 31.5000 -33.9796 30.0000
v 31.5000 -32.4694 28.0000
v 31.5000 -33.9796 28.0000
v 31.5000 -33.9796 30.0000
v 31.5000 -32.4694 30.0000
v 31.5000 -30.9592 28.0000
v 31.5000 -30.9592 30.0000
v 31.5000 -29.4490 28.0000
v 31.5000 -30.9592 28.0000
v 31.5000 -30.9592 30.0000
v 31.5000 -29.4490 30.0000
v 30.0000 -27.9388 28.0000
v 31.5000 -27.9388 28.0000
v 31.5000 -27.9388 30.0000
v 30.0000 -27.9388 30.0000
v 30.0000 -26.4286 28.0000
v 31.5000 -26.4286 28.0000
v 31.5000 -26.4286 30.0000
v 30.0000 -26.4286 30.0000
v 30.0000 -26.4286 28.0000
v 30.0000 -24.9184 28.0000
v 31.5000 -24.9184 28.0000
v 31.5000 -26.4286 28.0000
v 30.0000 -26.4286 30.0000
v 31.5000 -26.4286 30.0000
v 31.5000 -24.9184 30.0000
v 30.0000 -24.9184 30.0000
v 31.5000 -23.4082 28.0000
v 31.5000 -23.4082 30.0000
v 31.5000 -21.8980 28.0000
v 31.5000 -21.8980 30.0000
v 31.5000 -20.3878 28.0000
v 31.5000 -21.8980 28.0000
v 31.5000 -21.8980 30.0000
v 31.5000 -20.3878 30.0000
v 31.5000 0.7551 28.0000
v 31.5000 -0.7551 28.0000
v 31.5000 -0.7551 30.0000
v 31.5000 0.7551 30.0000
v 31.5000 2.2653 28.0000
v 31.5000 0.7551 28.0000
v 31.5000 0.7551 30.0000
v 31.5000 2.2653 30.0000
v 31.5000 3.7755 28.0000
v 31.5000 2.2653 28.0000
v 31.5000 2.2653 30.0000
v 31.5000 3.7755 30.0000
v 31.5000 5.2857 28.0000
v 31.5000 3.7755 28.0000
v 31.5000 3.7755 30.0000
v 31.5000 5.2857 30.0000
v 31.5000 6.7959 28.0000
v 31.5000 5.2857 28.0000
v 31.5000 5.2857 30.0000
v 31.5000 6.7959 30.0000
v 31.5000 8.3061 28.0000
v 31.5000 6.7959 28.0000
v 31.5000 6.7959 30.0000
v 31.5000 8.3061 30.0000
v 31.5000 9.8163 28.0000
v 31.5000 8.3061 28.0000
v 31.5000 8.3061 30.0000
v 31.5000 9.8163 30.0000
v 31.5000 11.3265 28.0000
v 31.5000 9.8163 28.0000
v 31.5000 9.8163 30.0000
v 31.5000 11.3265 30.0000
v 31.5000 12.8367 28.0000
v 31.5000 11.3265 28.0000
v 31.5000 11.3265 30.0000
v 31.5000 12.8367 30.0000
v 31.5000 14.3469 28.0000
v 31.5000 12.8367 28.0000
v 31.5000 12.8367 30.0000
v 31.5000 14.3469 30.0000
v 31.5000 15.8571 28.0000
v 31.5000 14.3469 28.0000
v 31.5000 14.3469 30.0000
v 31.5000 15.8571 30.0000
v 31.5000 17.3673 28.0000
v 31.5000 15.8571 28.0000
v 31.5000 15.8571 30.0000
v 31.5000 17.3673 30.0000
v 31.5000 18.8776 28.0000
v 31.5000 17.3673 28.0000
v 31.5000 17.3673 30.0000
v 31.5000 18.8776 30.0000
v 31.5000 20.3878 28.0000
v 31.5000 18.8776 28.0000
v 31.5000 18.8776 30.0000
v 31.5000 20.3878 30.0000
v 31.5000 21.8980 28.0000
v 31.5000 20.3878 28.0000
v 31.5000 20.3878 30.0000
v 31.5000 21.8980 30.0000
v 31.5000 23.4082 28.0000
v 31.5000 21.8980 28.0000
v 31.5000 21.8980 30.0000
v 31.5000 23.4082 30.0000
v 31.5000 24.9184 28.0000
v 31.5000 23.4082 28.0000
v 31.5000 23.4082 30.0000
v 31.5000 24.9184 30.0000
v 31.5000 26.4286 28.0000
v 31.5000 24.9184 28.0000
v 31.5000 24.9184 30.0000
v 31.5000 26.4286 30.0000
v 31.5000 27.9388 28.0000
v 31.5000 26.4286 28.0000
v 31.5000 26.4286 30.0000
v 31.5000 27.9388 30.0000
v 31.5000 29.4490 28.0000
v 31.5000 27.9388 28.0000
v 31.5000 27.9388 30.0000
v 31.5000 29.4490 30.0000
v 31.5000 30.9592 28.0000
v 31.5000 29.4490 28.0000
v 31.5000 29.4490 30.0000
v 31.5000 30.9592 30.0000
v 31.5000 32.4694 28.0000
v 31.5000 30.9592 28.0000
v 31.5000 30.9592 30.0000
v 31.5000 32.4694 30.0000
v 31.5000 33.9796 28.0000
v 31.5000 33.9796 30.0000
v 31.5000 35.4898 28.0000
v 31.5000 35.4898 30.0000
v 31.5000 37.0000 28.0000
v 31.5000 35.4898 28.0000
v 31.5000 35.4898 30.0000
v 31.5000 37.0000 30.0000
v 33.0000 -35.4898 28.0000
v 33.0000 -37.0000 28.0000
v 33.0000 -37.0000 30.0000
v 33.0000 -35.4898 30.0000
v 33.0000 -33.9796 28.0000
v 33.0000 -33.9796 30.0000
v 33.0000 -32.4694 28.0000
v 33.0000 -33.9796 28.0000
v 33.0000 -33.9796 30.0000
v 33.0000 -32.4694 30.0000
v 33.0000 -30.9592 28.0000
v 33.0000 -30.9592 30.0000
v 33.0000 -29.4490 28.0000
v 33.0000 -30.9592 28.0000
v 33.0000 -30.9592 30.0000
v 33.0000 -29.4490 30.0000
v 33.0000 0.7551 28.0000
v 33.0000 -0.7551 28.0000
v 33.0000 -0.7551 30.0000
v 33.0000 0.7551 30.0000
v 33.0000 2.2653 28.0000
v 33.0000 0.7551 28.0000
v 33.0000 0.7551 30.0000
v 33.0000 2.2653 30.0000
v 33.0000 3.7755 28.0000
v 33.0000 2.2653 28.0000
v 33.0000 2.2653 30.0000
v 33.0000 3.7755 30.0000
v 33.0000 5.2857 28.0000
v 33.0000 3.7755 28.0000
v 33.0000 3.7755 30.0000
v 33.0000 5.2857 30.0000
v 33.0000 6.7959 28.0000
v 33.0000 5.2857 28.0000
v 33.0000 5.2857 30.0000
v 33.0000 6.7959 30.0000
v 33.0000 8.3061 28.0000
v 33.0000 6.7959 28.0000
v 33.0000 6.7959 30.0000
v 33.0000 8.3061 30.0000
v 33.0000 9.8163 28.0000
v 33.0000 8.3061 28.0000
v 33.0000 8.3061 30.0000
v 33.0000 9.8163 30.0000
v 33.0000 11.3265 28.0000
v 33.0000 9.8163 28.0000
v 33.0000 9.8163 30.0000
v 33.0000 11.3265 30.0000
v 33.0000 12.8367 28.0000
v 33.0000 11.3265 28.0000
v 33.0000 11.3265 30.0000
v 33.0000 12.8367 30.0000
v 33.0000 14.3469 28.0000
v 33.0000 12.8367 28.0000
v 33.0000 12.8367 30.0000
v 33.0000 14.3469 30.0000
v 33.0000 15.8571 28.0000
v 33.0000 14.3469 28.0000
v 33.0000 14.3469 30.0000
v 33.0000 15.8571 30.0000
v 33.0000 17.3673 28.0000
v 33.0000 15.8571 28.0000
v 33.0000 15.8571 30.0000
v 33.0000 17.3673 30.0000
v 33.0000 18.8776 28.0000
v 33.0000 17.3673 28.0000
v 33.0000 17.3673 30.0000
v 33.0000 18.8776 30.0000
v 33.0000 20.3878 28.0000
v 33.0000 18.8776 28.0000
v 33.0000 18.8776 30.0000
v 33.0000 20.3878 30.0000
v 33.0000 21.8980 28.0000
v 33.0000 20.3878 28.0000
v 33.0000 20.3878 30.0000
v 33.0000 21.8980 30.0000
v 33.0000 23.4082 28.0000
v 33.0000 21.8980 28.0000
v 33.0000 21.8980 30.0000
v 33.0000 23.4082 30.0000
v 33.0000 24.9184 28.0000
v 33.0000 23.4082 28.0000
v 33.0000 23.4082 30.0000
v 33.0000 24.9184 30.0000
v 33.0000 26.4286 28.0000
v 33.0000 24.9184 28.0000
v 33.0000 24.9184 30.0000
v 33.0000 26.4286 30.0000
v 33.0000 27.9388 28.0000
v 33.0000 26.4286 28.0000
v 33.0000 26.4286 30.0000
v 33.0000 27.9388 30.0000
v 33.0000 29.4490 28.0000
v 33.0000 27.9388 28.0000
v 33.0000 27.9388 30.0000
v 33.0000 29.4490 30.0000
v 33.0000 30.9592 28.0000
v 33.0000 29.4490 28.0000
v 33.0000 29.4490 30.0000
v 33.0000 30.9592 30.0000
v 33.0000 32.4694 28.0000
v 33.0000 30.9592 28.0000
v 33.0000 30.9592 30.0000
v 33.0000 32.4694 30.0000
v 33.0000 33.9796 28.0000
v 33.0000 33.9796 30.0000
v 33.0000 35.4898 28.0000
v 33.0000 35.4898 30.0000
v 33.0000 37.0000 28.0000
v 33.0000 35.4898 28.0000
v 33.0000 35.4898 30.0000
v 33.0000 37.0000 30.0000
v 34.5000 -35.4898 28.0000
v 34.5000 -37.0000 28.0000
v 34.5000 -37.0000 30.0000
v 34.5000 -35.4898 30.0000
v 34.5000 -33.9796 28.0000
v 34.5000 -33.9796 30.0000
v 34.5000 -32.4694 28.0000
v 34.5000 -33.9796 28.0000
v 34.5000 -33.9796 30.0000
v 34.5000 -32.4694 30.0000
v 34.5000 -30.9592 28.0000
v 34.5000 -30.9592 30.0000
v 34.5000 -29.4490 28.0000
v 34.5000 -30.9592 28.0000
v 34.5000 -30.9592 30.0000
v 34.5000 -29.4490 30.0000
v 34.5000 0.7551 28.0000
v 34.5000 -0.7551 28.0000
v 34.5000 -0.7551 30.0000
v 34.5000 0.7551 30.0000
v 34.5000 2.2653 28.0000
v 34.5000 0.7551 28.0000
v 34.5000 0.7551 30.0000
v 34.5000 2.2653 30.0000
v 34.5000 3.7755 28.0000
v 34.5000 2.2653 28.0000
v 34.5000 2.2653 30.0000
v 34.5000 3.7755 30.0000
v 34.5000 5.2857 28.0000
v 34.5000 3.7755 28.0000
v 34.5000 3.7755 30.0000
v 34.5000 5.2857 30.0000
v 34.5000 6.7959 28.0000
v 34.5000 5.2857 28.0000
v 34.5000 5.2857 30.0000
v 34.5000 6.7959 30.0000
v 34.5000 8.3061 28.0000
v 34.5000 6.7959 28.0000
v 34.5000 6.7959 30.0000
v 34.5000 8.3061 30.0000
v 34.5000 9.8163 28.0000
v 34.5000 8.3061 28.0000
v 34.5000 8.3061 30.0000
v 34.5000 9.8163 30.0000
v 34.5000 11.3265 28.0000
v 34.5000 9.8163 28.0000
v 34.5000 9.8163 30.0000
v 34.5000 11.3265 30.0000
v 34.5000 12.8367 28.0000
v 34.5000 11.3265 28.0000
v 34.5000 11.3265 30.0000
v 34.5000 12.8367 30.0000
v 34.5000 14.3469 28.0000
v 34.5000 12.8367 28.0000
v 34.5000 12.8367 30.0000
v 34.5000 14.3469 30.0000
v 34.5000 15.8571 28.0000
v 34.5000 14.3469 28.0000
v 34.5000 14.3469 30.0000
v 34.5000 15.8571 30.0000
v 34.5000 17.3673 28.0000
v 34.5000 15.8571 28.0000
v 34.5000 15.8571 30.0000
v 34.5000 17.3673 30.0000
v 34.5000 18.8776 28.0000
v 34.5000 17.3673 28.0000
v 34.5000 17.3673 30.0000
v 34.5000 18.8776 30.0000
v 34.5000 20.3878 28.0000
v 34.5000 18.8776 28.0000
v 34.5000 18.8776 30.0000
v 34.5000 20.3878 30.0000
v 34.5000 21.8980 28.0000
v 34.5000 20.3878 28.0000
v 34.5000 20.3878 30.0000
v 34.5000 21.8980 30.0000
v 34.5000 23.4082 28.0000
v 34.5000 21.8980 28.0000
v 34.5000 21.8980 30.0000
v 34.5000 23.4082 30.0000
v 34.5000 24.9184 28.0000
v 34.5000 23.4082 28.0000
v 34.5000 23.4082 30.0000
v 34.5000 24.9184 30.0000
v 34.5000 26.4286 28.0000
v 34.5000 24.9184 28.0000
v 34.5000 24.9184 30.0000
v 34.5000 26.4286 30.0000
v 34.5000 27.9388 28.0000
v 34.5000 26.4286 28.0000
v 34.5000 26.4286 30.0000
v 34.5000 27.9388 30.0000
v 34.5000 29.4490 28.0000
v 34.5000 27.9388 28.0000
v 34.5000 27.9388 30.0000
v 34.5000 29.4490 30.0000
v 34.5000 30.9592 28.0000
v 34.5000 29.4490 28.0000
v 34.5000 29.4490 30.0000
v 34.5000 30.9592 30.0000
v 34.5000 32.4694 28.0000
v 34.5000 30.9592 28.0000
v 34.5000 30.9592 30.0000
v 34.5000 32.4694 30.0000
v 34.5000 33.9796 28.0000
v 34.5000 33.9796 30.0000
v 34.5000 35.4898 28.0000
v 34.5000 35.4898 30.0000
v 34.5000 37.0000 28.0000
v 34.5000 35.4898 28.0000
v 34.5000 35.4898 30.0000
v 34.5000 37.0000 30.0000
v 36.0000 -35.4898 28.0000
v 36.0000 -37.0000 28.0000
v 36.0000 -37.0000 30.0000
v 36.0000 -35.4898 30.0000
v 36.0000 -33.9796 28.0000
v 36.0000 -33.9796 30.0000
v 36.0000 -32.4694 28.0000
v 36.0000 -33.9796 28.0000
v 36.0000 -33.9796 30.0000
v 36.0000 -32.4694 30.0000
v 36.0000 -30.9592 28.0000
v 36.0000 -30.9592 30.0000
v 36.0000 -29.4490 28.0000
v 36.0000 -30.9592 28.0000
v 36.0000 -30.9592 30.0000
v 36.0000 -29.4490 30.0000
v 36.0000 0.7551 28.0000
v 36.0000 -0.7551 28.0000
v 36.0000 -0.7551 30.0000
v 36.0000 0.7551 30.0000
v 36.0000 2.2653 28.0000
v 36.0000 0.7551 28.0000
v 36.0000 0.7551 30.0000
v 36.0000 2.2653 30.0000
v 36.0000 3.7755 28.0000
v 36.0000 2.2653 28.0000
v 36.0000 2.2653 30.0000
v 36.0000 3.7755 30.0000
v 36.0000 5.2857 28.0000
v 36.0000 3.7755 28.0000
v 36.0000 3.7755 30.0000
v 36.0000 5.2857 30.0000
v 36.0000 6.7959 28.0000
v 36.0000 5.2857 28.0000
v 36.0000 5.2857 30.0000
v 36.0000 6.7959 30.0000
v 36.0000 8.3061 28.0000
v 36.0000 6.7959 28.0000
v 36.0000 6.7959 30.0000
v 36.0000 8.3061 30.0000
v 36.0000 9.8163 28.0000
v 36.0000 8.3061 28.0000
v 36.0000 8.3061 30.0000
v 36.0000 9.8163 30.0000
v 36.0000 11.3265 28.0000
v 36.0000 9.8163 28.0000
v 36.0000 9.8163 30.0000
v 36.0000 11.3265 30.0000
v 36.0000 12.8367 28.0000
v 36.0000 11.3265 28.0000
v 36.0000 11.3265 30.0000
v 36.0000 12.8367 30.0000
v 36.0000 14.3469 28.0000
v 36.0000 12.8367 28.0000
v 36.0000 12.8367 30.0000
v 36.0000 14.3469 30.0000
v 36.0000 15.8571 28.0000
v 36.0000 14.3469 28.0000
v 36.0000 14.3469 30.0000
v 36.0000 15.8571 30.0000
v 36.0000 17.3673 28.0000
v 36.0000 15.8571 28.0000
v 36.0000 15.8571 30.0000
v 36.0000 17.3673 30.0000
v 36.0000 18.8776 28.0000
v 36.0000 17.3673 28.0000
v 36.0000 17.3673 30.0000
v 36.0000 18.8776 30.0000
v 36.0000 20.3878 28.0000
v 36.0000 18.8776 28.0000
v 36.0000 18.8776 30.0000
v 36.0000 20.3878 30.0000
v 36.0000 21.8980 28.0000
v 36.0000 20.3878 28.0000
v 36.0000 20.3878 30.0000
v 36.0000 21.8980 30.0000
v 36.0000 23.4082 28.0000
v 36.0000 21.8980 28.0000
v 36.0000 21.8980 30.0000
v 36.0000 23.4082 30.0000
v 36.0000 24.9184 28.0000
v 36.0000 23.4082 28.0000
v 36.0000 23.4082 30.0000
v 36.0000 24.9184 30.0000
v 36.0000 26.4286 28.0000
v 36.0000 24.9184 28.0000
v 36.0000 24.9184 30.0000
v 36.0000 26.4286 30.0000
v 36.0000 27.9388 28.0000
v 36.0000 26.4286 28.0000
v 36.0000 26.4286 30.0000
v 36.0000 27.9388 30.0000
v 36.0000 29.4490 28.0000
v 36.0000 27.9388 28.0000
v 36.0000 27.9388 30.0000
v 36.0000 29.4490 30.0000
v 36.0000 30.9592 28.0000
v 36.0000 29.4490 28.0000
v 36.0000 29.4490 30.0000
v 36.0000 30.9592 30.0000
v 36.0000 32.4694 28.0000
v 36.0000 30.9592 28.0000
v 36.0000 30.9592 30.0000
v 36.0000 32.4694 30.0000
v 36.0000 33.9796 28.0000
v 36.0000 33.9796 30.0000
v 36.0000 35.4898 28.0000
v 36.0000 35.4898 30.0000
v 36.0000 37.0000 28.0000
v 36.0000 35.4898 28.0000
v 36.0000 35.4898 30.0000
v 36.0000 37.0000 30.0000
v 37.5000 -35.4898 28.0000
v 37.5000 -37.0000 28.0000
v 37.5000 -37.0000 30.0000
v 37.5000 -35.4898 30.0000
v 37.5000 -33.9796 28.0000
v 37.5000 -33.9796 30.0000
v 37.5000 -32.4694 28.0000
v 37.5000 -33.9796 28.0000
v 37.5000 -33.9796 30.0000
v 37.5000 -32.4694 30.0000
v 37.5000 -30.9592 28.0000
v 37.5000 -30.9592 30.0000
v 37.5000 -29.4490 28.0000
v 37.5000 -30.9592 28.0000
v 37.5000 -30.9592 30.0000
v 37.5000 -29.4490 30.0000
v 37.5000 0.7551 28.0000
v 37.5000 -0.7551 28.0000
v 37.5000 -0.7551 30.0000
v 37.5000 0.7551 30.0000
v 37.5000 2.2653 28.0000
v 37.5000 0.7551 28.0000
v 37.5000 0.7551 30.0000
v 37.5000 2.2653 30.0000
v 37.5000 3.7755 28.0000
v 37.5000 2.2653 28.0000
v 37.5000 2.2653 30.0000
v 37.5000 3.7755 30.0000
v 37.5000 5.2857 28.0000
v 37.5000 3.7755 28.0000
v 37.5000 3.7755 30.0000
v 37.5000 5.2857 30.0000
v 37.5000 6.7959 28.0000
v 37.5000 5.2857 28.0000
v 37.5000 5.2857 30.0000
v 37.5000 6.7959 30.0000
v 37.5000 8.3061 28.0000
v 37.5000 6.7959 28.0000
v 37.5000 6.7959 30.0000
v 37.5000 8.3061 30.0000
v 37.5000 9.8163 28.0000
v 37.5000 8.3061 28.0000
v 37.5000 8.3061 30.0000
v 37.5000 9.8163 30.0000
v 37.5000 11.3265 28.0000
v 37.5000 9.8163 28.0000
v 37.5000 9.8163 30.0000
v 37.5000 11.3265 30.0000
v 37.5000 12.8367 28.0000
v 37.5000 11.3265 28.0000
v 37.5000 11.3265 30.0000
v 37.5000 12.8367 30.0000
v 37.5000 14.3469 28.0000
v 37.5000 12.8367 28.0000
v 37.5000 12.8367 30.0000
v 37.5000 14.3469 30.0000
v 37.5000 15.8571 28.0000
v 37.5000 14.3469 28.0000
v 37.5000 14.3469 30.0000
v 37.5000 15.8571 30.0000
v 37.5000 17.3673 28.0000
v 37.5000 15.8571 28.0000
v 37.5000 15.8571 30.0000
v 37.5000 17.3673 30.0000
v 37.5000 18.8776 28.0000
v 37.5000 17.3673 28.0000
v 37.5000 17.3673 30.0000
v 37.5000 18.8776 30.0000
v 37.5000 20.3878 28.0000
v 37.5000 18.8776 28.0000
v 37.5000 18.8776 30.0000
v 37.5000 20.3878 30.0000
v 37.5000 21.8980 28.0000
v 37.5000 20.3878 28.0000
v 37.5000 20.3878 30.0000
v 37.5000 21.8980 30.0000
v 37.5000 23.4082 28.0000
v 37.5000 21.8980 28.0000
v 37.5000 21.8980 30.0000
v 37.5000 23.4082 30.0000
v 37.5000 24.9184 28.0000
v 37.5000 23.4082 28.0000
v 37.5000 23.4082 30.0000
v 37.5000 24.9184 30.0000
v 37.5000 26.4286 28.0000
v 37.5000 24.9184 28.0000
v 37.5000 24.9184 30.0000
v 37.5000 26.4286 30.0000
v 37.5000 27.9388 28.0000
v 37.5000 26.4286 28.0000
v 37.5000 26.4286 30.0000
v 37.5000 27.9388 30.0000
v 37.5000 29.4490 28.0000
v 37.5000 27.9388 28.0000
v 37.5000 27.9388 30.0000
v 37.5000 29.4490 30.0000
v 37.5000 30.9592 28.0000
v 37.5000 29.4490 28.0000
v 37.5000 29.4490 30.0000
v 37.5000 30.9592 30.0000
v 37.5000 32.4694 28.0000
v 37.5000 30.9592 28.0000
v 37.5000 30.9592 30.0000
v 37.5000 32.4694 30.0000
v 37.5000 33.9796 28.0000
v 37.5000 33.9796 30.0000
v 37.5000 35.4898 28.0000
v 37.5000 35.4898 30.0000
v 37.5000 37.0000 28.0000
v 37.5000 35.4898 28.0000
v 37.5000 35.4898 30.0000
v 37.5000 37.0000 30.0000
v 39.0000 -35.4898 28.0000
v 39.0000 -37.0000 28.0000
v 39.0000 -37.0000 30.0000
v 39.0000 -35.4898 30.0000
v 39.0000 -33.9796 28.0000
v 39.0000 -33.9796 30.0000
v 39.0000 -32.4694 28.0000
v 39.0000 -33.9796 28.0000
v 39.0000 -33.9796 30.0000
v 39.0000 -32.4694 30.0000
v 39.0000 -30.9592 28.0000
v 39.0000 -30.9592 30.0000
v 39.0000 -29.4490 28.0000
v 39.0000 -30.9592 28.0000
v 39.0000 -30.9592 30.0000
v 39.0000 -29.4490 30.0000
v 39.0000 0.7551 28.0000
v 39.0000 -0.7551 28.0000
v 39.0000 -0.7551 30.0000
v 39.0000 0.7551 30.0000
v 39.0000 2.2653 28.0000
v 39.0000 0.7551 28.0000
v 39.0000 0.7551 30.0000
v 39.0000 2.2653 30.0000
v 39.0000 3.7755 28.0000
v 39.0000 2.2653 28.0000
v 39.0000 2.2653 30.0000
v 39.0000 3.7755 30.0000
v 39.0000 5.2857 28.0000
v 39.0000 3.7755 28.0000
v 39.0000 3.7755 30.0000
v 39.0000 5.2857 30.0000
v 39.0000 6.7959 28.0000
v 39.0000 5.2857 28.0000
v 39.0000 5.2857 30.0000
v 39.0000 6.7959 30.0000
v 39.0000 8.3061 28.0000
v 39.0000 6.7959 28.0000
v 39.0000 6.7959 30.0000
v 39.0000 8.3061 30.0000
v 39.0000 9.8163 28.0000
v 39.0000 8.3061 28.0000
v 39.0000 8.3061 30.0000
v 39.0000 9.8163 30.0000
v 39.0000 11.3265 28.0000
v 39.0000 9.8163 28.0000
v 39.0000 9.8163 30.0000
v 39.0000 11.3265 30.0000
v 39.0000 12.8367 28.0000
v 39.0000 11.3265 28.0000
v 39.0000 11.3265 30.0000
v 39.0000 12.8367 30.0000
v 39.0000 14.3469 28.0000
v 39.0000 12.8367 28.0000
v 39.0000 12.8367 30.0000
v 39.0000 14.3469 30.0000
v 39.0000 15.8571 28.0000
v 39.0000 14.3469 28.0000
v 39.0000 14.3469 30.0000
v 39.0000 15.8571 30.0000
v 39.0000 17.3673 28.0000
v 39.0000 15.8571 28.0000
v 39.0000 15.8571 30.0000
v 39.0000 17.3673 30.0000
v 39.0000 18.8776 28.0000
v 39.0000 17.3673 28.0000
v 39.0000 17.3673 30.0000
v 39.0000 18.8776 30.0000
v 39.0000 20.3878 28.0000
v 39.0000 18.8776 28.0000
v 39.0000 18.8776 30.0000
v 39.0000 20.3878 30.0000
v 39.0000 21.8980 28.0000
v 39.0000 20.3878 28.0000
v 39.0000 20.3878 30.0000
v 39.0000 21.8980 30.0000
v 39.0000 23.4082 28.0000
v 39.0000 21.8980 28.0000
v 39.0000 21.8980 30.0000
v 39.0000 23.4082 30.0000
v 39.0000 24.9184 28.0000
v 39.0000 23.4082 28.0000
v 39.0000 23.4082 30.0000
v 39.0000 24.9184 30.0000
v 39.0000 26.4286 28.0000
v 39.0000 24.9184 28.0000
v 39.0000 24.9184 30.0000
v 39.0000 26.4286 30.0000
v 39.0000 27.9388 28.0000
v 39.0000 26.4286 28.0000
v 39.0000 26.4286 30.0000
v 39.0000 27.9388 30.0000
v 39.0000 29.4490 28.0000
v 39.0000 27.9388 28.0000
v 39.0000 27.9388 30.0000
v 39.0000 29.4490 30.0000
v 39.0000 30.9592 28.0000
v 39.0000 29.4490 28.0000
v 39.0000 29.4490 30.0000
v 39.0000 30.9592 30.0000
v 39.0000 32.4694 28.0000
v 39.0000 30.9592 28.0000
v 39.0000 30.9592 30.0000
v 39.0000 32.4694 30.0000
v 39.0000 33.9796 28.0000
v 39.0000 33.9796 30.0000
v 39.0000 35.4898 28.0000
v 39.0000 35.4898 30.0000
v 39.0000 37.0000 28.0000
v 39.0000 35.4898 28.0000
v 39.0000 35.4898 30.0000
v 39.0000 37.0000 30.0000
v 40.5000 -35.4898 28.0000
v 40.5000 -37.0000 28.0000
v 40.5000 -37.0000 30.0000
v 40.5000 -35.4898 30.0000
v 40.5000 -33.9796 28.0000
v 40.5000 -33.9796 30.0000
v 40.5000 -32.4694 28.0000
v 40.5000 -33.9796 28.0000
v 40.5000 -33.9796 30.0000
v 40.5000 -32.4694 30.0000
v 40.5000 -30.9592 28.0000
v 40.5000 -30.9592 30.0000
v 40.5000 -29.4490 28.0000
v 40.5000 -30.9592 28.0000
v 40.5000 -30.9592 30.0000
v 40.5000 -29.4490 30.0000
v 40.5000 0.7551 28.0000
v 40.5000 -0.7551 28.0000
v 40.5000 -0.7551 30.0000
v 40.5000 0.7551 30.0000
v 40.5000 2.2653 28.0000
v 40.5000 0.7551 28.0000
v 40.5000 0.7551 30.0000
v 40.5000 2.2653 30.0000
v 40.5000 3.7755 28.0000
v 40.5000 2.2653 28.0000
v 40.5000 2.2653 30.0000
v 40.5000 3.7755 30.0000
v 40.5000 5.2857 28.0000
v 40.5000 3.7755 28.0000
v 40.5000 3.7755 30.0000
v 40.5000 5.2857 30.0000
v 40.5000 6.7959 28.0000
v 40.5000 5.2857 28.0000
v 40.5000 5.2857 30.0000
v 40.5000 6.7959 30.0000
v 40.5000 8.3061 28.0000
v 40.5000 6.7959 28.0000
v 40.5000 6.7959 30.0000
v 40.5000 8.3061 30.0000
v 40.5000 9.8163 28.0000
v 40.5000 8.3061 28.0000
v 40.5000 8.3061 30.0000
v 40.5000 9.8163 30.0000
v 40.5000 11.3265 28.0000
v 40.5000 9.8163 28.0000
v 40.5000 9.8163 30.0000
v 40.5000 11.3265 30.0000
v 40.5000 12.8367 28.0000
v 40.5000 11.3265 28.0000
v 40.5000 11.3265 30.0000
v 40.5000 12.8367 30.0000
v 40.5000 14.3469 28.0000
v 40.5000 12.8367 28.0000
v 40.5000 12.8367 30.0000
v 40.5000 14.3469 30.0000
v 40.5000 15.8571 28.0000
v 40.5000 14.3469 28.0000
v 40.5000 14.3469 30.0000
v 40.5000 15.8571 30.0000
v 40.5000 17.3673 28.0000
v 40.5000 15.8571 28.0000
v 40.5000 15.8571 30.0000
v 40.5000 17.3673 30.0000
v 40.5000 18.8776 28.0000
v 40.5000 17.3673 28.0000
v 40.5000 17.3673 30.0000
v 40.5000 18.8776 30.0000
v 40.5000 20.3878 28.0000
v 40.5000 18.8776 28.0000
v 40.5000 18.8776 30.0000
v 40.5000 20.3878 30.0000
v 40.5000 21.8980 28.0000
v 40.5000 20.3878 28.0000
v 40.5000 20.3878 30.0000
v 40.5000 21.8980 30.0000
v 40.5000 23.4082 28.0000
v 40.5000 21.8980 28.0000
v 40.5000 21.8980 30.0000
v 40.5000 23.4082 30.0000
v 40.5000 24.9184 28.0000
v 40.5000 23.4082 28.0000
v 40.5000 23.4082 30.0000
v 40.5000 24.9184 30.0000
v 40.5000 26.4286 28.0000
v 40.5000 24.9184 28.0000
v 40.5000 24.9184 30.0000
v 40.5000 26.4286 30.0000
v 40.5000 27.9388 28.0000
v 40.5000 26.4286 28.0000
v 40.5000 26.4286 30.0000
v 40.5000 27.9388 30.0000
v 40.5000 29.4490 28.0000
v 40.5000 27.9388 28.0000
v 40.5000 27.9388 30.0000
v 40.5000 29.4490 30.0000
v 40.5000 30.9592 28.0000
v 40.5000 29.4490 28.0000
v 40.5000 29.4490 30.0000
v 40.5000 30.9592 30.0000
v 40.5000 32.4694 28.0000
v 40.5000 30.9592 28.0000
v 40.5000 30.9592 30.0000
v 40.5000 32.4694 30.0000
v 40.5000 33.9796 28.0000
v 40.5000 33.9796 30.0000
v 40.5000 35.4898 28.0000
v 40.5000 35.4898 30.0000
v 40.5000 37.0000 28.0000
v 40.5000 35.4898 28.0000
v 40.5000 35.4898 30.0000
v 40.5000 37.0000 30.0000
v 42.0000 -35.4898 28.0000
v 42.0000 -37.0000 28.0000
v 42.0000 -37.0000 30.0000
v 42.0000 -35.4898 30.0000
v 42.0000 -33.9796 28.0000
v 42.0000 -33.9796 30.0000
v 42.0000 -32.4694 28.0000
v 42.0000 -33.9796 28.0000
v 42.0000 -33.9796 30.0000
v 42.0000 -32.4694 30.0000
v 42.0000 -30.9592 28.0000
v 42.0000 -30.9592 30.0000
v 42.0000 -29.4490 28.0000
v 42.0000 -30.9592 28.0000
v 42.0000 -30.9592 30.0000
v 42.0000 -29.4490 30.0000
v 42.0000 0.7551 28.0000
v 42.0000 -0.7551 28.0000
v 42.0000 -0.7551 30.0000
v 42.0000 0.7551 30.0000
v 42.0000 2.2653 28.0000
v 42.0000 0.7551 28.0000
v 42.0000 0.7551 30.0000
v 42.0000 2.2653 30.0000
v 42.0000 3.7755 28.0000
v 42.0000 2.2653 28.0000
v 42.0000 2.2653 30.0000
v 42.0000 3.7755 30.0000
v 42.0000 5.2857 28.0000
v 42.0000 3.7755 28.0000
v 42.0000 3.7755 30.0000
v 42.0000 5.2857 30.0000
v 42.0000 6.7959 28.0000
v 42.0000 5.2857 28.0000
v 42.0000 5.2857 30.0000
v 42.0000 6.7959 30.0000
v 42.0000 8.3061 28.0000
v 42.0000 6.7959 28.0000
v 42.0000 6.7959 30.0000
v 42.0000 8.3061 30.0000
v 42.0000 9.8163 28.0000
v 42.0000 8.3061 28.0000
v 42.0000 8.3061 30.0000
v 42.0000 9.8163 30.0000
v 42.0000 11.3265 28.0000
v 42.0000 9.8163 28.0000
v 42.0000 9.8163 30.0000
v 42.0000 11.3265 30.0000
v 42.0000 12.8367 28.0000
v 42.0000 11.3265 28.0000
v 42.0000 11.3265 30.0000
v 42.0000 12.8367 30.0000
v 42.0000 14.3469 28.0000
v 42.0000 12.8367 28.0000
v 42.0000 12.8367 30.0000
v 42.0000 14.3469 30.0000
v 42.0000 15.8571 28.0000
v 42.0000 14.3469 28.0000
v 42.0000 14.3469 30.0000
v 42.0000 15.8571 30.0000
v 42.0000 17.3673 28.0000
v 42.0000 15.8571 28.0000
v 42.0000 15.8571 30.0000
v 42.0000 17.3673 30.0000
v 42.0000 18.8776 28.0000
v 42.0000 17.3673 28.0000
v 42.0000 17.3673 30.0000
v 42.0000 18.8776 30.0000
v 42.0000 20.3878 28.0000
v 42.0000 18.8776 28.0000
v 42.0000 18.8776 30.0000
v 42.0000 20.3878 30.0000
v 42.0000 21.8980 28.0000
v 42.0000 20.3878 28.0000
v 42.0000 20.3878 30.0000
v 42.0000 21.8980 30.0000
v 42.0000 23.4082 28.0000
v 42.0000 21.8980 28.0000
v 42.0000 21.8980 30.0000
v 42.0000 23.4082 30.0000
v 42.0000 24.9184 28.0000
v 42.0000 23.4082 28.0000
v 42.0000 23.4082 30.0000
v 42.0000 24.9184 30.0000
v 42.0000 26.4286 28.0000
v 42.0000 24.9184 28.0000
v 42.0000 24.9184 30.0000
v 42.0000 26.4286 30.0000
v 42.0000 27.9388 28.0000
v 42.0000 26.4286 28.0000
v 42.0000 26.4286 30.0000
v 42.0000 27.9388 30.0000
v 42.0000 29.4490 28.0000
v 42.0000 27.9388 28.0000
v 42.0000 27.9388 30.0000
v 42.0000 29.4490 30.0000
v 42.0000 30.9592 28.0000
v 42.0000 29.4490 28.0000
v 42.0000 29.4490 30.0000
v 42.0000 30.9592 30.0000
v 42.0000 32.4694 28.0000
v 42.0000 30.9592 28.0000
v 42.0000 30.9592 30.0000
v 42.0000 32.4694 30.0000
v 42.0000 33.9796 28.0000
v 42.0000 33.9796 30.0000
v 42.0000 35.4898 28.0000
v 42.0000 35.4898 30.0000
v 42.0000 37.0000 28.0000
v 42.0000 35.4898 28.0000
v 42.0000 35.4898 30.0000
v 42.0000 37.0000 30.0000
v 43.5000 -35.4898 28.0000
v 43.5000 -37.0000 28.0000
v 43.5000 -37.0000 30.0000
v 43.5000 -35.4898 30.0000
v 43.5000 -33.9796 28.0000
v 43.5000 -33.9796 30.0000
v 43.5000 -32.4694 28.0000
v 43.5000 -33.9796 28.0000
v 43.5000 -33.9796 30.0000
v 43.5000 -32.4694 30.0000
v 43.5000 -30.9592 28.0000
v 43.5000 -30.9592 30.0000
v 43.5000 -29.4490 28.0000
v 43.5000 -30.9592 28.0000
v 43.5000 -30.9592 30.0000
v 43.5000 -29.4490 30.0000
v 42.0000 -27.9388 28.0000
v 43.5000 -27.9388 28.0000
v 43.5000 -27.9388 30.0000
v 42.0000 -27.9388 30.0000
v 42.0000 -24.9184 28.0000
v 42.0000 -23.4082 28.0000
v 43.5000 -23.4082 28.0000
v 43.5000 -24.9184 28.0000
v 42.0000 -24.9184 30.0000
v 43.5000 -24.9184 30.0000
v 43.5000 -23.4082 30.0000
v 42.0000 -23.4082 30.0000
v 42.0000 -21.8980 28.0000
v 43.5000 -21.8980 28.0000
v 43.5000 -21.8980 30.0000
v 42.0000 -21.8980 30.0000
v 42.0000 -21.8980 28.0000
v 42.0000 -20.3878 28.0000
v 43.5000 -20.3878 28.0000
v 43.5000 -21.8980 28.0000
v 42.0000 -21.8980 30.0000
v 43.5000 -21.8980 30.0000
v 43.5000 -20.3878 30.0000
v 42.0000 -20.3878 30.0000
v 43.5000 0.7551 28.0000
v 43.5000 -0.7551 28.0000
v 43.5000 -0.7551 30.0000
v 43.5000 0.7551 30.0000
v 43.5000 2.2653 28.0000
v 43.5000 0.7551 28.0000
v 43.5000 0.7551 30.0000
v 43.5000 2.2653 30.0000
v 43.5000 3.7755 28.0000
v 43.5000 2.2653 28.0000
v 43.5000 2.2653 30.0000
v 43.5000 3.7755 30.0000
v 43.5000 5.2857 28.0000
v 43.5000 3.7755 28.0000
v 43.5000 3.7755 30.0000
v 43.5000 5.2857 30.0000
v 43.5000 6.7959 28.0000
v 43.5000 5.2857 28.0000
v 43.5000 5.2857 30.0000
v 43.5000 6.7959 30.0000
v 43.5000 8.3061 28.0000
v 43.5000 6.7959 28.0000
v 43.5000 6.7959 30.0000
v 43.5000 8.3061 30.0000
v 43.5000 9.8163 28.0000
v 43.5000 8.3061 28.0000
v 43.5000 8.3061 30.0000
v 43.5000 9.8163 30.0000
v 43.5000 11.3265 28.0000
v 43.5000 9.8163 28.0000
v 43.5000 9.8163 30.0000
v 43.5000 11.3265 30.0000
v 43.5000 12.8367 28.0000
v 43.5000 11.3265 28.0000
v 43.5000 11.3265 30.0000
v 43.5000 12.8367 30.0000
v 43.5000 14.3469 28.0000
v 43.5000 12.8367 28.0000
v 43.5000 12.8367 30.0000
v 43.5000 14.3469 30.0000
v 43.5000 15.8571 28.0000
v 43.5000 14.3469 28.0000
v 43.5000 14.3469 30.0000
v 43.5000 15.8571 30.0000
v 43.5000 17.3673 28.0000
v 43.5000 15.8571 28.0000
v 43.5000 15.8571 30.0000
v 43.5000 17.3673 30.0000
v 43.5000 18.8776 28.0000
v 43.5000 17.3673 28.0000
v 43.5000 17.3673 30.0000
v 43.5000 18.8776 30.0000
v 43.5000 20.3878 28.0000
v 43.5000 18.8776 28.0000
v 43.5000 18.8776 30.0000
v 43.5000 20.3878 30.0000
v 43.5000 21.8980 28.0000
v 43.5000 20.3878 28.0000
v 43.5000 20.3878 30.0000
v 43.5000 21.8980 30.0000
v 43.5000 23.4082 28.0000
v 43.5000 21.8980 28.0000
v 43.5000 21.8980 30.0000
v 43.5000 23.4082 30.0000
v 43.5000 24.9184 28.0000
v 43.5000 23.4082 28.0000
v 43.5000 23.4082 30.0000
v 43.5000 24.9184 30.0000
v 43.5000 26.4286 28.0000
v 43.5000 24.9184 28.0000
v 43.5000 24.9184 30.0000
v 43.5000 26.4286 30.0000
v 43.5000 27.9388 28.0000
v 43.5000 26.4286 28.0000
v 43.5000 26.4286 30.0000
v 43.5000 27.9388 30.0000
v 43.5000 29.4490 28.0000
v 43.5000 27.9388 28.0000
v 43.5000 27.9388 30.0000
v 43.5000 29.4490 30.0000
v 43.5000 30.9592 28.0000
v 43.5000 29.4490 28.0000
v 43.5000 29.4490 30.0000
v 43.5000 30.9592 30.0000
v 43.5000 32.4694 28.0000
v 43.5000 30.9592 28.0000
v 43.5000 30.9592 30.0000
v 43.5000 32.4694 30.0000
v 43.5000 33.9796 28.0000
v 43.5000 33.9796 30.0000
v 43.5000 35.4898 28.0000
v 43.5000 35.4898 30.0000
v 43.5000 37.0000 28.0000
v 43.5000 35.4898 28.0000
v 43.5000 35.4898 30.0000
v 43.5000 37.0000 30.0000
v 45.0000 -35.4898 28.0000
v 45.0000 -37.0000 28.0000
v 45.0000 -37.0000 30.0000
v 45.0000 -35.4898 30.0000
v 45.0000 -33.9796 28.0000
v 45.0000 -33.9796 30.0000
v 45.0000 -32.4694 28.0000
v 45.0000 -33.9796 28.0000
v 45.0000 -33.9796 30.0000
v 45.0000 -32.4694 30.0000
v 45.0000 -30.9592 28.0000
v 45.0000 -30.9592 30.0000
v 45.0000 -29.4490 28.0000
v 45.0000 -30.9592 28.0000
v 45.0000 -30.9592 30.0000
v 45.0000 -29.4490 30.0000
v 45.0000 -21.8980 28.0000
v 45.0000 -23.4082 28.0000
v 45.0000 -23.4082 30.0000
v 45.0000 -21.8980 30.0000
v 45.0000 -20.3878 28.0000
v 45.0000 -21.8980 28.0000
v 45.0000 -21.8980 30.0000
v 45.0000 -20.3878 30.0000
v 45.0000 0.7551 28.0000
v 45.0000 -0.7551 28.0000
v 45.0000 -0.7551 30.0000
v 45.0000 0.7551 30.0000
v 45.0000 2.2653 28.0000
v 45.0000 0.7551 28.0000
v 45.0000 0.7551 30.0000
v 45.0000 2.2653 30.0000
v 45.0000 3.7755 28.0000
v 45.0000 2.2653 28.0000
v 45.0000 2.2653 30.0000
v 45.0000 3.7755 30.0000
v 45.0000 5.2857 28.0000
v 45.0000 3.7755 28.0000
v 45.0000 3.7755 30.0000
v 45.0000 5.2857 30.0000
v 45.0000 6.7959 28.0000
v 45.0000 5.2857 28.0000
v 45.0000 5.2857 30.0000
v 45.0000 6.7959 30.0000
v 45.0000 8.3061 28.0000
v 45.0000 6.7959 28.0000
v 45.0000 6.7959 30.0000
v 45.0000 8.3061 30.0000
v 45.0000 9.8163 28.0000
v 45.0000 8.3061 28.0000
v 45.0000 8.3061 30.0000
v 45.0000 9.8163 30.0000
v 45.0000 11.3265 28.0000
v 45.0000 9.8163 28.0000
v 45.0000 9.8163 30.0000
v 45.0000 11.3265 30.0000
v 45.0000 12.8367 28.0000
v 45.0000 11.3265 28.0000
v 45.0000 11.3265 30.0000
v 45.0000 12.8367 30.0000
v 45.0000 14.3469 28.0000
v 45.0000 12.8367 28.0000
v 45.0000 12.8367 30.0000
v 45.0000 14.3469 30.0000
v 45.0000 15.8571 28.0000
v 45.0000 14.3469 28.0000
v 45.0000 14.3469 30.0000
v 45.0000 15.8571 30.0000
v 45.0000 17.3673 28.0000
v 45.0000 15.8571 28.0000
v 45.0000 15.8571 30.0000
v 45.0000 17.3673 30.0000
v 45.0000 18.8776 28.0000
v 45.0000 17.3673 28.0000
v 45.0000 17.3673 30.0000
v 45.0000 18.8776 30.0000
v 45.0000 20.3878 28.0000
v 45.0000 18.8776 28.0000
v 45.0000 18.8776 30.0000
v 45.0000 20.3878 30.0000
v 45.0000 21.8980 28.0000
v 45.0000 20.3878 28.0000
v 45.0000 20.3878 30.0000
v 45.0000 21.8980 30.0000
v 45.0000 23.4082 28.0000
v 45.0000 21.8980 28.0000
v 45.0000 21.8980 30.0000
v 45.0000 23.4082 30.0000
v 45.0000 24.9184 28.0000
v 45.0000 23.4082 28.0000
v 45.0000 23.4082 30.0000
v 45.0000 24.9184 30.0000
v 45.0000 26.4286 28.0000
v 45.0000 24.9184 28.0000
v 45.0000 24.9184 30.0000
v 45.0000 26.4286 30.0000
v 45.0000 27.9388 28.0000
v 45.0000 26.4286 28.0000
v 45.0000 26.4286 30.0000
v 45.0000 27.9388 30.0000
v 45.0000 29.4490 28.0000
v 45.0000 27.9388 28.0000
v 45.0000 27.9388 30.0000
v 45.0000 29.4490 30.0000
v 45.0000 30.9592 28.0000
v 45.0000 29.4490 28.0000
v 45.0000 29.4490 30.0000
v 45.0000 30.9592 30.0000
v 45.0000 32.4694 28.0000
v 45.0000 30.9592 28.0000
v 45.0000 30.9592 30.0000
v 45.0000 32.4694 30.0000
v 45.0000 33.9796 28.0000
v 45.0000 33.9796 30.0000
v 45.0000 35.4898 28.0000
v 45.0000 35.4898 30.0000
v 45.0000 37.0000 28.0000
v 45.0000 35.4898 28.0000
v 45.0000 35.4898 30.0000
v 45.0000 37.0000 30.0000
v 46.5000 -35.4898 28.0000
v 46.5000 -37.0000 28.0000
v 46.5000 -37.0000 30.0000
v 46.5000 -35.4898 30.0000
v 46.5000 -33.9796 28.0000
v 46.5000 -33.9796 30.0000
v 46.5000 -32.4694 28.0000
v 46.5000 -33.9796 28.0000
v 46.5000 -33.9796 30.0000
v 46.5000 -32.4694 30.0000
v 46.5000 -30.9592 28.0000
v 46.5000 -30.9592 30.0000
v 46.5000 -29.4490 28.0000
v 46.5000 -30.9592 28.0000
v 46.5000 -30.9592 30.0000
v 46.5000 -29.4490 30.0000
v 46.5000 -21.8980 28.0000
v 46.5000 -23.4082 28.0000
v 46.5000 -23.4082 30.0000
v 46.5000 -21.8980 30.0000
v 46.5000 -20.3878 28.0000
v 46.5000 -21.8980 28.0000
v 46.5000 -21.8980 30.0000
v 46.5000 -20.3878 30.0000
v 46.5000 0.7551 28.0000
v 46.5000 -0.7551 28.0000
v 46.5000 -0.7551 30.0000
v 46.5000 0.7551 30.0000
v 46.5000 2.2653 28.0000
v 46.5000 0.7551 28.0000
v 46.5000 0.7551 30.0000
v 46.5000 2.2653 30.0000
v 46.5000 3.7755 28.0000
v 46.5000 2.2653 28.0000
v 46.5000 2.2653 30.0000
v 46.5000 3.7755 30.0000
v 46.5000 5.2857 28.0000
v 46.5000 3.7755 28.0000
v 46.5000 3.7755 30.0000
v 46.5000 5.2857 30.0000
v 46.5000 6.7959 28.0000
v 46.5000 5.2857 28.0000
v 46.5000 5.2857 30.0000
v 46.5000 6.7959 30.0000
v 46.5000 8.3061 28.0000
v 46.5000 6.7959 28.0000
v 46.5000 6.7959 30.0000
v 46.5000 8.3061 30.0000
v 46.5000 9.8163 28.0000
v 46.5000 8.3061 28.0000
v 46.5000 8.3061 30.0000
v 46.5000 9.8163 30.0000
v 46.5000 11.3265 28.0000
v 46.5000 9.8163 28.0000
v 46.5000 9.8163 30.0000
v 46.5000 11.3265 30.0000
v 46.5000 12.8367 28.0000
v 46.5000 11.3265 28.0000
v 46.5000 11.3265 30.0000
v 46.5000 12.8367 30.0000
v 46.5000 14.3469 28.0000
v 46.5000 12.8367 28.0000
v 46.5000 12.8367 30.0000
v 46.5000 14.3469 30.0000
v 46.5000 15.8571 28.0000
v 46.5000 14.3469 28.0000
v 46.5000 14.3469 30.0000
v 46.5000 15.8571 30.0000
v 46.5000 17.3673 28.0000
v 46.5000 15.8571 28.0000
v 46.5000 15.8571 30.0000
v 46.5000 17.3673 30.0000
v 46.5000 18.8776 28.0000
v 46.5000 17.3673 28.0000
v 46.5000 17.3673 30.0000
v 46.5000 18.8776 30.0000
v 46.5000 20.3878 28.0000
v 46.5000 18.8776 28.0000
v 46.5000 18.8776 30.0000
v 46.5000 20.3878 30.0000
v 46.5000 21.8980 28.0000
v 46.5000 20.3878 28.0000
v 46.5000 20.3878 30.0000
v 46.5000 21.8980 30.0000
v 46.5000 23.4082 28.0000
v 46.5000 21.8980 28.0000
v 46.5000 21.8980 30.0000
v 46.5000 23.4082 30.0000
v 46.5000 24.9184 28.0000
v 46.5000 23.4082 28.0000
v 46.5000 23.4082 30.0000
v 46.5000 24.9184 30.0000
v 46.5000 26.4286 28.0000
v 46.5000 24.9184 28.0000
v 46.5000 24.9184 30.0000
v 46.5000 26.4286 30.0000
v 46.5000 27.9388 28.0000
v 46.5000 26.4286 28.0000
v 46.5000 26.4286 30.0000
v 46.5000 27.9388 30.0000
v 46.5000 29.4490 28.0000
v 46.5000 27.9388 28.0000
v 46.5000 27.9388 30.0000
v 46.5000 29.4490 30.0000
v 46.5000 30.9592 28.0000
v 46.5000 29.4490 28.0000
v 46.5000 29.4490 30.0000
v 46.5000 30.9592 30.0000
v 46.5000 32.4694 28.0000
v 46.5000 30.9592 28.0000
v 46.5000 30.9592 30.0000
v 46.5000 32.4694 30.0000
v 46.5000 33.9796 28.0000
v 46.5000 33.9796 30.0000
v 46.5000 35.4898 28.0000
v 46.5000 35.4898 30.0000
v 46.5000 37.0000 28.0000
v 46.5000 35.4898 28.0000
v 46.5000 35.4898 30.0000
v 46.5000 37.0000 30.0000
v 48.0000 -35.4898 28.0000
v 48.0000 -37.0000 28.0000
v 48.0000 -37.0000 30.0000
v 48.0000 -35.4898 30.0000
v 48.0000 -33.9796 28.0000
v 48.0000 -33.9796 30.0000
v 48.0000 -32.4694 28.0000
v 48.0000 -33.9796 28.0000
v 48.0000 -33.9796 30.0000
v 48.0000 -32.4694 30.0000
v 48.0000 -30.9592 28.0000
v 48.0000 -30.9592 30.0000
v 48.0000 -29.4490 28.0000
v 48.0000 -30.9592 28.0000
v 48.0000 -30.9592 30.0000
v 48.0000 -29.4490 30.0000
v 48.0000 -21.8980 28.0000
v 48.0000 -23.4082 28.0000
v 48.0000 -23.4082 30.0000
v 48.0000 -21.8980 30.0000
v 48.0000 -20.3878 28.0000
v 48.0000 -21.8980 28.0000
v 48.0000 -21.8980 30.0000
v 48.0000 -20.3878 30.0000
v 48.0000 0.7551 28.0000
v 48.0000 -0.7551 28.0000
v 48.0000 -0.7551 30.0000
v 48.0000 0.7551 30.0000
v 48.0000 2.2653 28.0000
v 48.0000 0.7551 28.0000
v 48.0000 0.7551 30.0000
v 48.0000 2.2653 30.0000
v 48.0000 3.7755 28.0000
v 48.0000 2.2653 28.0000
v 48.0000 2.2653 30.0000
v 48.0000 3.7755 30.0000
v 48.0000 5.2857 28.0000
v 48.0000 3.7755 28.0000
v 48.0000 3.7755 30.0000
v 48.0000 5.2857 30.0000
v 48.0000 6.7959 28.0000
v 48.0000 5.2857 28.0000
v 48.0000 5.2857 30.0000
v 48.0000 6.7959 30.0000
v 48.0000 8.3061 28.0000
v 48.0000 6.7959 28.0000
v 48.0000 6.7959 30.0000
v 48.0000 8.3061 30.0000
v 48.0000 9.8163 28.0000
v 48.0000 8.3061 28.0000
v 48.0000 8.3061 30.0000
v 48.0000 9.8163 30.0000
v 48.0000 11.3265 28.0000
v 48.0000 9.8163 28.0000
v 48.0000 9.8163 30.0000
v 48.0000 11.3265 30.0000
v 48.0000 12.8367 28.0000
v 48.0000 11.3265 28.0000
v 48.0000 11.3265 30.0000
v 48.0000 12.8367 30.0000
v 48.0000 14.3469 28.0000
v 48.0000 12.8367 28.0000
v 48.0000 12.8367 30.0000
v 48.0000 14.3469 30.0000
v 48.0000 15.8571 28.0000
v 48.0000 14.3469 28.0000
v 48.0000 14.3469 30.0000
v 48.0000 15.8571 30.0000
v 48.0000 17.3673 28.0000
v 48.0000 15.8571 28.0000
v 48.0000 15.8571 30.0000
v 48.0000 17.3673 30.0000
v 48.0000 18.8776 28.0000
v 48.0000 17.3673 28.0000
v 48.0000 17.3673 30.0000
v 48.0000 18.8776 30.0000
v 48.0000 20.3878 28.0000
v 48.0000 18.8776 28.0000
v 48.0000 18.8776 30.0000
v 48.0000 20.3878 30.0000
v 48.0000 21.8980 28.0000
v 48.0000 20.3878 28.0000
v 48.0000 20.3878 30.0000
v 48.0000 21.8980 30.0000
v 48.0000 23.4082 28.0000
v 48.0000 21.8980 28.0000
v 48.0000 21.8980 30.0000
v 48.0000 23.4082 30.0000
v 48.0000 24.9184 28.0000
v 48.0000 23.4082 28.0000
v 48.0000 23.4082 30.0000
v 48.0000 24.9184 30.0000
v 48.0000 26.4286 28.0000
v 48.0000 24.9184 28.0000
v 48.0000 24.9184 30.0000
v 48.0000 26.4286 30.0000
v 48.0000 27.9388 28.0000
v 48.0000 26.4286 28.0000
v 48.0000 26.4286 30.0000
v 48.0000 27.9388 30.0000
v 48.0000 29.4490 28.0000
v 48.0000 27.9388 28.0000
v 48.0000 27.9388 30.0000
v 48.0000 29.4490 30.0000
v 48.0000 30.9592 28.0000
v 48.0000 29.4490 28.0000
v 48.0000 29.4490 30.0000
v 48.0000 30.9592 30.0000
v 48.0000 32.4694 28.0000
v 48.0000 30.9592 28.0000
v 48.0000 30.9592 30.0000
v 48.0000 32.4694 30.0000
v 48.0000 33.9796 28.0000
v 48.0000 33.9796 30.0000
v 48.0000 35.4898 28.0000
v 48.0000 35.4898 30.0000
v 48.0000 37.0000 28.0000
v 48.0000 35.4898 28.0000
v 48.0000 35.4898 30.0000
v 48.0000 37.0000 30.0000
v 49.5000 -35.4898 28.0000
v 49.5000 -37.0000 28.0000
v 49.5000 -37.0000 30.0000
v 49.5000 -35.4898 30.0000
v 49.5000 -33.9796 28.0000
v 49.5000 -33.9796 30.0000
v 49.5000 -32.4694 28.0000
v 49.5000 -33.9796 28.0000
v 49.5000 -33.9796 30.0000
v 49.5000 -32.4694 30.0000
v 49.5000 -30.9592 28.0000
v 49.5000 -30.9592 30.0000
v 49.5000 -29.4490 28.0000
v 49.5000 -30.9592 28.0000
v 49.5000 -30.9592 30.0000
v 49.5000 -29.4490 30.0000
v 48.0000 -27.9388 28.0000
v 49.5000 -27.9388 28.0000
v 49.5000 -27.9388 30.0000
v 48.0000 -27.9388 30.0000
v 48.0000 -24.9184 28.0000
v 49.5000 -23.4082 28.0000
v 49.5000 -24.9184 28.0000
v 48.0000 -24.9184 30.0000
v 49.5000 -24.9184 30.0000
v 49.5000 -23.4082 30.0000
v 49.5000 -21.8980 28.0000
v 49.5000 -21.8980 30.0000
v 49.5000 -20.3878 28.0000
v 49.5000 -21.8980 28.0000
v 49.5000 -21.8980 30.0000
v 49.5000 -20.3878 30.0000
v 48.0000 -18.8776 28.0000
v 49.5000 -18.8776 28.0000
v 49.5000 -18.8776 30.0000
v 48.0000 -18.8776 30.0000
v 48.0000 -17.3673 28.0000
v 49.5000 -17.3673 28.0000
v 49.5000 -17.3673 30.0000
v 48.0000 -17.3673 30.0000
v 48.0000 -17.3673 28.0000
v 48.0000 -15.8571 28.0000
v 49.5000 -15.8571 28.0000
v 49.5000 -17.3673 28.0000
v 48.0000 -17.3673 30.0000
v 49.5000 -17.3673 30.0000
v 49.5000 -15.8571 30.0000
v 48.0000 -15.8571 30.0000
v 48.0000 -15.8571 28.0000
v 48.0000 -14.3469 28.0000
v 49.5000 -14.3469 28.0000
v 49.5000 -15.8571 28.0000
v 48.0000 -15.8571 30.0000
v 49.5000 -15.8571 30.0000
v 49.5000 -14.3469 30.0000
v 48.0000 -14.3469 30.0000
v 48.0000 -14.3469 28.0000
v 48.0000 -12.8367 28.0000
v 49.5000 -12.8367 28.0000
v 49.5000 -14.3469 28.0000
v 48.0000 -14.3469 30.0000
v 49.5000 -14.3469 30.0000
v 49.5000 -12.8367 30.0000
v 48.0000 -12.8367 30.0000
v 48.0000 -12.8367 28.0000
v 48.0000 -11.3265 28.0000
v 49.5000 -11.3265 28.0000
v 49.5000 -12.8367 28.0000
v 48.0000 -12.8367 30.0000
v 49.5000 -12.8367 30.0000
v 49.5000 -11.3265 30.0000
v 48.0000 -11.3265 30.0000
v 48.0000 -11.3265 28.0000
v 48.0000 -9.8163 28.0000
v 49.5000 -9.8163 28.0000
v 49.5000 -11.3265 28.0000
v 48.0000 -11.3265 30.0000
v 49.5000 -11.3265 30.0000
v 49.5000 -9.8163 30.0000
v 48.0000 -9.8163 30.0000
v 48.0000 -9.8163 28.0000
v 48.0000 -8.3061 28.0000
v 49.5000 -8.3061 28.0000
v 49.5000 -9.8163 28.0000
v 48.0000 -9.8163 30.0000
v 49.5000 -9.8163 30.0000
v 49.5000 -8.3061 30.0000
v 48.0000 -8.3061 30.0000
v 48.0000 -8.3061 28.0000
v 48.0000 -6.7959 28.0000
v 49.5000 -6.7959 28.0000
v 49.5000 -8.3061 28.0000
v 48.0000 -8.3061 30.0000
v 49.5000 -8.3061 30.0000
v 49.5000 -6.7959 30.0000
v 48.0000 -6.7959 30.0000
v 48.0000 -6.7959 28.0000
v 48.0000 -5.2857 28.0000
v 49.5000 -5.2857 28.0000
v 49.5000 -6.7959 28.0000
v 48.0000 -6.7959 30.0000
v 49.5000 -6.7959 30.0000
v 49.5000 -5.2857 30.0000
v 48.0000 -5.2857 30.0000
v 48.0000 -5.2857 28.0000
v 48.0000 -3.7755 28.0000
v 49.5000 -3.7755 28.0000
v 49.5000 -5.2857 28.0000
v 48.0000 -5.2857 30.0000
v 49.5000 -5.2857 30.0000
v 49.5000 -3.7755 30.0000
v 48.0000 -3.7755 30.0000
v 48.0000 -3.7755 28.0000
v 48.0000 -2.2653 28.0000
v 49.5000 -2.2653 28.0000
v 49.5000 -3.7755 28.0000
v 48.0000 -3.7755 30.0000
v 49.5000 -3.7755 30.0000
v 49.5000 -2.2653 30.0000
v 48.0000 -2.2653 30.0000
v 48.0000 -2.2653 28.0000
v 48.0000 -0.7551 28.0000
v 49.5000 -0.7551 28.0000
v 49.5000 -2.2653 28.0000
v 48.0000 -2.2653 30.0000
v 49.5000 -2.2653 30.0000
v 49.5000 -0.7551 30.0000
v 48.0000 -0.7551 30.0000
v 49.5000 0.7551 28.0000
v 49.5000 -0.7551 28.0000
v 49.5000 -0.7551 30.0000
v 49.5000 0.7551 30.0000
v 49.5000 2.2653 28.0000
v 49.5000 0.7551 28.0000
v 49.5000 0.7551 30.0000
v 49.5000 2.2653 30.0000
v 49.5000 3.7755 28.0000
v 49.5000 2.2653 28.0000
v 49.5000 2.2653 30.0000
v 49.5000 3.7755 30.0000
v 49.5000 5.2857 28.0000
v 49.5000 3.7755 28.0000
v 49.5000 3.7755 30.0000
v 49.5000 5.2857 30.0000
v 49.5000 6.7959 28.0000
v 49.5000 5.2857 28.0000
v 49.5000 5.2857 30.0000
v 49.5000 6.7959 30.0000
v 49.5000 8.3061 28.0000
v 49.5000 6.7959 28.0000
v 49.5000 6.7959 30.0000
v 49.5000 8.3061 30.0000
v 49.5000 9.8163 28.0000
v 49.5000 8.3061 28.0000
v 49.5000 8.3061 30.0000
v 49.5000 9.8163 30.0000
v 49.5000 11.3265 28.0000
v 49.5000 9.8163 28.0000
v 49.5000 9.8163 30.0000
v 49.5000 11.3265 30.0000
v 49.5000 12.8367 28.0000
v 49.5000 11.3265 28.0000
v 49.5000 11.3265 30.0000
v 49.5000 12.8367 30.0000
v 49.5000 14.3469 28.0000
v 49.5000 12.8367 28.0000
v 49.5000 12.8367 30.0000
v 49.5000 14.3469 30.0000
v 49.5000 15.8571 28.0000
v 49.5000 14.3469 28.0000
v 49.5000 14.3469 30.0000
v 49.5000 15.8571 30.0000
v 49.5000 17.3673 28.0000
v 49.5000 15.8571 28.0000
v 49.5000 15.8571 30.0000
v 49.5000 17.3673 30.0000
v 49.5000 18.8776 28.0000
v 49.5000 17.3673 28.0000
v 49.5000 17.3673 30.0000
v 49.5000 18.8776 30.0000
v 49.5000 20.3878 28.0000
v 49.5000 18.8776 28.0000
v 49.5000 18.8776 30.0000
v 49.5000 20.3878 30.0000
v 49.5000 21.8980 28.0000
v 49.5000 20.3878 28.0000
v 49.5000 20.3878 30.0000
v 49.5000 21.8980 30.0000
v 49.5000 23.4082 28.0000
v 49.5000 21.8980 28.0000
v 49.5000 21.8980 30.0000
v 49.5000 23.4082 30.0000
v 49.5000 24.9184 28.0000
v 49.5000 23.4082 28.0000
v 49.5000 23.4082 30.0000
v 49.5000 24.9184 30.0000
v 49.5000 26.4286 28.0000
v 49.5000 24.9184 28.0000
v 49.5000 24.9184 30.0000
v 49.5000 26.4286 30.0000
v 49.5000 27.9388 28.0000
v 49.5000 26.4286 28.0000
v 49.5000 26.4286 30.0000
v 49.5000 27.9388 30.0000
v 49.5000 29.4490 28.0000
v 49.5000 27.9388 28.0000
v 49.5000 27.9388 30.0000
v 49.5000 29.4490 30.0000
v 49.5000 30.9592 28.0000
v 49.5000 29.4490 28.0000
v 49.5000 29.4490 30.0000
v 49.5000 30.9592 30.0000
v 49.5000 32.4694 28.0000
v 49.5000 30.9592 28.0000
v 49.5000 30.9592 30.0000
v 49.5000 32.4694 30.0000
v 49.5000 33.9796 28.0000
v 49.5000 33.9796 30.0000
v 49.5000 35.4898 28.0000
v 49.5000 35.4898 30.0000
v 49.5000 37.0000 28.0000
v 49.5000 35.4898 28.0000
v 49.5000 35.4898 30.0000
v 49.5000 37.0000 30.0000
v 51.0000 -35.4898 28.0000
v 51.0000 -37.0000 28.0000
v 51.0000 -37.0000 30.0000
v 51.0000 -35.4898 30.0000
v 51.0000 -33.9796 28.0000
v 51.0000 -33.9796 30.0000
v 51.0000 -32.4694 28.0000
v 51.0000 -33.9796 28.0000
v 51.0000 -33.9796 30.0000
v 51.0000 -32.4694 30.0000
v 51.0000 -30.9592 28.0000
v 51.0000 -30.9592 30.0000
v 51.0000 -29.4490 28.0000
v 51.0000 -30.9592 28.0000
v 51.0000 -30.9592 30.0000
v 51.0000 -29.4490 30.0000
v 51.0000 -27.9388 28.0000
v 51.0000 -27.9388 30.0000
v 49.5000 -26.4286 28.0000
v 51.0000 -26.4286 28.0000
v 51.0000 -26.4286 30.0000
v 49.5000 -26.4286 30.0000
v 49.5000 -26.4286 28.0000
v 51.0000 -24.9184 28.0000
v 51.0000 -26.4286 28.0000
v 49.5000 -26.4286 30.0000
v 51.0000 -26.4286 30.0000
v 51.0000 -24.9184 30.0000
v 51.0000 -23.4082 28.0000
v 51.0000 -23.4082 30.0000
v 51.0000 -21.8980 28.0000
v 51.0000 -21.8980 30.0000
v 51.0000 -20.3878 28.0000
v 51.0000 -21.8980 28.0000
v 51.0000 -21.8980 30.0000
v 51.0000 -20.3878 30.0000
v 51.0000 -18.8776 28.0000
v 51.0000 -18.8776 30.0000
v 51.0000 -17.3673 28.0000
v 51.0000 -17.3673 30.0000
v 51.0000 -15.8571 28.0000
v 51.0000 -17.3673 28.0000
v 51.0000 -17.3673 30.0000
v 51.0000 -15.8571 30.0000
v 51.0000 -14.3469 28.0000
v 51.0000 -15.8571 28.0000
v 51.0000 -15.8571 30.0000
v 51.0000 -14.3469 30.0000
v 51.0000 -12.8367 28.0000
v 51.0000 -14.3469 28.0000
v 51.0000 -14.3469 30.0000
v 51.0000 -12.8367 30.0000
v 51.0000 -11.3265 28.0000
v 51.0000 -12.8367 28.0000
v 51.0000 -12.8367 30.0000
v 51.0000 -11.3265 30.0000
v 51.0000 -9.8163 28.0000
v 51.0000 -11.3265 28.0000
v 51.0000 -11.3265 30.0000
v 51.0000 -9.8163 30.0000
v 51.0000 -8.3061 28.0000
v 51.0000 -9.8163 28.0000
v 51.0000 -9.8163 30.0000
v 51.0000 -8.3061 30.0000
v 51.0000 -6.7959 28.0000
v 51.0000 -8.3061 28.0000
v 51.0000 -8.3061 30.0000
v 51.0000 -6.7959 30.0000
v 51.0000 -5.2857 28.0000
v 51.0000 -6.7959 28.0000
v 51.0000 -6.7959 30.0000
v 51.0000 -5.2857 30.0000
v 51.0000 -3.7755 28.0000
v 51.0000 -5.2857 28.0000
v 51.0000 -5.2857 30.0000
v 51.0000 -3.7755 30.0000
v 51.0000 -2.2653 28.0000
v 51.0000 -3.7755 28.0000
v 51.0000 -3.7755 30.0000
v 51.0000 -2.2653 30.0000
v 51.0000 -0.7551 28.0000
v 51.0000 -2.2653 28.0000
v 51.0000 -2.2653 30.0000
v 51.0000 -0.7551 30.0000
v 51.0000 0.7551 28.0000
v 51.0000 -0.7551 28.0000
v 51.0000 -0.7551 30.0000
v 51.0000 0.7551 30.0000
v 51.0000 2.2653 28.0000
v 51.0000 0.7551 28.0000
v 51.0000 0.7551 30.0000
v 51.0000 2.2653 30.0000
v 51.0000 3.7755 28.0000
v 51.0000 2.2653 28.0000
v 51.0000 2.2653 30.0000
v 51.0000 3.7755 30.0000
v 51.0000 5.2857 28.0000
v 51.0000 3.7755 28.0000
v 51.0000 3.7755 30.0000
v 51.0000 5.2857 30.0000
v 51.0000 6.7959 28.0000
v 51.0000 5.2857 28.0000
v 51.0000 5.2857 30.0000
v 51.0000 6.7959 30.0000
v 51.0000 8.3061 28.0000
v 51.0000 6.7959 28.0000
v 51.0000 6.7959 30.0000
v 51.0000 8.3061 30.0000
v 51.0000 9.8163 28.0000
v 51.0000 8.3061 28.0000
v 51.0000 8.3061 30.0000
v 51.0000 9.8163 30.0000
v 51.0000 11.3265 28.0000
v 51.0000 9.8163 28.0000
v 51.0000 9.8163 30.0000
v 51.0000 11.3265 30.0000
v 51.0000 12.8367 28.0000
v 51.0000 11.3265 28.0000
v 51.0000 11.3265 30.0000
v 51.0000 12.8367 30.0000
v 51.0000 14.3469 28.0000
v 51.0000 12.8367 28.0000
v 51.0000 12.8367 30.0000
v 51.0000 14.3469 30.0000
v 51.0000 15.8571 28.0000
v 51.0000 14.3469 28.0000
v 51.0000 14.3469 30.0000
v 51.0000 15.8571 30.0000
v 51.0000 17.3673 28.0000
v 51.0000 15.8571 28.0000
v 51.0000 15.8571 30.0000
v 51.0000 17.3673 30.0000
v 51.0000 18.8776 28.0000
v 51.0000 17.3673 28.0000
v 51.0000 17.3673 30.0000
v 51.0000 18.8776 30.0000
v 51.0000 20.3878 28.0000
v 51.0000 18.8776 28.0000
v 51.0000 18.8776 30.0000
v 51.0000 20.3878 30.0000
v 51.0000 21.8980 28.0000
v 51.0000 20.3878 28.0000
v 51.0000 20.3878 30.0000
v 51.0000 21.8980 30.0000
v 51.0000 23.4082 28.0000
v 51.0000 21.8980 28.0000
v 51.0000 21.8980 30.0000
v 51.0000 23.4082 30.0000
v 51.0000 24.9184 28.0000
v 51.0000 23.4082 28.0000
v 51.0000 23.4082 30.0000
v 51.0000 24.9184 30.0000
v 51.0000 26.4286 28.0000
v 51.0000 24.9184 28.0000
v 51.0000 24.9184 30.0000
v 51.0000 26.4286 30.0000
v 51.0000 27.9388 28.0000
v 51.0000 26.4286 28.0000
v 51.0000 26.4286 30.0000
v 51.0000 27.9388 30.0000
v 51.0000 29.4490 28.0000
v 51.0000 27.9388 28.0000
v 51.0000 27.9388 30.0000
v 51.0000 29.4490 30.0000
v 51.0000 30.9592 28.0000
v 51.0000 29.4490 28.0000
v 51.0000 29.4490 30.0000
v 51.0000 30.9592 30.0000
v 51.0000 32.4694 28.0000
v 51.0000 30.9592 28.0000
v 51.0000 30.9592 30.0000
v 51.0000 32.4694 30.0000
v 51.0000 33.9796 28.0000
v 51.0000 33.9796 30.0000
v 51.0000 35.4898 28.0000
v 51.0000 35.4898 30.0000
v 51.0000 37.0000 28.0000
v 51.0000 35.4898 28.0000
v 51.0000 35.4898 30.0000
v 51.0000 37.0000 30.0000
v 52.5000 -35.4898 28.0000
v 52.5000 -37.0000 28.0000
v 52.5000 -37.0000 30.0000
v 52.5000 -35.4898 30.0000
v 52.5000 -33.9796 28.0000
v 52.5000 -33.9796 30.0000
v 52.5000 -32.4694 28.0000
v 52.5000 -33.9796 28.0000
v 52.5000 -33.9796 30.0000
v 52.5000 -32.4694 30.0000
v 52.5000 -30.9592 28.0000
v 52.5000 -30.9592 30.0000
v 52.5000 -29.4490 28.0000
v 52.5000 -30.9592 28.0000
v 52.5000 -30.9592 30.0000
v 52.5000 -29.4490 30.0000
v 52.5000 -27.9388 28.0000
v 52.5000 -27.9388 30.0000
v 52.5000 -26.4286 28.0000
v 52.5000 -26.4286 30.0000
v 52.5000 -24.9184 28.0000
v 52.5000 -26.4286 28.0000
v 52.5000 -26.4286 30.0000
v 52.5000 -24.9184 30.0000
v 52.5000 -23.4082 28.0000
v 52.5000 -23.4082 30.0000
v 52.5000 -21.8980 28.0000
v 52.5000 -21.8980 30.0000
v 52.5000 -20.3878 28.0000
v 52.5000 -21.8980 28.0000
v 52.5000 -21.8980 30.0000
v 52.5000 -20.3878 30.0000
v 52.5000 -18.8776 28.0000
v 52.5000 -18.8776 30.0000
v 52.5000 -17.3673 28.0000
v 52.5000 -17.3673 30.0000
v 52.5000 -15.8571 28.0000
v 52.5000 -17.3673 28.0000
v 52.5000 -17.3673 30.0000
v 52.5000 -15.8571 30.0000
v 52.5000 -14.3469 28.0000
v 52.5000 -15.8571 28.0000
v 52.5000 -15.8571 30.0000
v 52.5000 -14.3469 30.0000
v 52.5000 -12.8367 28.0000
v 52.5000 -14.3469 28.0000
v 52.5000 -14.3469 30.0000
v 52.5000 -12.8367 30.0000
v 52.5000 -11.3265 28.0000
v 52.5000 -12.8367 28.0000
v 52.5000 -12.8367 30.0000
v 52.5000 -11.3265 30.0000
v 52.5000 -9.8163 28.0000
v 52.5000 -11.3265 28.0000
v 52.5000 -11.3265 30.0000
v 52.5000 -9.8163 30.0000
v 52.5000 -8.3061 28.0000
v 52.5000 -9.8163 28.0000
v 52.5000 -9.8163 30.0000
v 52.5000 -8.3061 30.0000
v 52.5000 -6.7959 28.0000
v 52.5000 -8.3061 28.0000
v 52.5000 -8.3061 30.0000
v 52.5000 -6.7959 30.0000
v 52.5000 -5.2857 28.0000
v 52.5000 -6.7959 28.0000
v 52.5000 -6.7959 30.0000
v 52.5000 -5.2857 30.0000
v 52.5000 -3.7755 28.0000
v 52.5000 -5.2857 28.0000
v 52.5000 -5.2857 30.0000
v 52.5000 -3.7755 30.0000
v 52.5000 -2.2653 28.0000
v 52.5000 -3.7755 28.0000
v 52.5000 -3.7755 30.0000
v 52.5000 -2.2653 30.0000
v 52.5000 -0.7551 28.0000
v 52.5000 -2.2653 28.0000
v 52.5000 -2.2653 30.0000
v 52.5000 -0.7551 30.0000
v 52.5000 0.7551 28.0000
v 52.5000 -0.7551 28.0000
v 52.5000 -0.7551 30.0000
v 52.5000 0.7551 30.0000
v 52.5000 2.2653 28.0000
v 52.5000 0.7551 28.0000
v 52.5000 0.7551 30.0000
v 52.5000 2.2653 30.0000
v 52.5000 3.7755 28.0000
v 52.5000 2.2653 28.0000
v 52.5000 2.2653 30.0000
v 52.5000 3.7755 30.0000
v 52.5000 5.2857 28.0000
v 52.5000 3.7755 28.0000
v 52.5000 3.7755 30.0000
v 52.5000 5.2857 30.0000
v 52.5000 6.7959 28.0000
v 52.5000 5.2857 28.0000
v 52.5000 5.2857 30.0000
v 52.5000 6.7959 30.0000
v 52.5000 8.3061 28.0000
v 52.5000 6.7959 28.0000
v 52.5000 6.7959 30.0000
v 52.5000 8.3061 30.0000
v 52.5000 9.8163 28.0000
v 52.5000 8.3061 28.0000
v 52.5000 8.3061 30.0000
v 52.5000 9.8163 30.0000
v 52.5000 11.3265 28.0000
v 52.5000 9.8163 28.0000
v 52.5000 9.8163 30.0000
v 52.5000 11.3265 30.0000
v 52.5000 12.8367 28.0000
v 52.5000 11.3265 28.0000
v 52.5000 11.3265 30.0000
v 52.5000 12.8367 30.0000
v 52.5000 14.3469 28.0000
v 52.5000 12.8367 28.0000
v 52.5000 12.8367 30.0000
v 52.5000 14.3469 30.0000
v 52.5000 15.8571 28.0000
v 52.5000 14.3469 28.0000
v 52.5000 14.3469 30.0000
v 52.5000 15.8571 30.0000
v 52.5000 17.3673 28.0000
v 52.5000 15.8571 28.0000
v 52.5000 15.8571 30.0000
v 52.5000 17.3673 30.0000
v 52.5000 18.8776 28.0000
v 52.5000 17.3673 28.0000
v 52.5000 17.3673 30.0000
v 52.5000 18.8776 30.0000
v 52.5000 20.3878 28.0000
v 52.5000 18.8776 28.0000
v 52.5000 18.8776 30.0000
v 52.5000 20.3878 30.0000
v 52.5000 21.8980 28.0000
v 52.5000 20.3878 28.0000
v 52.5000 20.3878 30.0000
v 52.5000 21.8980 30.0000
v 52.5000 23.4082 28.0000
v 52.5000 21.8980 28.0000
v 52.5000 21.8980 30.0000
v 52.5000 23.4082 30.0000
v 52.5000 24.9184 28.0000
v 52.5000 23.4082 28.0000
v 52.5000 23.4082 30.0000
v 52.5000 24.9184 30.0000
v 52.5000 26.4286 28.0000
v 52.5000 24.9184 28.0000
v 52.5000 24.9184 30.0000
v 52.5000 26.4286 30.0000
v 52.5000 27.9388 28.0000
v 52.5000 26.4286 28.0000
v 52.5000 26.4286 30.0000
v 52.5000 27.9388 30.0000
v 52.5000 29.4490 28.0000
v 52.5000 27.9388 28.0000
v 52.5000 27.9388 30.0000
v 52.5000 29.4490 30.0000
v 52.5000 30.9592 28.0000
v 52.5000 29.4490 28.0000
v 52.5000 29.4490 30.0000
v 52.5000 30.9592 30.0000
v 52.5000 32.4694 28.0000
v 52.5000 30.9592 28.0000
v 52.5000 30.9592 30.0000
v 52.5000 32.4694 30.0000
v 52.5000 33.9796 28.0000
v 52.5000 33.9796 30.0000
v 52.5000 35.4898 28.0000
v 52.5000 35.4898 30.0000
v 52.5000 37.0000 28.0000
v 52.5000 35.4898 28.0000
v 52.5000 35.4898 30.0000
v 52.5000 37.0000 30.0000
v 54.0000 -35.4898 28.0000
v 54.0000 -37.0000 28.0000
v 54.0000 -37.0000 30.0000
v 54.0000 -35.4898 30.0000
v 54.0000 -33.9796 28.0000
v 54.0000 -33.9796 30.0000
v 54.0000 -32.4694 28.0000
v 54.0000 -33.9796 28.0000
v 54.0000 -33.9796 30.0000
v 54.0000 -32.4694 30.0000
v 54.0000 -30.9592 28.0000
v 54.0000 -30.9592 30.0000
v 54.0000 -29.4490 28.0000
v 54.0000 -30.9592 28.0000
v 54.0000 -30.9592 30.0000
v 54.0000 -29.4490 30.0000
v 54.0000 -27.9388 28.0000
v 54.0000 -27.9388 30.0000
v 54.0000 -26.4286 28.0000
v 54.0000 -26.4286 30.0000
v 54.0000 -24.9184 28.0000
v 54.0000 -26.4286 28.0000
v 54.0000 -26.4286 30.0000
v 54.0000 -24.9184 30.0000
v 54.0000 -23.4082 28.0000
v 54.0000 -23.4082 30.0000
v 54.0000 -21.8980 28.0000
v 54.0000 -21.8980 30.0000
v 54.0000 -20.3878 28.0000
v 54.0000 -21.8980 28.0000
v 54.0000 -21.8980 30.0000
v 54.0000 -20.3878 30.0000
v 54.0000 -18.8776 28.0000
v 54.0000 -18.8776 30.0000
v 54.0000 -17.3673 28.0000
v 54.0000 -17.3673 30.0000
v 54.0000 -15.8571 28.0000
v 54.0000 -17.3673 28.0000
v 54.0000 -17.3673 30.0000
v 54.0000 -15.8571 30.0000
v 54.0000 -14.3469 28.0000
v 54.0000 -15.8571 28.0000
v 54.0000 -15.8571 30.0000
v 54.0000 -14.3469 30.0000
v 54.0000 -12.8367 28.0000
v 54.0000 -14.3469 28.0000
v 54.0000 -14.3469 30.0000
v 54.0000 -12.8367 30.0000
v 54.0000 -11.3265 28.0000
v 54.0000 -12.8367 28.0000
v 54.0000 -12.8367 30.0000
v 54.0000 -11.3265 30.0000
v 54.0000 -9.8163 28.0000
v 54.0000 -11.3265 28.0000
v 54.0000 -11.3265 30.0000
v 54.0000 -9.8163 30.0000
v 54.0000 -8.3061 28.0000
v 54.0000 -9.8163 28.0000
v 54.0000 -9.8163 30.0000
v 54.0000 -8.3061 30.0000
v 54.0000 -6.7959 28.0000
v 54.0000 -8.3061 28.0000
v 54.0000 -8.3061 30.0000
v 54.0000 -6.7959 30.0000
v 54.0000 -5.2857 28.0000
v 54.0000 -6.7959 28.0000
v 54.0000 -6.7959 30.0000
v 54.0000 -5.2857 30.0000
v 54.0000 -3.7755 28.0000
v 54.0000 -5.2857 28.0000
v 54.0000 -5.2857 30.0000
v 54.0000 -3.7755 30.0000
v 54.0000 -2.2653 28.0000
v 54.0000 -3.7755 28.0000
v 54.0000 -3.7755 30.0000
v 54.0000 -2.2653 30.0000
v 54.0000 -0.7551 28.0000
v 54.0000 -2.2653 28.0000
v 54.0000 -2.2653 30.0000
v 54.0000 -0.7551 30.0000
v 54.0000 0.7551 28.0000
v 54.0000 -0.7551 28.0000
v 54.0000 -0.7551 30.0000
v 54.0000 0.7551 30.0000
v 54.0000 2.2653 28.0000
v 54.0000 0.7551 28.0000
v 54.0000 0.7551 30.0000
v 54.0000 2.2653 30.0000
v 54.0000 3.7755 28.0000
v 54.0000 2.2653 28.0000
v 54.0000 2.2653 30.0000
v 54.0000 3.7755 30.0000
v 54.0000 5.2857 28.0000
v 54.0000 3.7755 28.0000
v 54.0000 3.7755 30.0000
v 54.0000 5.2857 30.0000
v 54.0000 6.7959 28.0000
v 54.0000 5.2857 28.0000
v 54.0000 5.2857 30.0000
v 54.0000 6.7959 30.0000
v 54.0000 8.3061 28.0000
v 54.0000 6.7959 28.0000
v 54.0000 6.7959 30.0000
v 54.0000 8.3061 30.0000
v 54.0000 9.8163 28.0000
v 54.0000 8.3061 28.0000
v 54.0000 8.3061 30.0000
v 54.0000 9.8163 30.0000
v 54.0000 11.3265 28.0000
v 54.0000 9.8163 28.0000
v 54.0000 9.8163 30.0000
v 54.0000 11.3265 30.0000
v 54.0000 12.8367 28.0000
v 54.0000 11.3265 28.0000
v 54.0000 11.3265 30.0000
v 54.0000 12.8367 30.0000
v 54.0000 14.3469 28.0000
v 54.0000 12.8367 28.0000
v 54.0000 12.8367 30.0000
v 54.0000 14.3469 30.0000
v 54.0000 15.8571 28.0000
v 54.0000 14.3469 28.0000
v 54.0000 14.3469 30.0000
v 54.0000 15.8571 30.0000
v 54.0000 17.3673 28.0000
v 54.0000 15.8571 28.0000
v 54.0000 15.8571 30.0000
v 54.0000 17.3673 30.0000
v 54.0000 18.8776 28.0000
v 54.0000 17.3673 28.0000
v 54.0000 17.3673 30.0000
v 54.0000 18.8776 30.0000
v 54.0000 20.3878 28.0000
v 54.0000 18.8776 28.0000
v 54.0000 18.8776 30.0000
v 54.0000 20.3878 30.0000
v 54.0000 21.8980 28.0000
v 54.0000 20.3878 28.0000
v 54.0000 20.3878 30.0000
v 54.0000 21.8980 30.0000
v 54.0000 23.4082 28.0000
v 54.0000 21.8980 28.0000
v 54.0000 21.8980 30.0000
v 54.0000 23.4082 30.0000
v 54.0000 24.9184 28.0000
v 54.0000 23.4082 28.0000
v 54.0000 23.4082 30.0000
v 54.0000 24.9184 30.0000
v 54.0000 26.4286 28.0000
v 54.0000 24.9184 28.0000
v 54.0000 24.9184 30.0000
v 54.0000 26.4286 30.0000
v 54.0000 27.9388 28.0000
v 54.0000 26.4286 28.0000
v 54.0000 26.4286 30.0000
v 54.0000 27.9388 30.0000
v 54.0000 29.4490 28.0000
v 54.0000 27.9388 28.0000
v 54.0000 27.9388 30.0000
v 54.0000 29.4490 30.0000
v 54.0000 30.9592 28.0000
v 54.0000 29.4490 28.0000
v 54.0000 29.4490 30.0000
v 54.0000 30.9592 30.0000
v 54.0000 32.4694 28.0000
v 54.0000 30.9592 28.0000
v 54.0000 30.9592 30.0000
v 54.0000 32.4694 30.0000
v 54.0000 33.9796 28.0000
v 54.0000 33.9796 30.0000
v 54.0000 35.4898 28.0000
v 54.0000 35.4898 30.0000
v 54.0000 37.0000 28.0000
v 54.0000 35.4898 28.0000
v 54.0000 35.4898 30.0000
v 54.0000 37.0000 30.0000
v 32.0000 -29.0000 29.2000
v 32.0000 -20.0000 29.2000
v 42.0000 -20.0000 29.2000
v 42.0000 -29.0000 29.2000
v 32.0000 -29.0000 30.0000
v 42.0000 -29.0000 30.0000
v 42.0000 -20.0000 30.0000
v 32.0000 -20.0000 30.0000
v 28.0000 -20.0000 29.2000
v 28.0000 -1.0000 29.2000
v 48.0000 -1.0000 29.2000
v 48.0000 -20.0000 29.2000
v 28.0000 -20.0000 30.0000
v 48.0000 -20.0000 30.0000
v 48.0000 -1.0000 30.0000
v 28.0000 -1.0000 30.0000
v -34.0000 -19.0000 29.0000
v -34.0000 -5.0000 29.0000
v -14.0000 -5.0000 29.0000
v -14.0000 -19.0000 29.0000
v -34.0000 -19.0000 30.0000
v -14.0000 -19.0000 30.0000
v -14.0000 -5.0000 30.0000
v -34.0000 -5.0000 30.0000
v -14.5000 17.5000 30.0000
v -14.6595 19.3233 30.0000
v -14.6595 19.3233 33.0000
v -14.5000 17.5000 33.0000
v -16.8000 17.5000 30.0000
v -16.9246 18.9239 33.0000
v -16.9246 18.9239 30.0000
v -16.8000 17.5000 33.0000
v -15.1332 21.0912 30.0000
v -15.1332 21.0912 33.0000
v -17.2945 20.3046 33.0000
v -17.2945 20.3046 30.0000
v -15.9067 22.7500 30.0000
v -15.9067 22.7500 33.0000
v -17.8986 21.6000 33.0000
v -17.8986 21.6000 30.0000
v -16.9565 24.2493 30.0000
v -16.9565 24.2493 33.0000
v -18.7184 22.7709 33.0000
v -18.7184 22.7709 30.0000
v -18.2507 25.5435 30.0000
v -18.2507 25.5435 33.0000
v -19.7291 23.7816 33.0000
v -19.7291 23.7816 30.0000
v -19.7500 26.5933 30.0000
v -19.7500 26.5933 33.0000
v -20.9000 24.6014 33.0000
v -20.9000 24.6014 30.0000
v -21.4088 27.3668 30.0000
v -21.4088 27.3668 33.0000
v -22.1954 25.2055 33.0000
v -22.1954 25.2055 30.0000
v -23.1767 27.8405 30.0000
v -23.1767 27.8405 33.0000
v -23.5761 25.5754 33.0000
v -23.5761 25.5754 30.0000
v -25.0000 28.0000 30.0000
v -25.0000 28.0000 33.0000
v -25.0000 25.7000 33.0000
v -25.0000 25.7000 30.0000
v -26.8233 27.8405 30.0000
v -26.8233 27.8405 33.0000
v -26.4239 25.5754 33.0000
v -26.4239 25.5754 30.0000
v -28.5912 27.3668 30.0000
v -28.5912 27.3668 33.0000
v -27.8046 25.2055 33.0000
v -27.8046 25.2055 30.0000
v -30.2500 26.5933 30.0000
v -30.2500 26.5933 33.0000
v -29.1000 24.6014 33.0000
v -29.1000 24.6014 30.0000
v -31.7493 25.5435 30.0000
v -31.7493 25.5435 33.0000
v -30.2709 23.7816 33.0000
v -30.2709 23.7816 30.0000
v -33.0435 24.2493 30.0000
v -33.0435 24.2493 33.0000
v -31.2816 22.7709 33.0000
v -31.2816 22.7709 30.0000
v -34.0933 22.7500 30.0000
v -34.0933 22.7500 33.0000
v -32.1014 21.6000 33.0000
v -32.1014 21.6000 30.0000
v -34.8668 21.0912 30.0000
v -34.8668 21.0912 33.0000
v -32.7055 20.3046 33.0000
v -32.7055 20.3046 30.0000
v -35.3405 19.3233 30.0000
v -35.3405 19.3233 33.0000
v -33.0754 18.9239 33.0000
v -33.0754 18.9239 30.0000
v -35.5000 17.5000 30.0000
v -35.5000 17.5000 33.0000
v -33.2000 17.5000 33.0000
v -33.2000 17.5000 30.0000
v -35.3405 15.6767 30.0000
v -35.3405 15.6767 33.0000
v -33.0754 16.0761 33.0000
v -33.0754 16.0761 30.0000
v -34.8668 13.9088 30.0000
v -34.8668 13.9088 33.0000
v -32.7055 14.6954 33.0000
v -32.7055 14.6954 30.0000
v -34.0933 12.2500 30.0000
v -34.0933 12.2500 33.0000
v -32.1014 13.4000 33.0000
v -32.1014 13.4000 30.0000
v -33.0435 10.7507 30.0000
v -33.0435 10.7507 33.0000
v -31.2816 12.2291 33.0000
v -31.2816 12.2291 30.0000
v -31.7493 9.4565 30.0000
v -31.7493 9.4565 33.0000
v -30.2709 11.2184 33.0000
v -30.2709 11.2184 30.0000
v -30.2500 8.4067 30.0000
v -30.2500 8.4067 33.0000
v -29.1000 10.3986 33.0000
v -29.1000 10.3986 30.0000
v -28.5912 7.6332 30.0000
v -28.5912 7.6332 33.0000
v -27.8046 9.7945 33.0000
v -27.8046 9.7945 30.0000
v -26.8233 7.1595 30.0000
v -26.8233 7.1595 33.0000
v -26.4239 9.4246 33.0000
v -26.4239 9.4246 30.0000
v -25.0000 7.0000 30.0000
v -25.0000 7.0000 33.0000
v -25.0000 9.3000 33.0000
v -25.0000 9.3000 30.0000
v -23.1767 7.1595 30.0000
v -23.1767 7.1595 33.0000
v -23.5761 9.4246 33.0000
v -23.5761 9.4246 30.0000
v -21.4088 7.6332 30.0000
v -21.4088 7.6332 33.0000
v -22.1954 9.7945 33.0000
v -22.1954 9.7945 30.0000
v -19.7500 8.4067 30.0000
v -19.7500 8.4067 33.0000
v -20.9000 10.3986 33.0000
v -20.9000 10.3986 30.0000
v -18.2507 9.4565 30.0000
v -18.2507 9.4565 33.0000
v -19.7291 11.2184 33.0000
v -19.7291 11.2184 30.0000
v -16.9565 10.7507 30.0000
v -16.9565 10.7507 33.0000
v -18.7184 12.2291 33.0000
v -18.7184 12.2291 30.0000
v -15.9067 12.2500 30.0000
v -15.9067 12.2500 33.0000
v -17.8986 13.4000 33.0000
v -17.8986 13.4000 30.0000
v -15.1332 13.9088 30.0000
v -15.1332 13.9088 33.0000
v -17.2945 14.6954 33.0000
v -17.2945 14.6954 30.0000
v -14.6595 15.6767 30.0000
v -14.6595 15.6767 33.0000
v -16.9246 16.0761 33.0000
v -16.9246 16.0761 30.0000
v -14.5000 17.5000 30.0000
v -14.5000 17.5000 33.0000
v -16.8000 17.5000 33.0000
v -16.8000 17.5000 30.0000
v -54.0000 35.0000 26.0000
v -54.0000 37.0000 26.0000
v 54.0000 37.0000 26.0000
v 54.0000 35.0000 26.0000
v -54.0000 35.0000 28.0000
v 54.0000 35.0000 28.0000
v -54.0000 -37.0000 26.0000
v -54.0000 -35.0000 26.0000
v 54.0000 -35.0000 26.0000
v 54.0000 -37.0000 26.0000
v 54.0000 -35.0000 28.0000
v -54.0000 -35.0000 28.0000
v 52.0000 -35.0000 26.0000
v 52.0000 35.0000 26.0000
v 52.0000 -35.0000 28.0000
v 52.0000 35.0000 28.0000
v -52.0000 35.0000 26.0000
v -52.0000 -35.0000 26.0000
v -52.0000 -35.0000 28.0000
v -52.0000 35.0000 28.0000
v -47.1000 -34.5000 28.0000
v -47.1365 -34.0832 28.0000
v -47.1365 -34.0832 30.0000
v -47.1000 -34.5000 30.0000
v -48.1500 -34.5000 28.0000
v -48.1705 -34.2656 30.0000
v -48.1705 -34.2656 28.0000
v -48.1500 -34.5000 30.0000
v -47.2447 -33.6792 28.0000
v -47.2447 -33.6792 30.0000
v -48.2314 -34.0383 30.0000
v -48.2314 -34.0383 28.0000
v -47.4215 -33.3000 28.0000
v -47.4215 -33.3000 30.0000
v -48.3309 -33.8250 30.0000
v -48.3309 -33.8250 28.0000
v -47.6615 -32.9573 28.0000
v -47.6615 -32.9573 30.0000
v -48.4658 -33.6322 30.0000
v -48.4658 -33.6322 28.0000
v -47.9573 -32.6615 28.0000
v -47.9573 -32.6615 30.0000
v -48.6322 -33.4658 30.0000
v -48.6322 -33.4658 28.0000
v -48.3000 -32.4215 28.0000
v -48.3000 -32.4215 30.0000
v -48.8250 -33.3309 30.0000
v -48.8250 -33.3309 28.0000
v -48.6792 -32.2447 28.0000
v -48.6792 -32.2447 30.0000
v -49.0383 -33.2314 30.0000
v -49.0383 -33.2314 28.0000
v -49.0832 -32.1365 28.0000
v -49.0832 -32.1365 30.0000
v -49.2656 -33.1705 30.0000
v -49.2656 -33.1705 28.0000
v -49.5000 -32.1000 28.0000
v -49.5000 -32.1000 30.0000
v -49.5000 -33.1500 30.0000
v -49.5000 -33.1500 28.0000
v -49.9168 -32.1365 28.0000
v -49.9168 -32.1365 30.0000
v -49.7344 -33.1705 30.0000
v -49.7344 -33.1705 28.0000
v -50.3208 -32.2447 28.0000
v -50.3208 -32.2447 30.0000
v -49.9617 -33.2314 30.0000
v -49.9617 -33.2314 28.0000
v -50.7000 -32.4215 28.0000
v -50.7000 -32.4215 30.0000
v -50.1750 -33.3309 30.0000
v -50.1750 -33.3309 28.0000
v -51.0427 -32.6615 28.0000
v -51.0427 -32.6615 30.0000
v -50.3678 -33.4658 30.0000
v -50.3678 -33.4658 28.0000
v -51.3385 -32.9573 28.0000
v -51.3385 -32.9573 30.0000
v -50.5342 -33.6322 30.0000
v -50.5342 -33.6322 28.0000
v -51.5785 -33.3000 28.0000
v -51.5785 -33.3000 30.0000
v -50.6691 -33.8250 30.0000
v -50.6691 -33.8250 28.0000
v -51.7553 -33.6792 28.0000
v -51.7553 -33.6792 30.0000
v -50.7686 -34.0383 30.0000
v -50.7686 -34.0383 28.0000
v -51.8635 -34.0832 28.0000
v -51.8635 -34.0832 30.0000
v -50.8295 -34.2656 30.0000
v -50.8295 -34.2656 28.0000
v -51.9000 -34.5000 28.0000
v -51.9000 -34.5000 30.0000
v -50.8500 -34.5000 30.0000
v -50.8500 -34.5000 28.0000
v -51.8635 -34.9168 28.0000
v -51.8635 -34.9168 30.0000
v -50.8295 -34.7344 30.0000
v -50.8295 -34.7344 28.0000
v -51.7553 -35.3208 28.0000
v -51.7553 -35.3208 30.0000
v -50.7686 -34.9617 30.0000
v -50.7686 -34.9617 28.0000
v -51.5785 -35.7000 28.0000
v -51.5785 -35.7000 30.0000
v -50.6691 -35.1750 30.0000
v -50.6691 -35.1750 28.0000
v -51.3385 -36.0427 28.0000
v -51.3385 -36.0427 30.0000
v -50.5342 -35.3678 30.0000
v -50.5342 -35.3678 28.0000
v -51.0427 -36.3385 28.0000
v -51.0427 -36.3385 30.0000
v -50.3678 -35.5342 30.0000
v -50.3678 -35.5342 28.0000
v -50.7000 -36.5785 28.0000
v -50.7000 -36.5785 30.0000
v -50.1750 -35.6691 30.0000
v -50.1750 -35.6691 28.0000
v -50.3208 -36.7553 28.0000
v -50.3208 -36.7553 30.0000
v -49.9617 -35.7686 30.0000
v -49.9617 -35.7686 28.0000
v -49.9168 -36.8635 28.0000
v -49.9168 -36.8635 30.0000
v -49.7344 -35.8295 30.0000
v -49.7344 -35.8295 28.0000
v -49.5000 -36.9000 28.0000
v -49.5000 -36.9000 30.0000
v -49.5000 -35.8500 30.0000
v -49.5000 -35.8500 28.0000
v -49.0832 -36.8635 28.0000
v -49.0832 -36.8635 30.0000
v -49.2656 -35.8295 30.0000
v -49.2656 -35.8295 28.0000
v -48.6792 -36.7553 28.0000
v -48.6792 -36.7553 30.0000
v -49.0383 -35.7686 30.0000
v -49.0383 -35.7686 28.0000
v -48.3000 -36.5785 28.0000
v -48.3000 -36.5785 30.0000
v -48.8250 -35.6691 30.0000
v -48.8250 -35.6691 28.0000
v -47.9573 -36.3385 28.0000
v -47.9573 -36.3385 30.0000
v -48.6322 -35.5342 30.0000
v -48.6322 -35.5342 28.0000
v -47.6615 -36.0427 28.0000
v -47.6615 -36.0427 30.0000
v -48.4658 -35.3678 30.0000
v -48.4658 -35.3678 28.0000
v -47.4215 -35.7000 28.0000
v -47.4215 -35.7000 30.0000
v -48.3309 -35.1750 30.0000
v -48.3309 -35.1750 28.0000
v -47.2447 -35.3208 28.0000
v -47.2447 -35.3208 30.0000
v -48.2314 -34.9617 30.0000
v -48.2314 -34.9617 28.0000
v -47.1365 -34.9168 28.0000
v -47.1365 -34.9168 30.0000
v -48.1705 -34.7344 30.0000
v -48.1705 -34.7344 28.0000
v 51.9000 -34.5000 28.0000
v 51.8635 -34.0832 28.0000
v 51.8635 -34.0832 30.0000
v 51.9000 -34.5000 30.0000
v 50.8500 -34.5000 28.0000
v 50.8295 -34.2656 30.0000
v 50.8295 -34.2656 28.0000
v 50.8500 -34.5000 30.0000
v 51.7553 -33.6792 28.0000
v 51.7553 -33.6792 30.0000
v 50.7686 -34.0383 30.0000
v 50.7686 -34.0383 28.0000
v 51.5785 -33.3000 28.0000
v 51.5785 -33.3000 30.0000
v 50.6691 -33.8250 30.0000
v 50.6691 -33.8250 28.0000
v 51.3385 -32.9573 28.0000
v 51.3385 -32.9573 30.0000
v 50.5342 -33.6322 30.0000
v 50.5342 -33.6322 28.0000
v 51.0427 -32.6615 28.0000
v 51.0427 -32.6615 30.0000
v 50.3678 -33.4658 30.0000
v 50.3678 -33.4658 28.0000
v 50.7000 -32.4215 28.0000
v 50.7000 -32.4215 30.0000
v 50.1750 -33.3309 30.0000
v 50.1750 -33.3309 28.0000
v 50.3208 -32.2447 28.0000
v 50.3208 -32.2447 30.0000
v 49.9617 -33.2314 30.0000
v 49.9617 -33.2314 28.0000
v 49.9168 -32.1365 28.0000
v 49.9168 -32.1365 30.0000
v 49.7344 -33.1705 30.0000
v 49.7344 -33.1705 28.0000
v 49.5000 -32.1000 28.0000
v 49.5000 -32.1000 30.0000
v 49.5000 -33.1500 30.0000
v 49.5000 -33.1500 28.0000
v 49.0832 -32.1365 28.0000
v 49.0832 -32.1365 30.0000
v 49.2656 -33.1705 30.0000
v 49.2656 -33.1705 28.0000
v 48.6792 -32.2447 28.0000
v 48.6792 -32.2447 30.0000
v 49.0383 -33.2314 30.0000
v 49.0383 -33.2314 28.0000
v 48.3000 -32.4215 28.0000
v 48.3000 -32.4215 30.0000
v 48.8250 -33.3309 30.0000
v 48.8250 -33.3309 28.0000
v 47.9573 -32.6615 28.0000
v 47.9573 -32.6615 30.0000
v 48.6322 -33.4658 30.0000
v 48.6322 -33.4658 28.0000
v 47.6615 -32.9573 28.0000
v 47.6615 -32.9573 30.0000
v 48.4658 -33.6322 30.0000
v 48.4658 -33.6322 28.0000
v 47.4215 -33.3000 28.0000
v 47.4215 -33.3000 30.0000
v 48.3309 -33.8250 30.0000
v 48.3309 -33.8250 28.0000
v 47.2447 -33.6792 28.0000
v 47.2447 -33.6792 30.0000
v 48.2314 -34.0383 30.0000
v 48.2314 -34.0383 28.0000
v 47.1365 -34.0832 28.0000
v 47.1365 -34.0832 30.0000
v 48.1705 -34.2656 30.0000
v 48.1705 -34.2656 28.0000
v 47.1000 -34.5000 28.0000
v 47.1000 -34.5000 30.0000
v 48.1500 -34.5000 30.0000
v 48.1500 -34.5000 28.0000
v 47.1365 -34.9168 28.0000
v 47.1365 -34.9168 30.0000
v 48.1705 -34.7344 30.0000
v 48.1705 -34.7344 28.0000
v 47.2447 -35.3208 28.0000
v 47.2447 -35.3208 30.0000
v 48.2314 -34.9617 30.0000
v 48.2314 -34.9617 28.0000
v 47.4215 -35.7000 28.0000
v 47.4215 -35.7000 30.0000
v 48.3309 -35.1750 30.0000
v 48.3309 -35.1750 28.0000
v 47.6615 -36.0427 28.0000
v 47.6615 -36.0427 30.0000
v 48.4658 -35.3678 30.0000
v 48.4658 -35.3678 28.0000
v 47.9573 -36.3385 28.0000
v 47.9573 -36.3385 30.0000
v 48.6322 -35.5342 30.0000
v 48.6322 -35.5342 28.0000
v 48.3000 -36.5785 28.0000
v 48.3000 -36.5785 30.0000
v 48.8250 -35.6691 30.0000
v 48.8250 -35.6691 28.0000
v 48.6792 -36.7553 28.0000
v 48.6792 -36.7553 30.0000
v 49.0383 -35.7686 30.0000
v 49.0383 -35.7686 28.0000
v 49.0832 -36.8635 28.0000
v 49.0832 -36.8635 30.0000
v 49.2656 -35.8295 30.0000
v 49.2656 -35.8295 28.0000
v 49.5000 -36.9000 28.0000
v 49.5000 -36.9000 30.0000
v 49.5000 -35.8500 30.0000
v 49.5000 -35.8500 28.0000
v 49.9168 -36.8635 28.0000
v 49.9168 -36.8635 30.0000
v 49.7344 -35.8295 30.0000
v 49.7344 -35.8295 28.0000
v 50.3208 -36.7553 28.0000
v 50.3208 -36.7553 30.0000
v 49.9617 -35.7686 30.0000
v 49.9617 -35.7686 28.0000
v 50.7000 -36.5785 28.0000
v 50.7000 -36.5785 30.0000
v 50.1750 -35.6691 30.0000
v 50.1750 -35.6691 28.0000
v 51.0427 -36.3385 28.0000
v 51.0427 -36.3385 30.0000
v 50.3678 -35.5342 30.0000
v 50.3678 -35.5342 28.0000
v 51.3385 -36.0427 28.0000
v 51.3385 -36.0427 30.0000
v 50.5342 -35.3678 30.0000
v 50.5342 -35.3678 28.0000
v 51.5785 -35.7000 28.0000
v 51.5785 -35.7000 30.0000
v 50.6691 -35.1750 30.0000
v 50.6691 -35.1750 28.0000
v 51.7553 -35.3208 28.0000
v 51.7553 -35.3208 30.0000
v 50.7686 -34.9617 30.0000
v 50.7686 -34.9617 28.0000
v 51.8635 -34.9168 28.0000
v 51.8635 -34.9168 30.0000
v 50.8295 -34.7344 30.0000
v 50.8295 -34.7344 28.0000
v -47.1000 34.5000 28.0000
v -47.1365 34.9168 28.0000
v -47.1365 34.9168 30.0000
v -47.1000 34.5000 30.0000
v -48.1500 34.5000 28.0000
v -48.1705 34.7344 30.0000
v -48.1705 34.7344 28.0000
v -48.1500 34.5000 30.0000
v -47.2447 35.3208 28.0000
v -47.2447 35.3208 30.0000
v -48.2314 34.9617 30.0000
v -48.2314 34.9617 28.0000
v -47.4215 35.7000 28.0000
v -47.4215 35.7000 30.0000
v -48.3309 35.1750 30.0000
v -48.3309 35.1750 28.0000
v -47.6615 36.0427 28.0000
v -47.6615 36.0427 30.0000
v -48.4658 35.3678 30.0000
v -48.4658 35.3678 28.0000
v -47.9573 36.3385 28.0000
v -47.9573 36.3385 30.0000
v -48.6322 35.5342 30.0000
v -48.6322 35.5342 28.0000
v -48.3000 36.5785 28.0000
v -48.3000 36.5785 30.0000
v -48.8250 35.6691 30.0000
v -48.8250 35.6691 28.0000
v -48.6792 36.7553 28.0000
v -48.6792 36.7553 30.0000
v -49.0383 35.7686 30.0000
v -49.0383 35.7686 28.0000
v -49.0832 36.8635 28.0000
v -49.0832 36.8635 30.0000
v -49.2656 35.8295 30.0000
v -49.2656 35.8295 28.0000
v -49.5000 36.9000 28.0000
v -49.5000 36.9000 30.0000
v -49.5000 35.8500 30.0000
v -49.5000 35.8500 28.0000
v -49.9168 36.8635 28.0000
v -49.9168 36.8635 30.0000
v -49.7344 35.8295 30.0000
v -49.7344 35.8295 28.0000
v -50.3208 36.7553 28.0000
v -50.3208 36.7553 30.0000
v -49.9617 35.7686 30.0000
v -49.9617 35.7686 28.0000
v -50.7000 36.5785 28.0000
v -50.7000 36.5785 30.0000
v -50.1750 35.6691 30.0000
v -50.1750 35.6691 28.0000
v -51.0427 36.3385 28.0000
v -51.0427 36.3385 30.0000
v -50.3678 35.5342 30.0000
v -50.3678 35.5342 28.0000
v -51.3385 36.0427 28.0000
v -51.3385 36.0427 30.0000
v -50.5342 35.3678 30.0000
v -50.5342 35.3678 28.0000
v -51.5785 35.7000 28.0000
v -51.5785 35.7000 30.0000
v -50.6691 35.1750 30.0000
v -50.6691 35.1750 28.0000
v -51.7553 35.3208 28.0000
v -51.7553 35.3208 30.0000
v -50.7686 34.9617 30.0000
v -50.7686 34.9617 28.0000
v -51.8635 34.9168 28.0000
v -51.8635 34.9168 30.0000
v -50.8295 34.7344 30.0000
v -50.8295 34.7344 28.0000
v -51.9000 34.5000 28.0000
v -51.9000 34.5000 30.0000
v -50.8500 34.5000 30.0000
v -50.8500 34.5000 28.0000
v -51.8635 34.0832 28.0000
v -51.8635 34.0832 30.0000
v -50.8295 34.2656 30.0000
v -50.8295 34.2656 28.0000
v -51.7553 33.6792 28.0000
v -51.7553 33.6792 30.0000
v -50.7686 34.0383 30.0000
v -50.7686 34.0383 28.0000
v -51.5785 33.3000 28.0000
v -51.5785 33.3000 30.0000
v -50.6691 33.8250 30.0000
v -50.6691 33.8250 28.0000
v -51.3385 32.9573 28.0000
v -51.3385 32.9573 30.0000
v -50.5342 33.6322 30.0000
v -50.5342 33.6322 28.0000
v -51.0427 32.6615 28.0000
v -51.0427 32.6615 30.0000
v -50.3678 33.4658 30.0000
v -50.3678 33.4658 28.0000
v -50.7000 32.4215 28.0000
v -50.7000 32.4215 30.0000
v -50.1750 33.3309 30.0000
v -50.1750 33.3309 28.0000
v -50.3208 32.2447 28.0000
v -50.3208 32.2447 30.0000
v -49.9617 33.2314 30.0000
v -49.9617 33.2314 28.0000
v -49.9168 32.1365 28.0000
v -49.9168 32.1365 30.0000
v -49.7344 33.1705 30.0000
v -49.7344 33.1705 28.0000
v -49.5000 32.1000 28.0000
v -49.5000 32.1000 30.0000
v -49.5000 33.1500 30.0000
v -49.5000 33.1500 28.0000
v -49.0832 32.1365 28.0000
v -49.0832 32.1365 30.0000
v -49.2656 33.1705 30.0000
v -49.2656 33.1705 28.0000
v -48.6792 32.2447 28.0000
v -48.6792 32.2447 30.0000
v -49.0383 33.2314 30.0000
v -49.0383 33.2314 28.0000
v -48.3000 32.4215 28.0000
v -48.3000 32.4215 30.0000
v -48.8250 33.3309 30.0000
v -48.8250 33.3309 28.0000
v -47.9573 32.6615 28.0000
v -47.9573 32.6615 30.0000
v -48.6322 33.4658 30.0000
v -48.6322 33.4658 28.0000
v -47.6615 32.9573 28.0000
v -47.6615 32.9573 30.0000
v -48.4658 33.6322 30.0000
v -48.4658 33.6322 28.0000
v -47.4215 33.3000 28.0000
v -47.4215 33.3000 30.0000
v -48.3309 33.8250 30.0000
v -48.3309 33.8250 28.0000
v -47.2447 33.6792 28.0000
v -47.2447 33.6792 30.0000
v -48.2314 34.0383 30.0000
v -48.2314 34.0383 28.0000
v -47.1365 34.0832 28.0000
v -47.1365 34.0832 30.0000
v -48.1705 34.2656 30.0000
v -48.1705 34.2656 28.0000
v 51.9000 34.5000 28.0000
v 51.8635 34.9168 28.0000
v 51.8635 34.9168 30.0000
v 51.9000 34.5000 30.0000
v 50.8500 34.5000 28.0000
v 50.8295 34.7344 30.0000
v 50.8295 34.7344 28.0000
v 50.8500 34.5000 30.0000
v 51.7553 35.3208 28.0000
v 51.7553 35.3208 30.0000
v 50.7686 34.9617 30.0000
v 50.7686 34.9617 28.0000
v 51.5785 35.7000 28.0000
v 51.5785 35.7000 30.0000
v 50.6691 35.1750 30.0000
v 50.6691 35.1750 28.0000
v 51.3385 36.0427 28.0000
v 51.3385 36.0427 30.0000
v 50.5342 35.3678 30.0000
v 50.5342 35.3678 28.0000
v 51.0427 36.3385 28.0000
v 51.0427 36.3385 30.0000
v 50.3678 35.5342 30.0000
v 50.3678 35.5342 28.0000
v 50.7000 36.5785 28.0000
v 50.7000 36.5785 30.0000
v 50.1750 35.6691 30.0000
v 50.1750 35.6691 28.0000
v 50.3208 36.7553 28.0000
v 50.3208 36.7553 30.0000
v 49.9617 35.7686 30.0000
v 49.9617 35.7686 28.0000
v 49.9168 36.8635 28.0000
v 49.9168 36.8635 30.0000
v 49.7344 35.8295 30.0000
v 49.7344 35.8295 28.0000
v 49.5000 36.9000 28.0000
v 49.5000 36.9000 30.0000
v 49.5000 35.8500 30.0000
v 49.5000 35.8500 28.0000
v 49.0832 36.8635 28.0000
v 49.0832 36.8635 30.0000
v 49.2656 35.8295 30.0000
v 49.2656 35.8295 28.0000
v 48.6792 36.7553 28.0000
v 48.6792 36.7553 30.0000
v 49.0383 35.7686 30.0000
v 49.0383 35.7686 28.0000
v 48.3000 36.5785 28.0000
v 48.3000 36.5785 30.0000
v 48.8250 35.6691 30.0000
v 48.8250 35.6691 28.0000
v 47.9573 36.3385 28.0000
v 47.9573 36.3385 30.0000
v 48.6322 35.5342 30.0000
v 48.6322 35.5342 28.0000
v 47.6615 36.0427 28.0000
v 47.6615 36.0427 30.0000
v 48.4658 35.3678 30.0000
v 48.4658 35.3678 28.0000
v 47.4215 35.7000 28.0000
v 47.4215 35.7000 30.0000
v 48.3309 35.1750 30.0000
v 48.3309 35.1750 28.0000
v 47.2447 35.3208 28.0000
v 47.2447 35.3208 30.0000
v 48.2314 34.9617 30.0000
v 48.2314 34.9617 28.0000
v 47.1365 34.9168 28.0000
v 47.1365 34.9168 30.0000
v 48.1705 34.7344 30.0000
v 48.1705 34.7344 28.0000
v 47.1000 34.5000 28.0000
v 47.1000 34.5000 30.0000
v 48.1500 34.5000 30.0000
v 48.1500 34.5000 28.0000
v 47.1365 34.0832 28.0000
v 47.1365 34.0832 30.0000
v 48.1705 34.2656 30.0000
v 48.1705 34.2656 28.0000
v 47.2447 33.6792 28.0000
v 47.2447 33.6792 30.0000
v 48.2314 34.0383 30.0000
v 48.2314 34.0383 28.0000
v 47.4215 33.3000 28.0000
v 47.4215 33.3000 30.0000
v 48.3309 33.8250 30.0000
v 48.3309 33.8250 28.0000
v 47.6615 32.9573 28.0000
v 47.6615 32.9573 30.0000
v 48.4658 33.6322 30.0000
v 48.4658 33.6322 28.0000
v 47.9573 32.6615 28.0000
v 47.9573 32.6615 30.0000
v 48.6322 33.4658 30.0000
v 48.6322 33.4658 28.0000
v 48.3000 32.4215 28.0000
v 48.3000 32.4215 30.0000
v 48.8250 33.3309 30.0000
v 48.8250 33.3309 28.0000
v 48.6792 32.2447 28.0000
v 48.6792 32.2447 30.0000
v 49.0383 33.2314 30.0000
v 49.0383 33.2314 28.0000
v 49.0832 32.1365 28.0000
v 49.0832 32.1365 30.0000
v 49.2656 33.1705 30.0000
v 49.2656 33.1705 28.0000
v 49.5000 32.1000 28.0000
v 49.5000 32.1000 30.0000
v 49.5000 33.1500 30.0000
v 49.5000 33.1500 28.0000
v 49.9168 32.1365 28.0000
v 49.9168 32.1365 30.0000
v 49.7344 33.1705 30.0000
v 49.7344 33.1705 28.0000
v 50.3208 32.2447 28.0000
v 50.3208 32.2447 30.0000
v 49.9617 33.2314 30.0000
v 49.9617 33.2314 28.0000
v 50.7000 32.4215 28.0000
v 50.7000 32.4215 30.0000
v 50.1750 33.3309 30.0000
v 50.1750 33.3309 28.0000
v 51.0427 32.6615 28.0000
v 51.0427 32.6615 30.0000
v 50.3678 33.4658 30.0000
v 50.3678 33.4658 28.0000
v 51.3385 32.9573 28.0000
v 51.3385 32.9573 30.0000
v 50.5342 33.6322 30.0000
v 50.5342 33.6322 28.0000
v 51.5785 33.3000 28.0000
v 51.5785 33.3000 30.0000
v 50.6691 33.8250 30.0000
v 50.6691 33.8250 28.0000
v 51.7553 33.6792 28.0000
v 51.7553 33.6792 30.0000
v 50.7686 34.0383 30.0000
v 50.7686 34.0383 28.0000
v 51.8635 34.0832 28.0000
v 51.8635 34.0832 30.0000
v 50.8295 34.2656 30.0000
v 50.8295 34.2656 28.0000
v -23.5000 27.0000 30.0000
v -23.5987 28.1287 30.0000
v -23.5987 28.1287 34.5000
v -23.5000 27.0000 34.5000
v -27.5000 27.0000 30.0000
v -27.5380 27.4341 34.5000
v -27.5380 27.4341 30.0000
v -27.5000 27.0000 34.5000
v -23.8920 29.2231 30.0000
v -23.8920 29.2231 34.5000
v -27.6508 27.8551 34.5000
v -27.6508 27.8551 30.0000
v -24.3708 30.2500 30.0000
v -24.3708 30.2500 34.5000
v -27.8349 28.2500 34.5000
v -27.8349 28.2500 30.0000
v -25.0207 31.1781 30.0000
v -25.0207 31.1781 34.5000
v -28.0849 28.6070 34.5000
v -28.0849 28.6070 30.0000
v -25.8219 31.9793 30.0000
v -25.8219 31.9793 34.5000
v -28.3930 28.9151 34.5000
v -28.3930 28.9151 30.0000
v -26.7500 32.6292 30.0000
v -26.7500 32.6292 34.5000
v -28.7500 29.1651 34.5000
v -28.7500 29.1651 30.0000
v -27.7769 33.1080 30.0000
v -27.7769 33.1080 34.5000
v -29.1449 29.3492 34.5000
v -29.1449 29.3492 30.0000
v -28.8713 33.4013 30.0000
v -28.8713 33.4013 34.5000
v -29.5659 29.4620 34.5000
v -29.5659 29.4620 30.0000
v -30.0000 33.5000 30.0000
v -30.0000 33.5000 34.5000
v -30.0000 29.5000 34.5000
v -30.0000 29.5000 30.0000
v -31.1287 33.4013 30.0000
v -31.1287 33.4013 34.5000
v -30.4341 29.4620 34.5000
v -30.4341 29.4620 30.0000
v -32.2231 33.1080 30.0000
v -32.2231 33.1080 34.5000
v -30.8551 29.3492 34.5000
v -30.8551 29.3492 30.0000
v -33.2500 32.6292 30.0000
v -33.2500 32.6292 34.5000
v -31.2500 29.1651 34.5000
v -31.2500 29.1651 30.0000
v -34.1781 31.9793 30.0000
v -34.1781 31.9793 34.5000
v -31.6070 28.9151 34.5000
v -31.6070 28.9151 30.0000
v -34.9793 31.1781 30.0000
v -34.9793 31.1781 34.5000
v -31.9151 28.6070 34.5000
v -31.9151 28.6070 30.0000
v -35.6292 30.2500 30.0000
v -35.6292 30.2500 34.5000
v -32.1651 28.2500 34.5000
v -32.1651 28.2500 30.0000
v -36.1080 29.2231 30.0000
v -36.1080 29.2231 34.5000
v -32.3492 27.8551 34.5000
v -32.3492 27.8551 30.0000
v -36.4013 28.1287 30.0000
v -36.4013 28.1287 34.5000
v -32.4620 27.4341 34.5000
v -32.4620 27.4341 30.0000
v -36.5000 27.0000 30.0000
v -36.5000 27.0000 34.5000
v -32.5000 27.0000 34.5000
v -32.5000 27.0000 30.0000
v -36.4013 25.8713 30.0000
v -36.4013 25.8713 34.5000
v -32.4620 26.5659 34.5000
v -32.4620 26.5659 30.0000
v -36.1080 24.7769 30.0000
v -36.1080 24.7769 34.5000
v -32.3492 26.1449 34.5000
v -32.3492 26.1449 30.0000
v -35.6292 23.7500 30.0000
v -35.6292 23.7500 34.5000
v -32.1651 25.7500 34.5000
v -32.1651 25.7500 30.0000
v -34.9793 22.8219 30.0000
v -34.9793 22.8219 34.5000
v -31.9151 25.3930 34.5000
v -31.9151 25.3930 30.0000
v -34.1781 22.0207 30.0000
v -34.1781 22.0207 34.5000
v -31.6070 25.0849 34.5000
v -31.6070 25.0849 30.0000
v -33.2500 21.3708 30.0000
v -33.2500 21.3708 34.5000
v -31.2500 24.8349 34.5000
v -31.2500 24.8349 30.0000
v -32.2231 20.8920 30.0000
v -32.2231 20.8920 34.5000
v -30.8551 24.6508 34.5000
v -30.8551 24.6508 30.0000
v -31.1287 20.5987 30.0000
v -31.1287 20.5987 34.5000
v -30.4341 24.5380 34.5000
v -30.4341 24.5380 30.0000
v -30.0000 20.5000 30.0000
v -30.0000 20.5000 34.5000
v -30.0000 24.5000 34.5000
v -30.0000 24.5000 30.0000
v -28.8713 20.5987 30.0000
v -28.8713 20.5987 34.5000
v -29.5659 24.5380 34.5000
v -29.5659 24.5380 30.0000
v -27.7769 20.8920 30.0000
v -27.7769 20.8920 34.5000
v -29.1449 24.6508 34.5000
v -29.1449 24.6508 30.0000
v -26.7500 21.3708 30.0000
v -26.7500 21.3708 34.5000
v -28.7500 24.8349 34.5000
v -28.7500 24.8349 30.0000
v -25.8219 22.0207 30.0000
v -25.8219 22.0207 34.5000
v -28.3930 25.0849 34.5000
v -28.3930 25.0849 30.0000
v -25.0207 22.8219 30.0000
v -25.0207 22.8219 34.5000
v -28.0849 25.3930 34.5000
v -28.0849 25.3930 30.0000
v -24.3708 23.7500 30.0000
v -24.3708 23.7500 34.5000
v -27.8349 25.7500 34.5000
v -27.8349 25.7500 30.0000
v -23.8920 24.7769 30.0000
v -23.8920 24.7769 34.5000
v -27.6508 26.1449 34.5000
v -27.6508 26.1449 30.0000
v -23.5987 25.8713 30.0000
v -23.5987 25.8713 34.5000
v -27.5380 26.5659 34.5000
v -27.5380 26.5659 30.0000
f 1 2 3
f 1 3 4
f 5 6 7
f 5 7 8
f 1 4 6
f 1 6 5
f 4 3 7
f 4 7 6
f 3 2 8
f 3 8 7
f 2 1 5
f 2 5 8
f 2 9 10
f 2 10 3
f 8 7 11
f 8 11 12
f 2 3 7
f 2 7 8
f 3 10 11
f 3 11 7
f 10 9 12
f 10 12 11
f 9 2 8
f 9 8 12
f 13 14 15
f 13 15 16
f 17 18 19
f 17 19 20
f 13 16 18
f 13 18 17
f 16 15 19
f 16 19 18
f 15 14 20
f 15 20 19
f 14 13 17
f 14 17 20
f 14 21 22
f 14 22 15
f 20 19 23
f 20 23 24
f 14 15 19
f 14 19 20
f 15 22 23
f 15 23 19
f 22 21 24
f 22 24 23
f 21 14 20
f 21 20 24
f 25 26 27
f 25 27 28
f 29 30 31
f 29 31 32
f 25 28 30
f 25 30 29
f 28 27 31
f 28 31 30
f 27 26 32
f 27 32 31
f 26 25 29
f 26 29 32
f 26 33 34
f 26 34 27
f 32 31 35
f 32 35 36
f 26 27 31
f 26 31 32
f 27 34 35
f 27 35 31
f 34 33 36
f 34 36 35
f 33 26 32
f 33 32 36
f 33 37 38
f 33 38 34
f 36 35 39
f 36 39 40
f 33 34 35
f 33 35 36
f 34 38 39
f 34 39 35
f 38 37 40
f 38 40 39
f 37 33 36
f 37 36 40
f 41 42 43
f 41 43 44
f 45 46 47
f 45 47 48
f 41 44 46
f 41 46 45
f 44 43 47
f 44 47 46
f 43 42 48
f 43 48 47
f 42 41 45
f 42 45 48
f 42 49 50
f 42 50 43
f 48 47 51
f 48 51 52
f 42 43 47
f 42 47 48
f 43 50 51
f 43 51 47
f 50 49 52
f 50 52 51
f 49 42 48
f 49 48 52
f 49 53 54
f 49 54 50
f 52 51 55
f 52 55 56
f 49 50 51
f 49 51 52
f 50 54 55
f 50 55 51
f 54 53 56
f 54 56 55
f 53 49 52
f 53 52 56
f 57 58 59
f 57 59 60
f 61 62 63
f 61 63 64
f 57 60 62
f 57 62 61
f 60 59 63
f 60 63 62
f 59 58 64
f 59 64 63
f 58 57 61
f 58 61 64
f 58 65 66
f 58 66 59
f 64 63 67
f 64 67 68
f 58 59 63
f 58 63 64
f 59 66 67
f 59 67 63
f 66 65 68
f 66 68 67
f 65 58 64
f 65 64 68
f 65 69 70
f 65 70 66
f 68 67 71
f 68 71 72
f 65 66 67
f 65 67 68
f 66 70 71
f 66 71 67
f 70 69 72
f 70 72 71
f 69 65 68
f 69 68 72
f 73 74 75
f 73 75 76
f 77 78 79
f 77 79 80
f 73 76 78
f 73 78 77
f 76 75 79
f 76 79 78
f 75 74 80
f 75 80 79
f 74 73 77
f 74 77 80
f 81 82 83
f 81 83 84
f 85 86 87
f 85 87 88
f 81 84 86
f 81 86 85
f 84 83 87
f 84 87 86
f 83 82 88
f 83 88 87
f 82 81 85
f 82 85 88
f 89 90 91
f 89 91 92
f 93 94 95
f 93 95 96
f 89 92 94
f 89 94 93
f 92 91 95
f 92 95 94
f 91 90 96
f 91 96 95
f 90 89 93
f 90 93 96
f 97 98 99
f 97 99 100
f 101 102 103
f 101 103 104
f 97 100 102
f 97 102 101
f 100 99 103
f 100 103 102
f 99 98 104
f 99 104 103
f 98 97 101
f 98 101 104
f 105 106 107
f 105 107 108
f 109 110 111
f 109 111 112
f 105 108 110
f 105 110 109
f 108 107 111
f 108 111 110
f 107 106 112
f 107 112 111
f 106 105 109
f 106 109 112
f 113 114 115
f 113 115 116
f 117 118 119
f 117 119 120
f 113 116 118
f 113 118 117
f 116 115 119
f 116 119 118
f 115 114 120
f 115 120 119
f 114 113 117
f 114 117 120
f 121 122 123
f 121 123 124
f 125 126 127
f 125 127 128
f 121 124 126
f 121 126 125
f 124 123 127
f 124 127 126
f 123 122 128
f 123 128 127
f 122 121 125
f 122 125 128
f 129 130 131
f 129 131 132
f 133 134 135
f 133 135 136
f 129 132 134
f 129 134 133
f 132 131 135
f 132 135 134
f 131 130 136
f 131 136 135
f 130 129 133
f 130 133 136
f 137 138 139
f 137 139 140
f 141 142 143
f 141 143 144
f 137 140 142
f 137 142 141
f 140 139 143
f 140 143 142
f 139 138 144
f 139 144 143
f 138 137 141
f 138 141 144
f 145 146 147
f 145 147 148
f 149 150 151
f 149 151 152
f 145 148 150
f 145 150 149
f 148 147 151
f 148 151 150
f 147 146 152
f 147 152 151
f 146 145 149
f 146 149 152
f 153 154 155
f 153 155 156
f 157 158 159
f 157 159 160
f 153 156 158
f 153 158 157
f 156 155 159
f 156 159 158
f 155 154 160
f 155 160 159
f 154 153 157
f 154 157 160
f 161 162 163
f 161 163 164
f 165 166 167
f 165 167 168
f 161 164 166
f 161 166 165
f 164 163 167
f 164 167 166
f 163 162 168
f 163 168 167
f 162 161 165
f 162 165 168
f 169 170 171
f 169 171 172
f 173 174 175
f 173 175 176
f 169 172 174
f 169 174 173
f 172 171 175
f 172 175 174
f 171 170 176
f 171 176 175
f 170 169 173
f 170 173 176
f 177 178 179
f 177 179 180
f 181 182 183
f 181 183 184
f 177 180 182
f 177 182 181
f 180 179 183
f 180 183 182
f 179 178 184
f 179 184 183
f 178 177 181
f 178 181 184
f 185 186 187
f 185 187 188
f 189 190 191
f 189 191 192
f 185 188 190
f 185 190 189
f 188 187 191
f 188 191 190
f 187 186 192
f 187 192 191
f 186 185 189
f 186 189 192
f 193 194 195
f 193 195 196
f 197 198 199
f 197 199 200
f 193 196 198
f 193 198 197
f 196 195 199
f 196 199 198
f 195 194 200
f 195 200 199
f 194 193 197
f 194 197 200
f 201 202 203
f 201 203 204
f 205 206 207
f 205 207 208
f 201 204 206
f 201 206 205
f 204 203 207
f 204 207 206
f 203 202 208
f 203 208 207
f 202 201 205
f 202 205 208
f 209 210 211
f 209 211 212
f 213 214 215
f 213 215 216
f 209 212 214
f 209 214 213
f 212 211 215
f 212 215 214
f 211 210 216
f 211 216 215
f 210 209 213
f 210 213 216
f 217 218 219
f 217 219 220
f 221 222 223
f 221 223 224
f 217 220 222
f 217 222 221
f 220 219 223
f 220 223 222
f 219 218 224
f 219 224 223
f 218 217 221
f 218 221 224
f 225 226 227
f 225 227 228
f 229 230 231
f 229 231 232
f 225 228 230
f 225 230 229
f 228 227 231
f 228 231 230
f 227 226 232
f 227 232 231
f 226 225 229
f 226 229 232
f 233 234 235
f 233 235 236
f 237 238 239
f 237 239 240
f 233 236 238
f 233 238 237
f 236 235 239
f 236 239 238
f 235 234 240
f 235 240 239
f 234 233 237
f 234 237 240
f 241 242 243
f 241 243 244
f 245 246 247
f 245 247 248
f 241 244 246
f 241 246 245
f 244 243 247
f 244 247 246
f 243 242 248
f 243 248 247
f 242 241 245
f 242 245 248
f 249 250 251
f 249 251 252
f 253 254 255
f 253 255 256
f 249 252 254
f 249 254 253
f 252 251 255
f 252 255 254
f 251 250 256
f 251 256 255
f 250 249 253
f 250 253 256
f 257 258 259
f 257 259 260
f 261 262 263
f 261 263 264
f 257 260 262
f 257 262 261
f 260 259 263
f 260 263 262
f 259 258 264
f 259 264 263
f 258 257 261
f 258 261 264
f 265 266 267
f 265 267 268
f 269 270 271
f 269 271 272
f 265 268 270
f 265 270 269
f 268 267 271
f 268 271 270
f 267 266 272
f 267 272 271
f 266 265 269
f 266 269 272
f 273 274 275
f 273 275 276
f 277 278 279
f 277 279 280
f 273 276 278
f 273 278 277
f 276 275 279
f 276 279 278
f 275 274 280
f 275 280 279
f 274 273 277
f 274 277 280
f 281 282 283
f 281 283 284
f 285 286 287
f 285 287 288
f 281 284 286
f 281 286 285
f 284 283 287
f 284 287 286
f 283 282 288
f 283 288 287
f 282 281 285
f 282 285 288
f 289 290 291
f 289 291 292
f 293 294 295
f 293 295 296
f 289 292 294
f 289 294 293
f 292 291 295
f 292 295 294
f 291 290 296
f 291 296 295
f 290 289 293
f 290 293 296
f 297 298 299
f 297 299 300
f 301 302 303
f 301 303 304
f 297 300 302
f 297 302 301
f 300 299 303
f 300 303 302
f 299 298 304
f 299 304 303
f 298 297 301
f 298 301 304
f 305 306 307
f 305 307 308
f 309 310 311
f 309 311 312
f 305 308 310
f 305 310 309
f 308 307 311
f 308 311 310
f 307 306 312
f 307 312 311
f 306 305 309
f 306 309 312
f 313 314 315
f 313 315 316
f 317 318 319
f 317 319 320
f 313 316 318
f 313 318 317
f 316 315 319
f 316 319 318
f 315 314 320
f 315 320 319
f 314 313 317
f 314 317 320
f 321 322 323
f 321 323 324
f 325 326 327
f 325 327 328
f 321 324 326
f 321 326 325
f 324 323 327
f 324 327 326
f 323 322 328
f 323 328 327
f 322 321 325
f 322 325 328
f 329 330 331
f 329 331 332
f 333 334 335
f 333 335 336
f 329 332 334
f 329 334 333
f 332 331 335
f 332 335 334
f 331 330 336
f 331 336 335
f 330 329 333
f 330 333 336
f 330 337 338
f 330 338 331
f 336 335 339
f 336 339 340
f 330 331 335
f 330 335 336
f 331 338 339
f 331 339 335
f 338 337 340
f 338 340 339
f 337 330 336
f 337 336 340
f 337 341 342
f 337 342 338
f 340 339 343
f 340 343 344
f 337 338 339
f 337 339 340
f 338 342 343
f 338 343 339
f 342 341 344
f 342 344 343
f 341 337 340
f 341 340 344
f 345 346 347
f 345 347 348
f 349 350 351
f 349 351 352
f 345 348 350
f 345 350 349
f 348 347 351
f 348 351 350
f 347 346 352
f 347 352 351
f 346 345 349
f 346 349 352
f 4 3 353
f 4 353 354
f 6 355 356
f 6 356 7
f 4 354 355
f 4 355 6
f 354 353 356
f 354 356 355
f 353 3 7
f 353 7 356
f 3 4 6
f 3 6 7
f 3 10 357
f 3 357 353
f 7 356 358
f 7 358 11
f 3 353 356
f 3 356 7
f 353 357 358
f 353 358 356
f 357 10 11
f 357 11 358
f 10 3 7
f 10 7 11
f 16 15 359
f 16 359 360
f 18 361 362
f 18 362 19
f 16 360 361
f 16 361 18
f 360 359 362
f 360 362 361
f 359 15 19
f 359 19 362
f 15 16 18
f 15 18 19
f 15 22 363
f 15 363 359
f 19 362 364
f 19 364 23
f 15 359 362
f 15 362 19
f 359 363 364
f 359 364 362
f 363 22 23
f 363 23 364
f 22 15 19
f 22 19 23
f 28 27 365
f 28 365 366
f 30 367 368
f 30 368 31
f 28 366 367
f 28 367 30
f 366 365 368
f 366 368 367
f 365 27 31
f 365 31 368
f 27 28 30
f 27 30 31
f 27 34 369
f 27 369 365
f 31 368 370
f 31 370 35
f 27 365 368
f 27 368 31
f 365 369 370
f 365 370 368
f 369 34 35
f 369 35 370
f 34 27 31
f 34 31 35
f 34 38 371
f 34 371 369
f 35 370 372
f 35 372 39
f 34 369 370
f 34 370 35
f 369 371 372
f 369 372 370
f 371 38 39
f 371 39 372
f 38 34 35
f 38 35 39
f 44 43 373
f 44 373 374
f 46 375 376
f 46 376 47
f 44 374 375
f 44 375 46
f 374 373 376
f 374 376 375
f 373 43 47
f 373 47 376
f 43 44 46
f 43 46 47
f 43 50 377
f 43 377 373
f 47 376 378
f 47 378 51
f 43 373 376
f 43 376 47
f 373 377 378
f 373 378 376
f 377 50 51
f 377 51 378
f 50 43 47
f 50 47 51
f 50 54 379
f 50 379 377
f 51 378 380
f 51 380 55
f 50 377 378
f 50 378 51
f 377 379 380
f 377 380 378
f 379 54 55
f 379 55 380
f 54 50 51
f 54 51 55
f 60 59 381
f 60 381 382
f 62 383 384
f 62 384 63
f 60 382 383
f 60 383 62
f 382 381 384
f 382 384 383
f 381 59 63
f 381 63 384
f 59 60 62
f 59 62 63
f 59 66 385
f 59 385 381
f 63 384 386
f 63 386 67
f 59 381 384
f 59 384 63
f 381 385 386
f 381 386 384
f 385 66 67
f 385 67 386
f 66 59 63
f 66 63 67
f 66 70 387
f 66 387 385
f 67 386 388
f 67 388 71
f 66 385 386
f 66 386 67
f 385 387 388
f 385 388 386
f 387 70 71
f 387 71 388
f 70 66 67
f 70 67 71
f 76 75 389
f 76 389 390
f 78 391 392
f 78 392 79
f 76 390 391
f 76 391 78
f 390 389 392
f 390 392 391
f 389 75 79
f 389 79 392
f 75 76 78
f 75 78 79
f 84 83 393
f 84 393 394
f 86 395 396
f 86 396 87
f 84 394 395
f 84 395 86
f 394 393 396
f 394 396 395
f 393 83 87
f 393 87 396
f 83 84 86
f 83 86 87
f 92 91 397
f 92 397 398
f 94 399 400
f 94 400 95
f 92 398 399
f 92 399 94
f 398 397 400
f 398 400 399
f 397 91 95
f 397 95 400
f 91 92 94
f 91 94 95
f 100 99 401
f 100 401 402
f 102 403 404
f 102 404 103
f 100 402 403
f 100 403 102
f 402 401 404
f 402 404 403
f 401 99 103
f 401 103 404
f 99 100 102
f 99 102 103
f 108 107 405
f 108 405 406
f 110 407 408
f 110 408 111
f 108 406 407
f 108 407 110
f 406 405 408
f 406 408 407
f 405 107 111
f 405 111 408
f 107 108 110
f 107 110 111
f 116 115 409
f 116 409 410
f 118 411 412
f 118 412 119
f 116 410 411
f 116 411 118
f 410 409 412
f 410 412 411
f 409 115 119
f 409 119 412
f 115 116 118
f 115 118 119
f 124 123 413
f 124 413 414
f 126 415 416
f 126 416 127
f 124 414 415
f 124 415 126
f 414 413 416
f 414 416 415
f 413 123 127
f 413 127 416
f 123 124 126
f 123 126 127
f 132 131 417
f 132 417 418
f 134 419 420
f 134 420 135
f 132 418 419
f 132 419 134
f 418 417 420
f 418 420 419
f 417 131 135
f 417 135 420
f 131 132 134
f 131 134 135
f 140 139 421
f 140 421 422
f 142 423 424
f 142 424 143
f 140 422 423
f 140 423 142
f 422 421 424
f 422 424 423
f 421 139 143
f 421 143 424
f 139 140 142
f 139 142 143
f 148 147 425
f 148 425 426
f 150 427 428
f 150 428 151
f 148 426 427
f 148 427 150
f 426 425 428
f 426 428 427
f 425 147 151
f 425 151 428
f 147 148 150
f 147 150 151
f 156 155 429
f 156 429 430
f 158 431 432
f 158 432 159
f 156 430 431
f 156 431 158
f 430 429 432
f 430 432 431
f 429 155 159
f 429 159 432
f 155 156 158
f 155 158 159
f 164 163 433
f 164 433 434
f 166 435 436
f 166 436 167
f 164 434 435
f 164 435 166
f 434 433 436
f 434 436 435
f 433 163 167
f 433 167 436
f 163 164 166
f 163 166 167
f 172 171 437
f 172 437 438
f 174 439 440
f 174 440 175
f 172 438 439
f 172 439 174
f 438 437 440
f 438 440 439
f 437 171 175
f 437 175 440
f 171 172 174
f 171 174 175
f 180 179 441
f 180 441 442
f 182 443 444
f 182 444 183
f 180 442 443
f 180 443 182
f 442 441 444
f 442 444 443
f 441 179 183
f 441 183 444
f 179 180 182
f 179 182 183
f 188 187 445
f 188 445 446
f 190 447 448
f 190 448 191
f 188 446 447
f 188 447 190
f 446 445 448
f 446 448 447
f 445 187 191
f 445 191 448
f 187 188 190
f 187 190 191
f 196 195 449
f 196 449 450
f 198 451 452
f 198 452 199
f 196 450 451
f 196 451 198
f 450 449 452
f 450 452 451
f 449 195 199
f 449 199 452
f 195 196 198
f 195 198 199
f 204 203 453
f 204 453 454
f 206 455 456
f 206 456 207
f 204 454 455
f 204 455 206
f 454 453 456
f 454 456 455
f 453 203 207
f 453 207 456
f 203 204 206
f 203 206 207
f 212 211 457
f 212 457 458
f 214 459 460
f 214 460 215
f 212 458 459
f 212 459 214
f 458 457 460
f 458 460 459
f 457 211 215
f 457 215 460
f 211 212 214
f 211 214 215
f 220 219 461
f 220 461 462
f 222 463 464
f 222 464 223
f 220 462 463
f 220 463 222
f 462 461 464
f 462 464 463
f 461 219 223
f 461 223 464
f 219 220 222
f 219 222 223
f 228 227 465
f 228 465 466
f 230 467 468
f 230 468 231
f 228 466 467
f 228 467 230
f 466 465 468
f 466 468 467
f 465 227 231
f 465 231 468
f 227 228 230
f 227 230 231
f 236 235 469
f 236 469 470
f 238 471 472
f 238 472 239
f 236 470 471
f 236 471 238
f 470 469 472
f 470 472 471
f 469 235 239
f 469 239 472
f 235 236 238
f 235 238 239
f 244 243 473
f 244 473 474
f 246 475 476
f 246 476 247
f 244 474 475
f 244 475 246
f 474 473 476
f 474 476 475
f 473 243 247
f 473 247 476
f 243 244 246
f 243 246 247
f 252 251 477
f 252 477 478
f 254 479 480
f 254 480 255
f 252 478 479
f 252 479 254
f 478 477 480
f 478 480 479
f 477 251 255
f 477 255 480
f 251 252 254
f 251 254 255
f 260 259 481
f 260 481 482
f 262 483 484
f 262 484 263
f 260 482 483
f 260 483 262
f 482 481 484
f 482 484 483
f 481 259 263
f 481 263 484
f 259 260 262
f 259 262 263
f 268 267 485
f 268 485 486
f 270 487 488
f 270 488 271
f 268 486 487
f 268 487 270
f 486 485 488
f 486 488 487
f 485 267 271
f 485 271 488
f 267 268 270
f 267 270 271
f 276 275 489
f 276 489 490
f 278 491 492
f 278 492 279
f 276 490 491
f 276 491 278
f 490 489 492
f 490 492 491
f 489 275 279
f 489 279 492
f 275 276 278
f 275 278 279
f 284 283 493
f 284 493 494
f 286 495 496
f 286 496 287
f 284 494 495
f 284 495 286
f 494 493 496
f 494 496 495
f 493 283 287
f 493 287 496
f 283 284 286
f 283 286 287
f 292 291 497
f 292 497 498
f 294 499 500
f 294 500 295
f 292 498 499
f 292 499 294
f 498 497 500
f 498 500 499
f 497 291 295
f 497 295 500
f 291 292 294
f 291 294 295
f 300 299 501
f 300 501 502
f 302 503 504
f 302 504 303
f 300 502 503
f 300 503 302
f 502 501 504
f 502 504 503
f 501 299 303
f 501 303 504
f 299 300 302
f 299 302 303
f 308 307 505
f 308 505 506
f 310 507 508
f 310 508 311
f 308 506 507
f 308 507 310
f 506 505 508
f 506 508 507
f 505 307 311
f 505 311 508
f 307 308 310
f 307 310 311
f 316 315 509
f 316 509 510
f 318 511 512
f 318 512 319
f 316 510 511
f 316 511 318
f 510 509 512
f 510 512 511
f 509 315 319
f 509 319 512
f 315 316 318
f 315 318 319
f 324 323 513
f 324 513 514
f 326 515 516
f 326 516 327
f 324 514 515
f 324 515 326
f 514 513 516
f 514 516 515
f 513 323 327
f 513 327 516
f 323 324 326
f 323 326 327
f 332 331 517
f 332 517 518
f 334 519 520
f 334 520 335
f 332 518 519
f 332 519 334
f 518 517 520
f 518 520 519
f 517 331 335
f 517 335 520
f 331 332 334
f 331 334 335
f 331 338 521
f 331 521 517
f 335 520 522
f 335 522 339
f 331 517 520
f 331 520 335
f 517 521 522
f 517 522 520
f 521 338 339
f 521 339 522
f 338 331 335
f 338 335 339
f 338 342 523
f 338 523 521
f 339 522 524
f 339 524 343
f 338 521 522
f 338 522 339
f 521 523 524
f 521 524 522
f 523 342 343
f 523 343 524
f 342 338 339
f 342 339 343
f 348 347 525
f 348 525 526
f 350 527 528
f 350 528 351
f 348 526 527
f 348 527 350
f 526 525 528
f 526 528 527
f 525 347 351
f 525 351 528
f 347 348 350
f 347 350 351
f 354 353 529
f 354 529 530
f 355 531 532
f 355 532 356
f 354 530 531
f 354 531 355
f 530 529 532
f 530 532 531
f 529 353 356
f 529 356 532
f 353 354 355
f 353 355 356
f 353 357 533
f 353 533 529
f 356 532 534
f 356 534 358
f 353 529 532
f 353 532 356
f 529 533 534
f 529 534 532
f 533 357 358
f 533 358 534
f 357 353 356
f 357 356 358
f 360 359 535
f 360 535 536
f 361 537 538
f 361 538 362
f 360 536 537
f 360 537 361
f 536 535 538
f 536 538 537
f 535 359 362
f 535 362 538
f 359 360 361
f 359 361 362
f 359 363 539
f 359 539 535
f 362 538 540
f 362 540 364
f 359 535 538
f 359 538 362
f 535 539 540
f 535 540 538
f 539 363 364
f 539 364 540
f 363 359 362
f 363 362 364
f 366 365 541
f 366 541 542
f 367 543 544
f 367 544 368
f 366 542 543
f 366 543 367
f 542 541 544
f 542 544 543
f 541 365 368
f 541 368 544
f 365 366 367
f 365 367 368
f 365 369 545
f 365 545 541
f 368 544 546
f 368 546 370
f 365 541 544
f 365 544 368
f 541 545 546
f 541 546 544
f 545 369 370
f 545 370 546
f 369 365 368
f 369 368 370
f 369 371 547
f 369 547 545
f 370 546 548
f 370 548 372
f 369 545 546
f 369 546 370
f 545 547 548
f 545 548 546
f 547 371 372
f 547 372 548
f 371 369 370
f 371 370 372
f 374 373 549
f 374 549 550
f 375 551 552
f 375 552 376
f 374 550 551
f 374 551 375
f 550 549 552
f 550 552 551
f 549 373 376
f 549 376 552
f 373 374 375
f 373 375 376
f 373 377 553
f 373 553 549
f 376 552 554
f 376 554 378
f 373 549 552
f 373 552 376
f 549 553 554
f 549 554 552
f 553 377 378
f 553 378 554
f 377 373 376
f 377 376 378
f 377 379 555
f 377 555 553
f 378 554 556
f 378 556 380
f 377 553 554
f 377 554 378
f 553 555 556
f 553 556 554
f 555 379 380
f 555 380 556
f 379 377 378
f 379 378 380
f 382 381 557
f 382 557 558
f 383 559 560
f 383 560 384
f 382 558 559
f 382 559 383
f 558 557 560
f 558 560 559
f 557 381 384
f 557 384 560
f 381 382 383
f 381 383 384
f 381 385 561
f 381 561 557
f 384 560 562
f 384 562 386
f 381 557 560
f 381 560 384
f 557 561 562
f 557 562 560
f 561 385 386
f 561 386 562
f 385 381 384
f 385 384 386
f 385 387 563
f 385 563 561
f 386 562 564
f 386 564 388
f 385 561 562
f 385 562 386
f 561 563 564
f 561 564 562
f 563 387 388
f 563 388 564
f 387 385 386
f 387 386 388
f 390 389 565
f 390 565 566
f 391 567 568
f 391 568 392
f 390 566 567
f 390 567 391
f 566 565 568
f 566 568 567
f 565 389 392
f 565 392 568
f 389 390 391
f 389 391 392
f 394 393 569
f 394 569 570
f 395 571 572
f 395 572 396
f 394 570 571
f 394 571 395
f 570 569 572
f 570 572 571
f 569 393 396
f 569 396 572
f 393 394 395
f 393 395 396
f 398 397 573
f 398 573 574
f 399 575 576
f 399 576 400
f 398 574 575
f 398 575 399
f 574 573 576
f 574 576 575
f 573 397 400
f 573 400 576
f 397 398 399
f 397 399 400
f 402 401 577
f 402 577 578
f 403 579 580
f 403 580 404
f 402 578 579
f 402 579 403
f 578 577 580
f 578 580 579
f 577 401 404
f 577 404 580
f 401 402 403
f 401 403 404
f 406 405 581
f 406 581 582
f 407 583 584
f 407 584 408
f 406 582 583
f 406 583 407
f 582 581 584
f 582 584 583
f 581 405 408
f 581 408 584
f 405 406 407
f 405 407 408
f 410 409 585
f 410 585 586
f 411 587 588
f 411 588 412
f 410 586 587
f 410 587 411
f 586 585 588
f 586 588 587
f 585 409 412
f 585 412 588
f 409 410 411
f 409 411 412
f 414 413 589
f 414 589 590
f 415 591 592
f 415 592 416
f 414 590 591
f 414 591 415
f 590 589 592
f 590 592 591
f 589 413 416
f 589 416 592
f 413 414 415
f 413 415 416
f 418 417 593
f 418 593 594
f 419 595 596
f 419 596 420
f 418 594 595
f 418 595 419
f 594 593 596
f 594 596 595
f 593 417 420
f 593 420 596
f 417 418 419
f 417 419 420
f 422 421 597
f 422 597 598
f 423 599 600
f 423 600 424
f 422 598 599
f 422 599 423
f 598 597 600
f 598 600 599
f 597 421 424
f 597 424 600
f 421 422 423
f 421 423 424
f 426 425 601
f 426 601 602
f 427 603 604
f 427 604 428
f 426 602 603
f 426 603 427
f 602 601 604
f 602 604 603
f 601 425 428
f 601 428 604
f 425 426 427
f 425 427 428
f 430 429 605
f 430 605 606
f 431 607 608
f 431 608 432
f 430 606 607
f 430 607 431
f 606 605 608
f 606 608 607
f 605 429 432
f 605 432 608
f 429 430 431
f 429 431 432
f 434 433 609
f 434 609 610
f 435 611 612
f 435 612 436
f 434 610 611
f 434 611 435
f 610 609 612
f 610 612 611
f 609 433 436
f 609 436 612
f 433 434 435
f 433 435 436
f 438 437 613
f 438 613 614
f 439 615 616
f 439 616 440
f 438 614 615
f 438 615 439
f 614 613 616
f 614 616 615
f 613 437 440
f 613 440 616
f 437 438 439
f 437 439 440
f 442 441 617
f 442 617 618
f 443 619 620
f 443 620 444
f 442 618 619
f 442 619 443
f 618 617 620
f 618 620 619
f 617 441 444
f 617 444 620
f 441 442 443
f 441 443 444
f 446 445 621
f 446 621 622
f 447 623 624
f 447 624 448
f 446 622 623
f 446 623 447
f 622 621 624
f 622 624 623
f 621 445 448
f 621 448 624
f 445 446 447
f 445 447 448
f 450 449 625
f 450 625 626
f 451 627 628
f 451 628 452
f 450 626 627
f 450 627 451
f 626 625 628
f 626 628 627
f 625 449 452
f 625 452 628
f 449 450 451
f 449 451 452
f 454 453 629
f 454 629 630
f 455 631 632
f 455 632 456
f 454 630 631
f 454 631 455
f 630 629 632
f 630 632 631
f 629 453 456
f 629 456 632
f 453 454 455
f 453 455 456
f 458 457 633
f 458 633 634
f 459 635 636
f 459 636 460
f 458 634 635
f 458 635 459
f 634 633 636
f 634 636 635
f 633 457 460
f 633 460 636
f 457 458 459
f 457 459 460
f 462 461 637
f 462 637 638
f 463 639 640
f 463 640 464
f 462 638 639
f 462 639 463
f 638 637 640
f 638 640 639
f 637 461 464
f 637 464 640
f 461 462 463
f 461 463 464
f 466 465 641
f 466 641 642
f 467 643 644
f 467 644 468
f 466 642 643
f 466 643 467
f 642 641 644
f 642 644 643
f 641 465 468
f 641 468 644
f 465 466 467
f 465 467 468
f 470 469 645
f 470 645 646
f 471 647 648
f 471 648 472
f 470 646 647
f 470 647 471
f 646 645 648
f 646 648 647
f 645 469 472
f 645 472 648
f 469 470 471
f 469 471 472
f 474 473 649
f 474 649 650
f 475 651 652
f 475 652 476
f 474 650 651
f 474 651 475
f 650 649 652
f 650 652 651
f 649 473 476
f 649 476 652
f 473 474 475
f 473 475 476
f 478 477 653
f 478 653 654
f 479 655 656
f 479 656 480
f 478 654 655
f 478 655 479
f 654 653 656
f 654 656 655
f 653 477 480
f 653 480 656
f 477 478 479
f 477 479 480
f 482 481 657
f 482 657 658
f 483 659 660
f 483 660 484
f 482 658 659
f 482 659 483
f 658 657 660
f 658 660 659
f 657 481 484
f 657 484 660
f 481 482 483
f 481 483 484
f 486 485 661
f 486 661 662
f 487 663 664
f 487 664 488
f 486 662 663
f 486 663 487
f 662 661 664
f 662 664 663
f 661 485 488
f 661 488 664
f 485 486 487
f 485 487 488
f 490 489 665
f 490 665 666
f 491 667 668
f 491 668 492
f 490 666 667
f 490 667 491
f 666 665 668
f 666 668 667
f 665 489 492
f 665 492 668
f 489 490 491
f 489 491 492
f 494 493 669
f 494 669 670
f 495 671 672
f 495 672 496
f 494 670 671
f 494 671 495
f 670 669 672
f 670 672 671
f 669 493 496
f 669 496 672
f 493 494 495
f 493 495 496
f 498 497 673
f 498 673 674
f 499 675 676
f 499 676 500
f 498 674 675
f 498 675 499
f 674 673 676
f 674 676 675
f 673 497 500
f 673 500 676
f 497 498 499
f 497 499 500
f 502 501 677
f 502 677 678
f 503 679 680
f 503 680 504
f 502 678 679
f 502 679 503
f 678 677 680
f 678 680 679
f 677 501 504
f 677 504 680
f 501 502 503
f 501 503 504
f 506 505 681
f 506 681 682
f 507 683 684
f 507 684 508
f 506 682 683
f 506 683 507
f 682 681 684
f 682 684 683
f 681 505 508
f 681 508 684
f 505 506 507
f 505 507 508
f 510 509 685
f 510 685 686
f 511 687 688
f 511 688 512
f 510 686 687
f 510 687 511
f 686 685 688
f 686 688 687
f 685 509 512
f 685 512 688
f 509 510 511
f 509 511 512
f 514 513 689
f 514 689 690
f 515 691 692
f 515 692 516
f 514 690 691
f 514 691 515
f 690 689 692
f 690 692 691
f 689 513 516
f 689 516 692
f 513 514 515
f 513 515 516
f 518 517 693
f 518 693 694
f 519 695 696
f 519 696 520
f 518 694 695
f 518 695 519
f 694 693 696
f 694 696 695
f 693 517 520
f 693 520 696
f 517 518 519
f 517 519 520
f 517 521 697
f 517 697 693
f 520 696 698
f 520 698 522
f 517 693 696
f 517 696 520
f 693 697 698
f 693 698 696
f 697 521 522
f 697 522 698
f 521 517 520
f 521 520 522
f 521 523 699
f 521 699 697
f 522 698 700
f 522 700 524
f 521 697 698
f 521 698 522
f 697 699 700
f 697 700 698
f 699 523 524
f 699 524 700
f 523 521 522
f 523 522 524
f 526 525 701
f 526 701 702
f 527 703 704
f 527 704 528
f 526 702 703
f 526 703 527
f 702 701 704
f 702 704 703
f 701 525 528
f 701 528 704
f 525 526 527
f 525 527 528
f 530 529 705
f 530 705 706
f 531 707 708
f 531 708 532
f 530 706 707
f 530 707 531
f 706 705 708
f 706 708 707
f 705 529 532
f 705 532 708
f 529 530 531
f 529 531 532
f 529 533 709
f 529 709 705
f 532 708 710
f 532 710 534
f 529 705 708
f 529 708 532
f 705 709 710
f 705 710 708
f 709 533 534
f 709 534 710
f 533 529 532
f 533 532 534
f 536 535 711
f 536 711 712
f 537 713 714
f 537 714 538
f 536 712 713
f 536 713 537
f 712 711 714
f 712 714 713
f 711 535 538
f 711 538 714
f 535 536 537
f 535 537 538
f 535 539 715
f 535 715 711
f 538 714 716
f 538 716 540
f 535 711 714
f 535 714 538
f 711 715 716
f 711 716 714
f 715 539 540
f 715 540 716
f 539 535 538
f 539 538 540
f 542 541 717
f 542 717 718
f 543 719 720
f 543 720 544
f 542 718 719
f 542 719 543
f 718 717 720
f 718 720 719
f 717 541 544
f 717 544 720
f 541 542 543
f 541 543 544
f 541 545 721
f 541 721 717
f 544 720 722
f 544 722 546
f 541 717 720
f 541 720 544
f 717 721 722
f 717 722 720
f 721 545 546
f 721 546 722
f 545 541 544
f 545 544 546
f 545 547 723
f 545 723 721
f 546 722 724
f 546 724 548
f 545 721 722
f 545 722 546
f 721 723 724
f 721 724 722
f 723 547 548
f 723 548 724
f 547 545 546
f 547 546 548
f 550 549 725
f 550 725 726
f 551 727 728
f 551 728 552
f 550 726 727
f 550 727 551
f 726 725 728
f 726 728 727
f 725 549 552
f 725 552 728
f 549 550 551
f 549 551 552
f 549 553 729
f 549 729 725
f 552 728 730
f 552 730 554
f 549 725 728
f 549 728 552
f 725 729 730
f 725 730 728
f 729 553 554
f 729 554 730
f 553 549 552
f 553 552 554
f 553 555 731
f 553 731 729
f 554 730 732
f 554 732 556
f 553 729 730
f 553 730 554
f 729 731 732
f 729 732 730
f 731 555 556
f 731 556 732
f 555 553 554
f 555 554 556
f 558 557 733
f 558 733 734
f 559 735 736
f 559 736 560
f 558 734 735
f 558 735 559
f 734 733 736
f 734 736 735
f 733 557 560
f 733 560 736
f 557 558 559
f 557 559 560
f 557 561 737
f 557 737 733
f 560 736 738
f 560 738 562
f 557 733 736
f 557 736 560
f 733 737 738
f 733 738 736
f 737 561 562
f 737 562 738
f 561 557 560
f 561 560 562
f 561 563 739
f 561 739 737
f 562 738 740
f 562 740 564
f 561 737 738
f 561 738 562
f 737 739 740
f 737 740 738
f 739 563 564
f 739 564 740
f 563 561 562
f 563 562 564
f 566 565 741
f 566 741 742
f 567 743 744
f 567 744 568
f 566 742 743
f 566 743 567
f 742 741 744
f 742 744 743
f 741 565 568
f 741 568 744
f 565 566 567
f 565 567 568
f 570 569 745
f 570 745 746
f 571 747 748
f 571 748 572
f 570 746 747
f 570 747 571
f 746 745 748
f 746 748 747
f 745 569 572
f 745 572 748
f 569 570 571
f 569 571 572
f 574 573 749
f 574 749 750
f 575 751 752
f 575 752 576
f 574 750 751
f 574 751 575
f 750 749 752
f 750 752 751
f 749 573 576
f 749 576 752
f 573 574 575
f 573 575 576
f 578 577 753
f 578 753 754
f 579 755 756
f 579 756 580
f 578 754 755
f 578 755 579
f 754 753 756
f 754 756 755
f 753 577 580
f 753 580 756
f 577 578 579
f 577 579 580
f 582 581 757
f 582 757 758
f 583 759 760
f 583 760 584
f 582 758 759
f 582 759 583
f 758 757 760
f 758 760 759
f 757 581 584
f 757 584 760
f 581 582 583
f 581 583 584
f 586 585 761
f 586 761 762
f 587 763 764
f 587 764 588
f 586 762 763
f 586 763 587
f 762 761 764
f 762 764 763
f 761 585 588
f 761 588 764
f 585 586 587
f 585 587 588
f 590 589 765
f 590 765 766
f 591 767 768
f 591 768 592
f 590 766 767
f 590 767 591
f 766 765 768
f 766 768 767
f 765 589 592
f 765 592 768
f 589 590 591
f 589 591 592
f 594 593 769
f 594 769 770
f 595 771 772
f 595 772 596
f 594 770 771
f 594 771 595
f 770 769 772
f 770 772 771
f 769 593 596
f 769 596 772
f 593 594 595
f 593 595 596
f 598 597 773
f 598 773 774
f 599 775 776
f 599 776 600
f 598 774 775
f 598 775 599
f 774 773 776
f 774 776 775
f 773 597 600
f 773 600 776
f 597 598 599
f 597 599 600
f 602 601 777
f 602 777 778
f 603 779 780
f 603 780 604
f 602 778 779
f 602 779 603
f 778 777 780
f 778 780 779
f 777 601 604
f 777 604 780
f 601 602 603
f 601 603 604
f 606 605 781
f 606 781 782
f 607 783 784
f 607 784 608
f 606 782 783
f 606 783 607
f 782 781 784
f 782 784 783
f 781 605 608
f 781 608 784
f 605 606 607
f 605 607 608
f 610 609 785
f 610 785 786
f 611 787 788
f 611 788 612
f 610 786 787
f 610 787 611
f 786 785 788
f 786 788 787
f 785 609 612
f 785 612 788
f 609 610 611
f 609 611 612
f 614 613 789
f 614 789 790
f 615 791 792
f 615 792 616
f 614 790 791
f 614 791 615
f 790 789 792
f 790 792 791
f 789 613 616
f 789 616 792
f 613 614 615
f 613 615 616
f 618 617 793
f 618 793 794
f 619 795 796
f 619 796 620
f 618 794 795
f 618 795 619
f 794 793 796
f 794 796 795
f 793 617 620
f 793 620 796
f 617 618 619
f 617 619 620
f 622 621 797
f 622 797 798
f 623 799 800
f 623 800 624
f 622 798 799
f 622 799 623
f 798 797 800
f 798 800 799
f 797 621 624
f 797 624 800
f 621 622 623
f 621 623 624
f 626 625 801
f 626 801 802
f 627 803 804
f 627 804 628
f 626 802 803
f 626 803 627
f 802 801 804
f 802 804 803
f 801 625 628
f 801 628 804
f 625 626 627
f 625 627 628
f 630 629 805
f 630 805 806
f 631 807 808
f 631 808 632
f 630 806 807
f 630 807 631
f 806 805 808
f 806 808 807
f 805 629 632
f 805 632 808
f 629 630 631
f 629 631 632
f 634 633 809
f 634 809 810
f 635 811 812
f 635 812 636
f 634 810 811
f 634 811 635
f 810 809 812
f 810 812 811
f 809 633 636
f 809 636 812
f 633 634 635
f 633 635 636
f 638 637 813
f 638 813 814
f 639 815 816
f 639 816 640
f 638 814 815
f 638 815 639
f 814 813 816
f 814 816 815
f 813 637 640
f 813 640 816
f 637 638 639
f 637 639 640
f 642 641 817
f 642 817 818
f 643 819 820
f 643 820 644
f 642 818 819
f 642 819 643
f 818 817 820
f 818 820 819
f 817 641 644
f 817 644 820
f 641 642 643
f 641 643 644
f 646 645 821
f 646 821 822
f 647 823 824
f 647 824 648
f 646 822 823
f 646 823 647
f 822 821 824
f 822 824 823
f 821 645 648
f 821 648 824
f 645 646 647
f 645 647 648
f 650 649 825
f 650 825 826
f 651 827 828
f 651 828 652
f 650 826 827
f 650 827 651
f 826 825 828
f 826 828 827
f 825 649 652
f 825 652 828
f 649 650 651
f 649 651 652
f 654 653 829
f 654 829 830
f 655 831 832
f 655 832 656
f 654 830 831
f 654 831 655
f 830 829 832
f 830 832 831
f 829 653 656
f 829 656 832
f 653 654 655
f 653 655 656
f 658 657 833
f 658 833 834
f 659 835 836
f 659 836 660
f 658 834 835
f 658 835 659
f 834 833 836
f 834 836 835
f 833 657 660
f 833 660 836
f 657 658 659
f 657 659 660
f 662 661 837
f 662 837 838
f 663 839 840
f 663 840 664
f 662 838 839
f 662 839 663
f 838 837 840
f 838 840 839
f 837 661 664
f 837 664 840
f 661 662 663
f 661 663 664
f 666 665 841
f 666 841 842
f 667 843 844
f 667 844 668
f 666 842 843
f 666 843 667
f 842 841 844
f 842 844 843
f 841 665 668
f 841 668 844
f 665 666 667
f 665 667 668
f 670 669 845
f 670 845 846
f 671 847 848
f 671 848 672
f 670 846 847
f 670 847 671
f 846 845 848
f 846 848 847
f 845 669 672
f 845 672 848
f 669 670 671
f 669 671 672
f 674 673 849
f 674 849 850
f 675 851 852
f 675 852 676
f 674 850 851
f 674 851 675
f 850 849 852
f 850 852 851
f 849 673 676
f 849 676 852
f 673 674 675
f 673 675 676
f 678 677 853
f 678 853 854
f 679 855 856
f 679 856 680
f 678 854 855
f 678 855 679
f 854 853 856
f 854 856 855
f 853 677 680
f 853 680 856
f 677 678 679
f 677 679 680
f 682 681 857
f 682 857 858
f 683 859 860
f 683 860 684
f 682 858 859
f 682 859 683
f 858 857 860
f 858 860 859
f 857 681 684
f 857 684 860
f 681 682 683
f 681 683 684
f 686 685 861
f 686 861 862
f 687 863 864
f 687 864 688
f 686 862 863
f 686 863 687
f 862 861 864
f 862 864 863
f 861 685 688
f 861 688 864
f 685 686 687
f 685 687 688
f 690 689 865
f 690 865 866
f 691 867 868
f 691 868 692
f 690 866 867
f 690 867 691
f 866 865 868
f 866 868 867
f 865 689 692
f 865 692 868
f 689 690 691
f 689 691 692
f 694 693 869
f 694 869 870
f 695 871 872
f 695 872 696
f 694 870 871
f 694 871 695
f 870 869 872
f 870 872 871
f 869 693 696
f 869 696 872
f 693 694 695
f 693 695 696
f 693 697 873
f 693 873 869
f 696 872 874
f 696 874 698
f 693 869 872
f 693 872 696
f 869 873 874
f 869 874 872
f 873 697 698
f 873 698 874
f 697 693 696
f 697 696 698
f 697 699 875
f 697 875 873
f 698 874 876
f 698 876 700
f 697 873 874
f 697 874 698
f 873 875 876
f 873 876 874
f 875 699 700
f 875 700 876
f 699 697 698
f 699 698 700
f 702 701 877
f 702 877 878
f 703 879 880
f 703 880 704
f 702 878 879
f 702 879 703
f 878 877 880
f 878 880 879
f 877 701 704
f 877 704 880
f 701 702 703
f 701 703 704
f 706 705 881
f 706 881 882
f 707 883 884
f 707 884 708
f 706 882 883
f 706 883 707
f 882 881 884
f 882 884 883
f 881 705 708
f 881 708 884
f 705 706 707
f 705 707 708
f 705 709 885
f 705 885 881
f 708 884 886
f 708 886 710
f 705 881 884
f 705 884 708
f 881 885 886
f 881 886 884
f 885 709 710
f 885 710 886
f 709 705 708
f 709 708 710
f 712 711 887
f 712 887 888
f 713 889 890
f 713 890 714
f 712 888 889
f 712 889 713
f 888 887 890
f 888 890 889
f 887 711 714
f 887 714 890
f 711 712 713
f 711 713 714
f 711 715 891
f 711 891 887
f 714 890 892
f 714 892 716
f 711 887 890
f 711 890 714
f 887 891 892
f 887 892 890
f 891 715 716
f 891 716 892
f 715 711 714
f 715 714 716
f 718 717 893
f 718 893 894
f 719 895 896
f 719 896 720
f 718 894 895
f 718 895 719
f 894 893 896
f 894 896 895
f 893 717 720
f 893 720 896
f 717 718 719
f 717 719 720
f 717 721 897
f 717 897 893
f 720 896 898
f 720 898 722
f 717 893 896
f 717 896 720
f 893 897 898
f 893 898 896
f 897 721 722
f 897 722 898
f 721 717 720
f 721 720 722
f 721 723 899
f 721 899 897
f 722 898 900
f 722 900 724
f 721 897 898
f 721 898 722
f 897 899 900
f 897 900 898
f 899 723 724
f 899 724 900
f 723 721 722
f 723 722 724
f 726 725 901
f 726 901 902
f 727 903 904
f 727 904 728
f 726 902 903
f 726 903 727
f 902 901 904
f 902 904 903
f 901 725 728
f 901 728 904
f 725 726 727
f 725 727 728
f 725 729 905
f 725 905 901
f 728 904 906
f 728 906 730
f 725 901 904
f 725 904 728
f 901 905 906
f 901 906 904
f 905 729 730
f 905 730 906
f 729 725 728
f 729 728 730
f 729 731 907
f 729 907 905
f 730 906 908
f 730 908 732
f 729 905 906
f 729 906 730
f 905 907 908
f 905 908 906
f 907 731 732
f 907 732 908
f 731 729 730
f 731 730 732
f 734 733 909
f 734 909 910
f 735 911 912
f 735 912 736
f 734 910 911
f 734 911 735
f 910 909 912
f 910 912 911
f 909 733 736
f 909 736 912
f 733 734 735
f 733 735 736
f 733 737 913
f 733 913 909
f 736 912 914
f 736 914 738
f 733 909 912
f 733 912 736
f 909 913 914
f 909 914 912
f 913 737 738
f 913 738 914
f 737 733 736
f 737 736 738
f 737 739 915
f 737 915 913
f 738 914 916
f 738 916 740
f 737 913 914
f 737 914 738
f 913 915 916
f 913 916 914
f 915 739 740
f 915 740 916
f 739 737 738
f 739 738 740
f 742 741 917
f 742 917 918
f 743 919 920
f 743 920 744
f 742 918 919
f 742 919 743
f 918 917 920
f 918 920 919
f 917 741 744
f 917 744 920
f 741 742 743
f 741 743 744
f 746 745 921
f 746 921 922
f 747 923 924
f 747 924 748
f 746 922 923
f 746 923 747
f 922 921 924
f 922 924 923
f 921 745 748
f 921 748 924
f 745 746 747
f 745 747 748
f 750 749 925
f 750 925 926
f 751 927 928
f 751 928 752
f 750 926 927
f 750 927 751
f 926 925 928
f 926 928 927
f 925 749 752
f 925 752 928
f 749 750 751
f 749 751 752
f 754 753 929
f 754 929 930
f 755 931 932
f 755 932 756
f 754 930 931
f 754 931 755
f 930 929 932
f 930 932 931
f 929 753 756
f 929 756 932
f 753 754 755
f 753 755 756
f 758 757 933
f 758 933 934
f 759 935 936
f 759 936 760
f 758 934 935
f 758 935 759
f 934 933 936
f 934 936 935
f 933 757 760
f 933 760 936
f 757 758 759
f 757 759 760
f 762 761 937
f 762 937 938
f 763 939 940
f 763 940 764
f 762 938 939
f 762 939 763
f 938 937 940
f 938 940 939
f 937 761 764
f 937 764 940
f 761 762 763
f 761 763 764
f 766 765 941
f 766 941 942
f 767 943 944
f 767 944 768
f 766 942 943
f 766 943 767
f 942 941 944
f 942 944 943
f 941 765 768
f 941 768 944
f 765 766 767
f 765 767 768
f 770 769 945
f 770 945 946
f 771 947 948
f 771 948 772
f 770 946 947
f 770 947 771
f 946 945 948
f 946 948 947
f 945 769 772
f 945 772 948
f 769 770 771
f 769 771 772
f 774 773 949
f 774 949 950
f 775 951 952
f 775 952 776
f 774 950 951
f 774 951 775
f 950 949 952
f 950 952 951
f 949 773 776
f 949 776 952
f 773 774 775
f 773 775 776
f 778 777 953
f 778 953 954
f 779 955 956
f 779 956 780
f 778 954 955
f 778 955 779
f 954 953 956
f 954 956 955
f 953 777 780
f 953 780 956
f 777 778 779
f 777 779 780
f 782 781 957
f 782 957 958
f 783 959 960
f 783 960 784
f 782 958 959
f 782 959 783
f 958 957 960
f 958 960 959
f 957 781 784
f 957 784 960
f 781 782 783
f 781 783 784
f 786 785 961
f 786 961 962
f 787 963 964
f 787 964 788
f 786 962 963
f 786 963 787
f 962 961 964
f 962 964 963
f 961 785 788
f 961 788 964
f 785 786 787
f 785 787 788
f 790 789 965
f 790 965 966
f 791 967 968
f 791 968 792
f 790 966 967
f 790 967 791
f 966 965 968
f 966 968 967
f 965 789 792
f 965 792 968
f 789 790 791
f 789 791 792
f 794 793 969
f 794 969 970
f 795 971 972
f 795 972 796
f 794 970 971
f 794 971 795
f 970 969 972
f 970 972 971
f 969 793 796
f 969 796 972
f 793 794 795
f 793 795 796
f 798 797 973
f 798 973 974
f 799 975 976
f 799 976 800
f 798 974 975
f 798 975 799
f 974 973 976
f 974 976 975
f 973 797 800
f 973 800 976
f 797 798 799
f 797 799 800
f 802 801 977
f 802 977 978
f 803 979 980
f 803 980 804
f 802 978 979
f 802 979 803
f 978 977 980
f 978 980 979
f 977 801 804
f 977 804 980
f 801 802 803
f 801 803 804
f 806 805 981
f 806 981 982
f 807 983 984
f 807 984 808
f 806 982 983
f 806 983 807
f 982 981 984
f 982 984 983
f 981 805 808
f 981 808 984
f 805 806 807
f 805 807 808
f 810 809 985
f 810 985 986
f 811 987 988
f 811 988 812
f 810 986 987
f 810 987 811
f 986 985 988
f 986 988 987
f 985 809 812
f 985 812 988
f 809 810 811
f 809 811 812
f 814 813 989
f 814 989 990
f 815 991 992
f 815 992 816
f 814 990 991
f 814 991 815
f 990 989 992
f 990 992 991
f 989 813 816
f 989 816 992
f 813 814 815
f 813 815 816
f 818 817 993
f 818 993 994
f 819 995 996
f 819 996 820
f 818 994 995
f 818 995 819
f 994 993 996
f 994 996 995
f 993 817 820
f 993 820 996
f 817 818 819
f 817 819 820
f 822 821 997
f 822 997 998
f 823 999 1000
f 823 1000 824
f 822 998 999
f 822 999 823
f 998 997 1000
f 998 1000 999
f 997 821 824
f 997 824 1000
f 821 822 823
f 821 823 824
f 826 825 1001
f 826 1001 1002
f 827 1003 1004
f 827 1004 828
f 826 1002 1003
f 826 1003 827
f 1002 1001 1004
f 1002 1004 1003
f 1001 825 828
f 1001 828 1004
f 825 826 827
f 825 827 828
f 830 829 1005
f 830 1005 1006
f 831 1007 1008
f 831 1008 832
f 830 1006 1007
f 830 1007 831
f 1006 1005 1008
f 1006 1008 1007
f 1005 829 832
f 1005 832 1008
f 829 830 831
f 829 831 832
f 834 833 1009
f 834 1009 1010
f 835 1011 1012
f 835 1012 836
f 834 1010 1011
f 834 1011 835
f 1010 1009 1012
f 1010 1012 1011
f 1009 833 836
f 1009 836 1012
f 833 834 835
f 833 835 836
f 838 837 1013
f 838 1013 1014
f 839 1015 1016
f 839 1016 840
f 838 1014 1015
f 838 1015 839
f 1014 1013 1016
f 1014 1016 1015
f 1013 837 840
f 1013 840 1016
f 837 838 839
f 837 839 840
f 842 841 1017
f 842 1017 1018
f 843 1019 1020
f 843 1020 844
f 842 1018 1019
f 842 1019 843
f 1018 1017 1020
f 1018 1020 1019
f 1017 841 844
f 1017 844 1020
f 841 842 843
f 841 843 844
f 846 845 1021
f 846 1021 1022
f 847 1023 1024
f 847 1024 848
f 846 1022 1023
f 846 1023 847
f 1022 1021 1024
f 1022 1024 1023
f 1021 845 848
f 1021 848 1024
f 845 846 847
f 845 847 848
f 850 849 1025
f 850 1025 1026
f 851 1027 1028
f 851 1028 852
f 850 1026 1027
f 850 1027 851
f 1026 1025 1028
f 1026 1028 1027
f 1025 849 852
f 1025 852 1028
f 849 850 851
f 849 851 852
f 854 853 1029
f 854 1029 1030
f 855 1031 1032
f 855 1032 856
f 854 1030 1031
f 854 1031 855
f 1030 1029 1032
f 1030 1032 1031
f 1029 853 856
f 1029 856 1032
f 853 854 855
f 853 855 856
f 858 857 1033
f 858 1033 1034
f 859 1035 1036
f 859 1036 860
f 858 1034 1035
f 858 1035 859
f 1034 1033 1036
f 1034 1036 1035
f 1033 857 860
f 1033 860 1036
f 857 858 859
f 857 859 860
f 862 861 1037
f 862 1037 1038
f 863 1039 1040
f 863 1040 864
f 862 1038 1039
f 862 1039 863
f 1038 1037 1040
f 1038 1040 1039
f 1037 861 864
f 1037 864 1040
f 861 862 863
f 861 863 864
f 866 865 1041
f 866 1041 1042
f 867 1043 1044
f 867 1044 868
f 866 1042 1043
f 866 1043 867
f 1042 1041 1044
f 1042 1044 1043
f 1041 865 868
f 1041 868 1044
f 865 866 867
f 865 867 868
f 870 869 1045
f 870 1045 1046
f 871 1047 1048
f 871 1048 872
f 870 1046 1047
f 870 1047 871
f 1046 1045 1048
f 1046 1048 1047
f 1045 869 872
f 1045 872 1048
f 869 870 871
f 869 871 872
f 869 873 1049
f 869 1049 1045
f 872 1048 1050
f 872 1050 874
f 869 1045 1048
f 869 1048 872
f 1045 1049 1050
f 1045 1050 1048
f 1049 873 874
f 1049 874 1050
f 873 869 872
f 873 872 874
f 873 875 1051
f 873 1051 1049
f 874 1050 1052
f 874 1052 876
f 873 1049 1050
f 873 1050 874
f 1049 1051 1052
f 1049 1052 1050
f 1051 875 876
f 1051 876 1052
f 875 873 874
f 875 874 876
f 878 877 1053
f 878 1053 1054
f 879 1055 1056
f 879 1056 880
f 878 1054 1055
f 878 1055 879
f 1054 1053 1056
f 1054 1056 1055
f 1053 877 880
f 1053 880 1056
f 877 878 879
f 877 879 880
f 882 881 1057
f 882 1057 1058
f 883 1059 1060
f 883 1060 884
f 882 1058 1059
f 882 1059 883
f 1058 1057 1060
f 1058 1060 1059
f 1057 881 884
f 1057 884 1060
f 881 882 883
f 881 883 884
f 881 885 1061
f 881 1061 1057
f 884 1060 1062
f 884 1062 886
f 881 1057 1060
f 881 1060 884
f 1057 1061 1062
f 1057 1062 1060
f 1061 885 886
f 1061 886 1062
f 885 881 884
f 885 884 886
f 888 887 1063
f 888 1063 1064
f 889 1065 1066
f 889 1066 890
f 888 1064 1065
f 888 1065 889
f 1064 1063 1066
f 1064 1066 1065
f 1063 887 890
f 1063 890 1066
f 887 888 889
f 887 889 890
f 887 891 1067
f 887 1067 1063
f 890 1066 1068
f 890 1068 892
f 887 1063 1066
f 887 1066 890
f 1063 1067 1068
f 1063 1068 1066
f 1067 891 892
f 1067 892 1068
f 891 887 890
f 891 890 892
f 894 893 1069
f 894 1069 1070
f 895 1071 1072
f 895 1072 896
f 894 1070 1071
f 894 1071 895
f 1070 1069 1072
f 1070 1072 1071
f 1069 893 896
f 1069 896 1072
f 893 894 895
f 893 895 896
f 893 897 1073
f 893 1073 1069
f 896 1072 1074
f 896 1074 898
f 893 1069 1072
f 893 1072 896
f 1069 1073 1074
f 1069 1074 1072
f 1073 897 898
f 1073 898 1074
f 897 893 896
f 897 896 898
f 897 899 1075
f 897 1075 1073
f 898 1074 1076
f 898 1076 900
f 897 1073 1074
f 897 1074 898
f 1073 1075 1076
f 1073 1076 1074
f 1075 899 900
f 1075 900 1076
f 899 897 898
f 899 898 900
f 902 901 1077
f 902 1077 1078
f 903 1079 1080
f 903 1080 904
f 902 1078 1079
f 902 1079 903
f 1078 1077 1080
f 1078 1080 1079
f 1077 901 904
f 1077 904 1080
f 901 902 903
f 901 903 904
f 901 905 1081
f 901 1081 1077
f 904 1080 1082
f 904 1082 906
f 901 1077 1080
f 901 1080 904
f 1077 1081 1082
f 1077 1082 1080
f 1081 905 906
f 1081 906 1082
f 905 901 904
f 905 904 906
f 905 907 1083
f 905 1083 1081
f 906 1082 1084
f 906 1084 908
f 905 1081 1082
f 905 1082 906
f 1081 1083 1084
f 1081 1084 1082
f 1083 907 908
f 1083 908 1084
f 907 905 906
f 907 906 908
f 910 909 1085
f 910 1085 1086
f 911 1087 1088
f 911 1088 912
f 910 1086 1087
f 910 1087 911
f 1086 1085 1088
f 1086 1088 1087
f 1085 909 912
f 1085 912 1088
f 909 910 911
f 909 911 912
f 909 913 1089
f 909 1089 1085
f 912 1088 1090
f 912 1090 914
f 909 1085 1088
f 909 1088 912
f 1085 1089 1090
f 1085 1090 1088
f 1089 913 914
f 1089 914 1090
f 913 909 912
f 913 912 914
f 913 915 1091
f 913 1091 1089
f 914 1090 1092
f 914 1092 916
f 913 1089 1090
f 913 1090 914
f 1089 1091 1092
f 1089 1092 1090
f 1091 915 916
f 1091 916 1092
f 915 913 914
f 915 914 916
f 918 917 1093
f 918 1093 1094
f 919 1095 1096
f 919 1096 920
f 918 1094 1095
f 918 1095 919
f 1094 1093 1096
f 1094 1096 1095
f 1093 917 920
f 1093 920 1096
f 917 918 919
f 917 919 920
f 922 921 1097
f 922 1097 1098
f 923 1099 1100
f 923 1100 924
f 922 1098 1099
f 922 1099 923
f 1098 1097 1100
f 1098 1100 1099
f 1097 921 924
f 1097 924 1100
f 921 922 923
f 921 923 924
f 926 925 1101
f 926 1101 1102
f 927 1103 1104
f 927 1104 928
f 926 1102 1103
f 926 1103 927
f 1102 1101 1104
f 1102 1104 1103
f 1101 925 928
f 1101 928 1104
f 925 926 927
f 925 927 928
f 930 929 1105
f 930 1105 1106
f 931 1107 1108
f 931 1108 932
f 930 1106 1107
f 930 1107 931
f 1106 1105 1108
f 1106 1108 1107
f 1105 929 932
f 1105 932 1108
f 929 930 931
f 929 931 932
f 934 933 1109
f 934 1109 1110
f 935 1111 1112
f 935 1112 936
f 934 1110 1111
f 934 1111 935
f 1110 1109 1112
f 1110 1112 1111
f 1109 933 936
f 1109 936 1112
f 933 934 935
f 933 935 936
f 938 937 1113
f 938 1113 1114
f 939 1115 1116
f 939 1116 940
f 938 1114 1115
f 938 1115 939
f 1114 1113 1116
f 1114 1116 1115
f 1113 937 940
f 1113 940 1116
f 937 938 939
f 937 939 940
f 942 941 1117
f 942 1117 1118
f 943 1119 1120
f 943 1120 944
f 942 1118 1119
f 942 1119 943
f 1118 1117 1120
f 1118 1120 1119
f 1117 941 944
f 1117 944 1120
f 941 942 943
f 941 943 944
f 946 945 1121
f 946 1121 1122
f 947 1123 1124
f 947 1124 948
f 946 1122 1123
f 946 1123 947
f 1122 1121 1124
f 1122 1124 1123
f 1121 945 948
f 1121 948 1124
f 945 946 947
f 945 947 948
f 950 949 1125
f 950 1125 1126
f 951 1127 1128
f 951 1128 952
f 950 1126 1127
f 950 1127 951
f 1126 1125 1128
f 1126 1128 1127
f 1125 949 952
f 1125 952 1128
f 949 950 951
f 949 951 952
f 954 953 1129
f 954 1129 1130
f 955 1131 1132
f 955 1132 956
f 954 1130 1131
f 954 1131 955
f 1130 1129 1132
f 1130 1132 1131
f 1129 953 956
f 1129 956 1132
f 953 954 955
f 953 955 956
f 958 957 1133
f 958 1133 1134
f 959 1135 1136
f 959 1136 960
f 958 1134 1135
f 958 1135 959
f 1134 1133 1136
f 1134 1136 1135
f 1133 957 960
f 1133 960 1136
f 957 958 959
f 957 959 960
f 962 961 1137
f 962 1137 1138
f 963 1139 1140
f 963 1140 964
f 962 1138 1139
f 962 1139 963
f 1138 1137 1140
f 1138 1140 1139
f 1137 961 964
f 1137 964 1140
f 961 962 963
f 961 963 964
f 966 965 1141
f 966 1141 1142
f 967 1143 1144
f 967 1144 968
f 966 1142 1143
f 966 1143 967
f 1142 1141 1144
f 1142 1144 1143
f 1141 965 968
f 1141 968 1144
f 965 966 967
f 965 967 968
f 970 969 1145
f 970 1145 1146
f 971 1147 1148
f 971 1148 972
f 970 1146 1147
f 970 1147 971
f 1146 1145 1148
f 1146 1148 1147
f 1145 969 972
f 1145 972 1148
f 969 970 971
f 969 971 972
f 974 973 1149
f 974 1149 1150
f 975 1151 1152
f 975 1152 976
f 974 1150 1151
f 974 1151 975
f 1150 1149 1152
f 1150 1152 1151
f 1149 973 976
f 1149 976 1152
f 973 974 975
f 973 975 976
f 978 977 1153
f 978 1153 1154
f 979 1155 1156
f 979 1156 980
f 978 1154 1155
f 978 1155 979
f 1154 1153 1156
f 1154 1156 1155
f 1153 977 980
f 1153 980 1156
f 977 978 979
f 977 979 980
f 982 981 1157
f 982 1157 1158
f 983 1159 1160
f 983 1160 984
f 982 1158 1159
f 982 1159 983
f 1158 1157 1160
f 1158 1160 1159
f 1157 981 984
f 1157 984 1160
f 981 982 983
f 981 983 984
f 986 985 1161
f 986 1161 1162
f 987 1163 1164
f 987 1164 988
f 986 1162 1163
f 986 1163 987
f 1162 1161 1164
f 1162 1164 1163
f 1161 985 988
f 1161 988 1164
f 985 986 987
f 985 987 988
f 990 989 1165
f 990 1165 1166
f 991 1167 1168
f 991 1168 992
f 990 1166 1167
f 990 1167 991
f 1166 1165 1168
f 1166 1168 1167
f 1165 989 992
f 1165 992 1168
f 989 990 991
f 989 991 992
f 994 993 1169
f 994 1169 1170
f 995 1171 1172
f 995 1172 996
f 994 1170 1171
f 994 1171 995
f 1170 1169 1172
f 1170 1172 1171
f 1169 993 996
f 1169 996 1172
f 993 994 995
f 993 995 996
f 998 997 1173
f 998 1173 1174
f 999 1175 1176
f 999 1176 1000
f 998 1174 1175
f 998 1175 999
f 1174 1173 1176
f 1174 1176 1175
f 1173 997 1000
f 1173 1000 1176
f 997 998 999
f 997 999 1000
f 1002 1001 1177
f 1002 1177 1178
f 1003 1179 1180
f 1003 1180 1004
f 1002 1178 1179
f 1002 1179 1003
f 1178 1177 1180
f 1178 1180 1179
f 1177 1001 1004
f 1177 1004 1180
f 1001 1002 1003
f 1001 1003 1004
f 1006 1005 1181
f 1006 1181 1182
f 1007 1183 1184
f 1007 1184 1008
f 1006 1182 1183
f 1006 1183 1007
f 1182 1181 1184
f 1182 1184 1183
f 1181 1005 1008
f 1181 1008 1184
f 1005 1006 1007
f 1005 1007 1008
f 1010 1009 1185
f 1010 1185 1186
f 1011 1187 1188
f 1011 1188 1012
f 1010 1186 1187
f 1010 1187 1011
f 1186 1185 1188
f 1186 1188 1187
f 1185 1009 1012
f 1185 1012 1188
f 1009 1010 1011
f 1009 1011 1012
f 1014 1013 1189
f 1014 1189 1190
f 1015 1191 1192
f 1015 1192 1016
f 1014 1190 1191
f 1014 1191 1015
f 1190 1189 1192
f 1190 1192 1191
f 1189 1013 1016
f 1189 1016 1192
f 1013 1014 1015
f 1013 1015 1016
f 1018 1017 1193
f 1018 1193 1194
f 1019 1195 1196
f 1019 1196 1020
f 1018 1194 1195
f 1018 1195 1019
f 1194 1193 1196
f 1194 1196 1195
f 1193 1017 1020
f 1193 1020 1196
f 1017 1018 1019
f 1017 1019 1020
f 1022 1021 1197
f 1022 1197 1198
f 1023 1199 1200
f 1023 1200 1024
f 1022 1198 1199
f 1022 1199 1023
f 1198 1197 1200
f 1198 1200 1199
f 1197 1021 1024
f 1197 1024 1200
f 1021 1022 1023
f 1021 1023 1024
f 1026 1025 1201
f 1026 1201 1202
f 1027 1203 1204
f 1027 1204 1028
f 1026 1202 1203
f 1026 1203 1027
f 1202 1201 1204
f 1202 1204 1203
f 1201 1025 1028
f 1201 1028 1204
f 1025 1026 1027
f 1025 1027 1028
f 1030 1029 1205
f 1030 1205 1206
f 1031 1207 1208
f 1031 1208 1032
f 1030 1206 1207
f 1030 1207 1031
f 1206 1205 1208
f 1206 1208 1207
f 1205 1029 1032
f 1205 1032 1208
f 1029 1030 1031
f 1029 1031 1032
f 1034 1033 1209
f 1034 1209 1210
f 1035 1211 1212
f 1035 1212 1036
f 1034 1210 1211
f 1034 1211 1035
f 1210 1209 1212
f 1210 1212 1211
f 1209 1033 1036
f 1209 1036 1212
f 1033 1034 1035
f 1033 1035 1036
f 1038 1037 1213
f 1038 1213 1214
f 1039 1215 1216
f 1039 1216 1040
f 1038 1214 1215
f 1038 1215 1039
f 1214 1213 1216
f 1214 1216 1215
f 1213 1037 1040
f 1213 1040 1216
f 1037 1038 1039
f 1037 1039 1040
f 1042 1041 1217
f 1042 1217 1218
f 1043 1219 1220
f 1043 1220 1044
f 1042 1218 1219
f 1042 1219 1043
f 1218 1217 1220
f 1218 1220 1219
f 1217 1041 1044
f 1217 1044 1220
f 1041 1042 1043
f 1041 1043 1044
f 1046 1045 1221
f 1046 1221 1222
f 1047 1223 1224
f 1047 1224 1048
f 1046 1222 1223
f 1046 1223 1047
f 1222 1221 1224
f 1222 1224 1223
f 1221 1045 1048
f 1221 1048 1224
f 1045 1046 1047
f 1045 1047 1048
f 1045 1049 1225
f 1045 1225 1221
f 1048 1224 1226
f 1048 1226 1050
f 1045 1221 1224
f 1045 1224 1048
f 1221 1225 1226
f 1221 1226 1224
f 1225 1049 1050
f 1225 1050 1226
f 1049 1045 1048
f 1049 1048 1050
f 1049 1051 1227
f 1049 1227 1225
f 1050 1226 1228
f 1050 1228 1052
f 1049 1225 1226
f 1049 1226 1050
f 1225 1227 1228
f 1225 1228 1226
f 1227 1051 1052
f 1227 1052 1228
f 1051 1049 1050
f 1051 1050 1052
f 1054 1053 1229
f 1054 1229 1230
f 1055 1231 1232
f 1055 1232 1056
f 1054 1230 1231
f 1054 1231 1055
f 1230 1229 1232
f 1230 1232 1231
f 1229 1053 1056
f 1229 1056 1232
f 1053 1054 1055
f 1053 1055 1056
f 1058 1057 1233
f 1058 1233 1234
f 1059 1235 1236
f 1059 1236 1060
f 1058 1234 1235
f 1058 1235 1059
f 1234 1233 1236
f 1234 1236 1235
f 1233 1057 1060
f 1233 1060 1236
f 1057 1058 1059
f 1057 1059 1060
f 1057 1061 1237
f 1057 1237 1233
f 1060 1236 1238
f 1060 1238 1062
f 1057 1233 1236
f 1057 1236 1060
f 1233 1237 1238
f 1233 1238 1236
f 1237 1061 1062
f 1237 1062 1238
f 1061 1057 1060
f 1061 1060 1062
f 1064 1063 1239
f 1064 1239 1240
f 1065 1241 1242
f 1065 1242 1066
f 1064 1240 1241
f 1064 1241 1065
f 1240 1239 1242
f 1240 1242 1241
f 1239 1063 1066
f 1239 1066 1242
f 1063 1064 1065
f 1063 1065 1066
f 1063 1067 1243
f 1063 1243 1239
f 1066 1242 1244
f 1066 1244 1068
f 1063 1239 1242
f 1063 1242 1066
f 1239 1243 1244
f 1239 1244 1242
f 1243 1067 1068
f 1243 1068 1244
f 1067 1063 1066
f 1067 1066 1068
f 1070 1069 1245
f 1070 1245 1246
f 1071 1247 1248
f 1071 1248 1072
f 1070 1246 1247
f 1070 1247 1071
f 1246 1245 1248
f 1246 1248 1247
f 1245 1069 1072
f 1245 1072 1248
f 1069 1070 1071
f 1069 1071 1072
f 1069 1073 1249
f 1069 1249 1245
f 1072 1248 1250
f 1072 1250 1074
f 1069 1245 1248
f 1069 1248 1072
f 1245 1249 1250
f 1245 1250 1248
f 1249 1073 1074
f 1249 1074 1250
f 1073 1069 1072
f 1073 1072 1074
f 1073 1075 1251
f 1073 1251 1249
f 1074 1250 1252
f 1074 1252 1076
f 1073 1249 1250
f 1073 1250 1074
f 1249 1251 1252
f 1249 1252 1250
f 1251 1075 1076
f 1251 1076 1252
f 1075 1073 1074
f 1075 1074 1076
f 1078 1077 1253
f 1078 1253 1254
f 1079 1255 1256
f 1079 1256 1080
f 1078 1254 1255
f 1078 1255 1079
f 1254 1253 1256
f 1254 1256 1255
f 1253 1077 1080
f 1253 1080 1256
f 1077 1078 1079
f 1077 1079 1080
f 1077 1081 1257
f 1077 1257 1253
f 1080 1256 1258
f 1080 1258 1082
f 1077 1253 1256
f 1077 1256 1080
f 1253 1257 1258
f 1253 1258 1256
f 1257 1081 1082
f 1257 1082 1258
f 1081 1077 1080
f 1081 1080 1082
f 1081 1083 1259
f 1081 1259 1257
f 1082 1258 1260
f 1082 1260 1084
f 1081 1257 1258
f 1081 1258 1082
f 1257 1259 1260
f 1257 1260 1258
f 1259 1083 1084
f 1259 1084 1260
f 1083 1081 1082
f 1083 1082 1084
f 1086 1085 1261
f 1086 1261 1262
f 1087 1263 1264
f 1087 1264 1088
f 1086 1262 1263
f 1086 1263 1087
f 1262 1261 1264
f 1262 1264 1263
f 1261 1085 1088
f 1261 1088 1264
f 1085 1086 1087
f 1085 1087 1088
f 1085 1089 1265
f 1085 1265 1261
f 1088 1264 1266
f 1088 1266 1090
f 1085 1261 1264
f 1085 1264 1088
f 1261 1265 1266
f 1261 1266 1264
f 1265 1089 1090
f 1265 1090 1266
f 1089 1085 1088
f 1089 1088 1090
f 1089 1091 1267
f 1089 1267 1265
f 1090 1266 1268
f 1090 1268 1092
f 1089 1265 1266
f 1089 1266 1090
f 1265 1267 1268
f 1265 1268 1266
f 1267 1091 1092
f 1267 1092 1268
f 1091 1089 1090
f 1091 1090 1092
f 1094 1093 1269
f 1094 1269 1270
f 1095 1271 1272
f 1095 1272 1096
f 1094 1270 1271
f 1094 1271 1095
f 1270 1269 1272
f 1270 1272 1271
f 1269 1093 1096
f 1269 1096 1272
f 1093 1094 1095
f 1093 1095 1096
f 1098 1097 1273
f 1098 1273 1274
f 1099 1275 1276
f 1099 1276 1100
f 1098 1274 1275
f 1098 1275 1099
f 1274 1273 1276
f 1274 1276 1275
f 1273 1097 1100
f 1273 1100 1276
f 1097 1098 1099
f 1097 1099 1100
f 1102 1101 1277
f 1102 1277 1278
f 1103 1279 1280
f 1103 1280 1104
f 1102 1278 1279
f 1102 1279 1103
f 1278 1277 1280
f 1278 1280 1279
f 1277 1101 1104
f 1277 1104 1280
f 1101 1102 1103
f 1101 1103 1104
f 1106 1105 1281
f 1106 1281 1282
f 1107 1283 1284
f 1107 1284 1108
f 1106 1282 1283
f 1106 1283 1107
f 1282 1281 1284
f 1282 1284 1283
f 1281 1105 1108
f 1281 1108 1284
f 1105 1106 1107
f 1105 1107 1108
f 1110 1109 1285
f 1110 1285 1286
f 1111 1287 1288
f 1111 1288 1112
f 1110 1286 1287
f 1110 1287 1111
f 1286 1285 1288
f 1286 1288 1287
f 1285 1109 1112
f 1285 1112 1288
f 1109 1110 1111
f 1109 1111 1112
f 1114 1113 1289
f 1114 1289 1290
f 1115 1291 1292
f 1115 1292 1116
f 1114 1290 1291
f 1114 1291 1115
f 1290 1289 1292
f 1290 1292 1291
f 1289 1113 1116
f 1289 1116 1292
f 1113 1114 1115
f 1113 1115 1116
f 1118 1117 1293
f 1118 1293 1294
f 1119 1295 1296
f 1119 1296 1120
f 1118 1294 1295
f 1118 1295 1119
f 1294 1293 1296
f 1294 1296 1295
f 1293 1117 1120
f 1293 1120 1296
f 1117 1118 1119
f 1117 1119 1120
f 1122 1121 1297
f 1122 1297 1298
f 1123 1299 1300
f 1123 1300 1124
f 1122 1298 1299
f 1122 1299 1123
f 1298 1297 1300
f 1298 1300 1299
f 1297 1121 1124
f 1297 1124 1300
f 1121 1122 1123
f 1121 1123 1124
f 1126 1125 1301
f 1126 1301 1302
f 1127 1303 1304
f 1127 1304 1128
f 1126 1302 1303
f 1126 1303 1127
f 1302 1301 1304
f 1302 1304 1303
f 1301 1125 1128
f 1301 1128 1304
f 1125 1126 1127
f 1125 1127 1128
f 1130 1129 1305
f 1130 1305 1306
f 1131 1307 1308
f 1131 1308 1132
f 1130 1306 1307
f 1130 1307 1131
f 1306 1305 1308
f 1306 1308 1307
f 1305 1129 1132
f 1305 1132 1308
f 1129 1130 1131
f 1129 1131 1132
f 1134 1133 1309
f 1134 1309 1310
f 1135 1311 1312
f 1135 1312 1136
f 1134 1310 1311
f 1134 1311 1135
f 1310 1309 1312
f 1310 1312 1311
f 1309 1133 1136
f 1309 1136 1312
f 1133 1134 1135
f 1133 1135 1136
f 1138 1137 1313
f 1138 1313 1314
f 1139 1315 1316
f 1139 1316 1140
f 1138 1314 1315
f 1138 1315 1139
f 1314 1313 1316
f 1314 1316 1315
f 1313 1137 1140
f 1313 1140 1316
f 1137 1138 1139
f 1137 1139 1140
f 1142 1141 1317
f 1142 1317 1318
f 1143 1319 1320
f 1143 1320 1144
f 1142 1318 1319
f 1142 1319 1143
f 1318 1317 1320
f 1318 1320 1319
f 1317 1141 1144
f 1317 1144 1320
f 1141 1142 1143
f 1141 1143 1144
f 1146 1145 1321
f 1146 1321 1322
f 1147 1323 1324
f 1147 1324 1148
f 1146 1322 1323
f 1146 1323 1147
f 1322 1321 1324
f 1322 1324 1323
f 1321 1145 1148
f 1321 1148 1324
f 1145 1146 1147
f 1145 1147 1148
f 1150 1149 1325
f 1150 1325 1326
f 1151 1327 1328
f 1151 1328 1152
f 1150 1326 1327
f 1150 1327 1151
f 1326 1325 1328
f 1326 1328 1327
f 1325 1149 1152
f 1325 1152 1328
f 1149 1150 1151
f 1149 1151 1152
f 1154 1153 1329
f 1154 1329 1330
f 1155 1331 1332
f 1155 1332 1156
f 1154 1330 1331
f 1154 1331 1155
f 1330 1329 1332
f 1330 1332 1331
f 1329 1153 1156
f 1329 1156 1332
f 1153 1154 1155
f 1153 1155 1156
f 1158 1157 1333
f 1158 1333 1334
f 1159 1335 1336
f 1159 1336 1160
f 1158 1334 1335
f 1158 1335 1159
f 1334 1333 1336
f 1334 1336 1335
f 1333 1157 1160
f 1333 1160 1336
f 1157 1158 1159
f 1157 1159 1160
f 1162 1161 1337
f 1162 1337 1338
f 1163 1339 1340
f 1163 1340 1164
f 1162 1338 1339
f 1162 1339 1163
f 1338 1337 1340
f 1338 1340 1339
f 1337 1161 1164
f 1337 1164 1340
f 1161 1162 1163
f 1161 1163 1164
f 1166 1165 1341
f 1166 1341 1342
f 1167 1343 1344
f 1167 1344 1168
f 1166 1342 1343
f 1166 1343 1167
f 1342 1341 1344
f 1342 1344 1343
f 1341 1165 1168
f 1341 1168 1344
f 1165 1166 1167
f 1165 1167 1168
f 1170 1169 1345
f 1170 1345 1346
f 1171 1347 1348
f 1171 1348 1172
f 1170 1346 1347
f 1170 1347 1171
f 1346 1345 1348
f 1346 1348 1347
f 1345 1169 1172
f 1345 1172 1348
f 1169 1170 1171
f 1169 1171 1172
f 1174 1173 1349
f 1174 1349 1350
f 1175 1351 1352
f 1175 1352 1176
f 1174 1350 1351
f 1174 1351 1175
f 1350 1349 1352
f 1350 1352 1351
f 1349 1173 1176
f 1349 1176 1352
f 1173 1174 1175
f 1173 1175 1176
f 1178 1177 1353
f 1178 1353 1354
f 1179 1355 1356
f 1179 1356 1180
f 1178 1354 1355
f 1178 1355 1179
f 1354 1353 1356
f 1354 1356 1355
f 1353 1177 1180
f 1353 1180 1356
f 1177 1178 1179
f 1177 1179 1180
f 1182 1181 1357
f 1182 1357 1358
f 1183 1359 1360
f 1183 1360 1184
f 1182 1358 1359
f 1182 1359 1183
f 1358 1357 1360
f 1358 1360 1359
f 1357 1181 1184
f 1357 1184 1360
f 1181 1182 1183
f 1181 1183 1184
f 1186 1185 1361
f 1186 1361 1362
f 1187 1363 1364
f 1187 1364 1188
f 1186 1362 1363
f 1186 1363 1187
f 1362 1361 1364
f 1362 1364 1363
f 1361 1185 1188
f 1361 1188 1364
f 1185 1186 1187
f 1185 1187 1188
f 1194 1193 1365
f 1194 1365 1366
f 1195 1367 1368
f 1195 1368 1196
f 1194 1366 1367
f 1194 1367 1195
f 1366 1365 1368
f 1366 1368 1367
f 1365 1193 1196
f 1365 1196 1368
f 1193 1194 1195
f 1193 1195 1196
f 1198 1197 1369
f 1198 1369 1370
f 1199 1371 1372
f 1199 1372 1200
f 1198 1370 1371
f 1198 1371 1199
f 1370 1369 1372
f 1370 1372 1371
f 1369 1197 1200
f 1369 1200 1372
f 1197 1198 1199
f 1197 1199 1200
f 1202 1201 1373
f 1202 1373 1374
f 1203 1375 1376
f 1203 1376 1204
f 1202 1374 1375
f 1202 1375 1203
f 1374 1373 1376
f 1374 1376 1375
f 1373 1201 1204
f 1373 1204 1376
f 1201 1202 1203
f 1201 1203 1204
f 1206 1205 1377
f 1206 1377 1378
f 1207 1379 1380
f 1207 1380 1208
f 1206 1378 1379
f 1206 1379 1207
f 1378 1377 1380
f 1378 1380 1379
f 1377 1205 1208
f 1377 1208 1380
f 1205 1206 1207
f 1205 1207 1208
f 1210 1209 1381
f 1210 1381 1382
f 1211 1383 1384
f 1211 1384 1212
f 1210 1382 1383
f 1210 1383 1211
f 1382 1381 1384
f 1382 1384 1383
f 1381 1209 1212
f 1381 1212 1384
f 1209 1210 1211
f 1209 1211 1212
f 1214 1213 1385
f 1214 1385 1386
f 1215 1387 1388
f 1215 1388 1216
f 1214 1386 1387
f 1214 1387 1215
f 1386 1385 1388
f 1386 1388 1387
f 1385 1213 1216
f 1385 1216 1388
f 1213 1214 1215
f 1213 1215 1216
f 1218 1217 1389
f 1218 1389 1390
f 1219 1391 1392
f 1219 1392 1220
f 1218 1390 1391
f 1218 1391 1219
f 1390 1389 1392
f 1390 1392 1391
f 1389 1217 1220
f 1389 1220 1392
f 1217 1218 1219
f 1217 1219 1220
f 1222 1221 1393
f 1222 1393 1394
f 1223 1395 1396
f 1223 1396 1224
f 1222 1394 1395
f 1222 1395 1223
f 1394 1393 1396
f 1394 1396 1395
f 1393 1221 1224
f 1393 1224 1396
f 1221 1222 1223
f 1221 1223 1224
f 1221 1225 1397
f 1221 1397 1393
f 1224 1396 1398
f 1224 1398 1226
f 1221 1393 1396
f 1221 1396 1224
f 1393 1397 1398
f 1393 1398 1396
f 1397 1225 1226
f 1397 1226 1398
f 1225 1221 1224
f 1225 1224 1226
f 1225 1227 1399
f 1225 1399 1397
f 1226 1398 1400
f 1226 1400 1228
f 1225 1397 1398
f 1225 1398 1226
f 1397 1399 1400
f 1397 1400 1398
f 1399 1227 1228
f 1399 1228 1400
f 1227 1225 1226
f 1227 1226 1228
f 1230 1229 1401
f 1230 1401 1402
f 1231 1403 1404
f 1231 1404 1232
f 1230 1402 1403
f 1230 1403 1231
f 1402 1401 1404
f 1402 1404 1403
f 1401 1229 1232
f 1401 1232 1404
f 1229 1230 1231
f 1229 1231 1232
f 1234 1233 1405
f 1234 1405 1406
f 1235 1407 1408
f 1235 1408 1236
f 1234 1406 1407
f 1234 1407 1235
f 1406 1405 1408
f 1406 1408 1407
f 1405 1233 1236
f 1405 1236 1408
f 1233 1234 1235
f 1233 1235 1236
f 1233 1237 1409
f 1233 1409 1405
f 1236 1408 1410
f 1236 1410 1238
f 1233 1405 1408
f 1233 1408 1236
f 1405 1409 1410
f 1405 1410 1408
f 1409 1237 1238
f 1409 1238 1410
f 1237 1233 1236
f 1237 1236 1238
f 1240 1239 1411
f 1240 1411 1412
f 1241 1413 1414
f 1241 1414 1242
f 1240 1412 1413
f 1240 1413 1241
f 1412 1411 1414
f 1412 1414 1413
f 1411 1239 1242
f 1411 1242 1414
f 1239 1240 1241
f 1239 1241 1242
f 1239 1243 1415
f 1239 1415 1411
f 1242 1414 1416
f 1242 1416 1244
f 1239 1411 1414
f 1239 1414 1242
f 1411 1415 1416
f 1411 1416 1414
f 1415 1243 1244
f 1415 1244 1416
f 1243 1239 1242
f 1243 1242 1244
f 1246 1245 1417
f 1246 1417 1418
f 1247 1419 1420
f 1247 1420 1248
f 1246 1418 1419
f 1246 1419 1247
f 1418 1417 1420
f 1418 1420 1419
f 1417 1245 1248
f 1417 1248 1420
f 1245 1246 1247
f 1245 1247 1248
f 1245 1249 1421
f 1245 1421 1417
f 1248 1420 1422
f 1248 1422 1250
f 1245 1417 1420
f 1245 1420 1248
f 1417 1421 1422
f 1417 1422 1420
f 1421 1249 1250
f 1421 1250 1422
f 1249 1245 1248
f 1249 1248 1250
f 1249 1251 1423
f 1249 1423 1421
f 1250 1422 1424
f 1250 1424 1252
f 1249 1421 1422
f 1249 1422 1250
f 1421 1423 1424
f 1421 1424 1422
f 1423 1251 1252
f 1423 1252 1424
f 1251 1249 1250
f 1251 1250 1252
f 1254 1253 1425
f 1254 1425 1426
f 1255 1427 1428
f 1255 1428 1256
f 1254 1426 1427
f 1254 1427 1255
f 1426 1425 1428
f 1426 1428 1427
f 1425 1253 1256
f 1425 1256 1428
f 1253 1254 1255
f 1253 1255 1256
f 1253 1257 1429
f 1253 1429 1425
f 1256 1428 1430
f 1256 1430 1258
f 1253 1425 1428
f 1253 1428 1256
f 1425 1429 1430
f 1425 1430 1428
f 1429 1257 1258
f 1429 1258 1430
f 1257 1253 1256
f 1257 1256 1258
f 1257 1259 1431
f 1257 1431 1429
f 1258 1430 1432
f 1258 1432 1260
f 1257 1429 1430
f 1257 1430 1258
f 1429 1431 1432
f 1429 1432 1430
f 1431 1259 1260
f 1431 1260 1432
f 1259 1257 1258
f 1259 1258 1260
f 1262 1261 1433
f 1262 1433 1434
f 1263 1435 1436
f 1263 1436 1264
f 1262 1434 1435
f 1262 1435 1263
f 1434 1433 1436
f 1434 1436 1435
f 1433 1261 1264
f 1433 1264 1436
f 1261 1262 1263
f 1261 1263 1264
f 1261 1265 1437
f 1261 1437 1433
f 1264 1436 1438
f 1264 1438 1266
f 1261 1433 1436
f 1261 1436 1264
f 1433 1437 1438
f 1433 1438 1436
f 1437 1265 1266
f 1437 1266 1438
f 1265 1261 1264
f 1265 1264 1266
f 1265 1267 1439
f 1265 1439 1437
f 1266 1438 1440
f 1266 1440 1268
f 1265 1437 1438
f 1265 1438 1266
f 1437 1439 1440
f 1437 1440 1438
f 1439 1267 1268
f 1439 1268 1440
f 1267 1265 1266
f 1267 1266 1268
f 1270 1269 1441
f 1270 1441 1442
f 1271 1443 1444
f 1271 1444 1272
f 1270 1442 1443
f 1270 1443 1271
f 1442 1441 1444
f 1442 1444 1443
f 1441 1269 1272
f 1441 1272 1444
f 1269 1270 1271
f 1269 1271 1272
f 1274 1273 1445
f 1274 1445 1446
f 1275 1447 1448
f 1275 1448 1276
f 1274 1446 1447
f 1274 1447 1275
f 1446 1445 1448
f 1446 1448 1447
f 1445 1273 1276
f 1445 1276 1448
f 1273 1274 1275
f 1273 1275 1276
f 1278 1277 1449
f 1278 1449 1450
f 1279 1451 1452
f 1279 1452 1280
f 1278 1450 1451
f 1278 1451 1279
f 1450 1449 1452
f 1450 1452 1451
f 1449 1277 1280
f 1449 1280 1452
f 1277 1278 1279
f 1277 1279 1280
f 1282 1281 1453
f 1282 1453 1454
f 1283 1455 1456
f 1283 1456 1284
f 1282 1454 1455
f 1282 1455 1283
f 1454 1453 1456
f 1454 1456 1455
f 1453 1281 1284
f 1453 1284 1456
f 1281 1282 1283
f 1281 1283 1284
f 1286 1285 1457
f 1286 1457 1458
f 1287 1459 1460
f 1287 1460 1288
f 1286 1458 1459
f 1286 1459 1287
f 1458 1457 1460
f 1458 1460 1459
f 1457 1285 1288
f 1457 1288 1460
f 1285 1286 1287
f 1285 1287 1288
f 1290 1289 1461
f 1290 1461 1462
f 1291 1463 1464
f 1291 1464 1292
f 1290 1462 1463
f 1290 1463 1291
f 1462 1461 1464
f 1462 1464 1463
f 1461 1289 1292
f 1461 1292 1464
f 1289 1290 1291
f 1289 1291 1292
f 1294 1293 1465
f 1294 1465 1466
f 1295 1467 1468
f 1295 1468 1296
f 1294 1466 1467
f 1294 1467 1295
f 1466 1465 1468
f 1466 1468 1467
f 1465 1293 1296
f 1465 1296 1468
f 1293 1294 1295
f 1293 1295 1296
f 1298 1297 1469
f 1298 1469 1470
f 1299 1471 1472
f 1299 1472 1300
f 1298 1470 1471
f 1298 1471 1299
f 1470 1469 1472
f 1470 1472 1471
f 1469 1297 1300
f 1469 1300 1472
f 1297 1298 1299
f 1297 1299 1300
f 1302 1301 1473
f 1302 1473 1474
f 1303 1475 1476
f 1303 1476 1304
f 1302 1474 1475
f 1302 1475 1303
f 1474 1473 1476
f 1474 1476 1475
f 1473 1301 1304
f 1473 1304 1476
f 1301 1302 1303
f 1301 1303 1304
f 1306 1305 1477
f 1306 1477 1478
f 1307 1479 1480
f 1307 1480 1308
f 1306 1478 1479
f 1306 1479 1307
f 1478 1477 1480
f 1478 1480 1479
f 1477 1305 1308
f 1477 1308 1480
f 1305 1306 1307
f 1305 1307 1308
f 1310 1309 1481
f 1310 1481 1482
f 1311 1483 1484
f 1311 1484 1312
f 1310 1482 1483
f 1310 1483 1311
f 1482 1481 1484
f 1482 1484 1483
f 1481 1309 1312
f 1481 1312 1484
f 1309 1310 1311
f 1309 1311 1312
f 1314 1313 1485
f 1314 1485 1486
f 1315 1487 1488
f 1315 1488 1316
f 1314 1486 1487
f 1314 1487 1315
f 1486 1485 1488
f 1486 1488 1487
f 1485 1313 1316
f 1485 1316 1488
f 1313 1314 1315
f 1313 1315 1316
f 1318 1317 1489
f 1318 1489 1490
f 1319 1491 1492
f 1319 1492 1320
f 1318 1490 1491
f 1318 1491 1319
f 1490 1489 1492
f 1490 1492 1491
f 1489 1317 1320
f 1489 1320 1492
f 1317 1318 1319
f 1317 1319 1320
f 1322 1321 1493
f 1322 1493 1494
f 1323 1495 1496
f 1323 1496 1324
f 1322 1494 1495
f 1322 1495 1323
f 1494 1493 1496
f 1494 1496 1495
f 1493 1321 1324
f 1493 1324 1496
f 1321 1322 1323
f 1321 1323 1324
f 1326 1325 1497
f 1326 1497 1498
f 1327 1499 1500
f 1327 1500 1328
f 1326 1498 1499
f 1326 1499 1327
f 1498 1497 1500
f 1498 1500 1499
f 1497 1325 1328
f 1497 1328 1500
f 1325 1326 1327
f 1325 1327 1328
f 1330 1329 1501
f 1330 1501 1502
f 1331 1503 1504
f 1331 1504 1332
f 1330 1502 1503
f 1330 1503 1331
f 1502 1501 1504
f 1502 1504 1503
f 1501 1329 1332
f 1501 1332 1504
f 1329 1330 1331
f 1329 1331 1332
f 1334 1333 1505
f 1334 1505 1506
f 1335 1507 1508
f 1335 1508 1336
f 1334 1506 1507
f 1334 1507 1335
f 1506 1505 1508
f 1506 1508 1507
f 1505 1333 1336
f 1505 1336 1508
f 1333 1334 1335
f 1333 1335 1336
f 1338 1337 1509
f 1338 1509 1510
f 1339 1511 1512
f 1339 1512 1340
f 1338 1510 1511
f 1338 1511 1339
f 1510 1509 1512
f 1510 1512 1511
f 1509 1337 1340
f 1509 1340 1512
f 1337 1338 1339
f 1337 1339 1340
f 1342 1341 1513
f 1342 1513 1514
f 1343 1515 1516
f 1343 1516 1344
f 1342 1514 1515
f 1342 1515 1343
f 1514 1513 1516
f 1514 1516 1515
f 1513 1341 1344
f 1513 1344 1516
f 1341 1342 1343
f 1341 1343 1344
f 1346 1345 1517
f 1346 1517 1518
f 1347 1519 1520
f 1347 1520 1348
f 1346 1518 1519
f 1346 1519 1347
f 1518 1517 1520
f 1518 1520 1519
f 1517 1345 1348
f 1517 1348 1520
f 1345 1346 1347
f 1345 1347 1348
f 1350 1349 1521
f 1350 1521 1522
f 1351 1523 1524
f 1351 1524 1352
f 1350 1522 1523
f 1350 1523 1351
f 1522 1521 1524
f 1522 1524 1523
f 1521 1349 1352
f 1521 1352 1524
f 1349 1350 1351
f 1349 1351 1352
f 1354 1353 1525
f 1354 1525 1526
f 1355 1527 1528
f 1355 1528 1356
f 1354 1526 1527
f 1354 1527 1355
f 1526 1525 1528
f 1526 1528 1527
f 1525 1353 1356
f 1525 1356 1528
f 1353 1354 1355
f 1353 1355 1356
f 1358 1357 1529
f 1358 1529 1530
f 1359 1531 1532
f 1359 1532 1360
f 1358 1530 1531
f 1358 1531 1359
f 1530 1529 1532
f 1530 1532 1531
f 1529 1357 1360
f 1529 1360 1532
f 1357 1358 1359
f 1357 1359 1360
f 1370 1369 1533
f 1370 1533 1534
f 1371 1535 1536
f 1371 1536 1372
f 1370 1534 1535
f 1370 1535 1371
f 1534 1533 1536
f 1534 1536 1535
f 1533 1369 1372
f 1533 1372 1536
f 1369 1370 1371
f 1369 1371 1372
f 1374 1373 1537
f 1374 1537 1538
f 1375 1539 1540
f 1375 1540 1376
f 1374 1538 1539
f 1374 1539 1375
f 1538 1537 1540
f 1538 1540 1539
f 1537 1373 1376
f 1537 1376 1540
f 1373 1374 1375
f 1373 1375 1376
f 1378 1377 1541
f 1378 1541 1542
f 1379 1543 1544
f 1379 1544 1380
f 1378 1542 1543
f 1378 1543 1379
f 1542 1541 1544
f 1542 1544 1543
f 1541 1377 1380
f 1541 1380 1544
f 1377 1378 1379
f 1377 1379 1380
f 1382 1381 1545
f 1382 1545 1546
f 1383 1547 1548
f 1383 1548 1384
f 1382 1546 1547
f 1382 1547 1383
f 1546 1545 1548
f 1546 1548 1547
f 1545 1381 1384
f 1545 1384 1548
f 1381 1382 1383
f 1381 1383 1384
f 1386 1385 1549
f 1386 1549 1550
f 1387 1551 1552
f 1387 1552 1388
f 1386 1550 1551
f 1386 1551 1387
f 1550 1549 1552
f 1550 1552 1551
f 1549 1385 1388
f 1549 1388 1552
f 1385 1386 1387
f 1385 1387 1388
f 1390 1389 1553
f 1390 1553 1554
f 1391 1555 1556
f 1391 1556 1392
f 1390 1554 1555
f 1390 1555 1391
f 1554 1553 1556
f 1554 1556 1555
f 1553 1389 1392
f 1553 1392 1556
f 1389 1390 1391
f 1389 1391 1392
f 1394 1393 1557
f 1394 1557 1558
f 1395 1559 1560
f 1395 1560 1396
f 1394 1558 1559
f 1394 1559 1395
f 1558 1557 1560
f 1558 1560 1559
f 1557 1393 1396
f 1557 1396 1560
f 1393 1394 1395
f 1393 1395 1396
f 1393 1397 1561
f 1393 1561 1557
f 1396 1560 1562
f 1396 1562 1398
f 1393 1557 1560
f 1393 1560 1396
f 1557 1561 1562
f 1557 1562 1560
f 1561 1397 1398
f 1561 1398 1562
f 1397 1393 1396
f 1397 1396 1398
f 1397 1399 1563
f 1397 1563 1561
f 1398 1562 1564
f 1398 1564 1400
f 1397 1561 1562
f 1397 1562 1398
f 1561 1563 1564
f 1561 1564 1562
f 1563 1399 1400
f 1563 1400 1564
f 1399 1397 1398
f 1399 1398 1400
f 1402 1401 1565
f 1402 1565 1566
f 1403 1567 1568
f 1403 1568 1404
f 1402 1566 1567
f 1402 1567 1403
f 1566 1565 1568
f 1566 1568 1567
f 1565 1401 1404
f 1565 1404 1568
f 1401 1402 1403
f 1401 1403 1404
f 1406 1405 1569
f 1406 1569 1570
f 1407 1571 1572
f 1407 1572 1408
f 1406 1570 1571
f 1406 1571 1407
f 1570 1569 1572
f 1570 1572 1571
f 1569 1405 1408
f 1569 1408 1572
f 1405 1406 1407
f 1405 1407 1408
f 1405 1409 1573
f 1405 1573 1569
f 1408 1572 1574
f 1408 1574 1410
f 1405 1569 1572
f 1405 1572 1408
f 1569 1573 1574
f 1569 1574 1572
f 1573 1409 1410
f 1573 1410 1574
f 1409 1405 1408
f 1409 1408 1410
f 1412 1411 1575
f 1412 1575 1576
f 1413 1577 1578
f 1413 1578 1414
f 1412 1576 1577
f 1412 1577 1413
f 1576 1575 1578
f 1576 1578 1577
f 1575 1411 1414
f 1575 1414 1578
f 1411 1412 1413
f 1411 1413 1414
f 1411 1415 1579
f 1411 1579 1575
f 1414 1578 1580
f 1414 1580 1416
f 1411 1575 1578
f 1411 1578 1414
f 1575 1579 1580
f 1575 1580 1578
f 1579 1415 1416
f 1579 1416 1580
f 1415 1411 1414
f 1415 1414 1416
f 1418 1417 1581
f 1418 1581 1582
f 1419 1583 1584
f 1419 1584 1420
f 1418 1582 1583
f 1418 1583 1419
f 1582 1581 1584
f 1582 1584 1583
f 1581 1417 1420
f 1581 1420 1584
f 1417 1418 1419
f 1417 1419 1420
f 1417 1421 1585
f 1417 1585 1581
f 1420 1584 1586
f 1420 1586 1422
f 1417 1581 1584
f 1417 1584 1420
f 1581 1585 1586
f 1581 1586 1584
f 1585 1421 1422
f 1585 1422 1586
f 1421 1417 1420
f 1421 1420 1422
f 1421 1423 1587
f 1421 1587 1585
f 1422 1586 1588
f 1422 1588 1424
f 1421 1585 1586
f 1421 1586 1422
f 1585 1587 1588
f 1585 1588 1586
f 1587 1423 1424
f 1587 1424 1588
f 1423 1421 1422
f 1423 1422 1424
f 1426 1425 1589
f 1426 1589 1590
f 1427 1591 1592
f 1427 1592 1428
f 1426 1590 1591
f 1426 1591 1427
f 1590 1589 1592
f 1590 1592 1591
f 1589 1425 1428
f 1589 1428 1592
f 1425 1426 1427
f 1425 1427 1428
f 1425 1429 1593
f 1425 1593 1589
f 1428 1592 1594
f 1428 1594 1430
f 1425 1589 1592
f 1425 1592 1428
f 1589 1593 1594
f 1589 1594 1592
f 1593 1429 1430
f 1593 1430 1594
f 1429 1425 1428
f 1429 1428 1430
f 1429 1431 1595
f 1429 1595 1593
f 1430 1594 1596
f 1430 1596 1432
f 1429 1593 1594
f 1429 1594 1430
f 1593 1595 1596
f 1593 1596 1594
f 1595 1431 1432
f 1595 1432 1596
f 1431 1429 1430
f 1431 1430 1432
f 1434 1433 1597
f 1434 1597 1598
f 1435 1599 1600
f 1435 1600 1436
f 1434 1598 1599
f 1434 1599 1435
f 1598 1597 1600
f 1598 1600 1599
f 1597 1433 1436
f 1597 1436 1600
f 1433 1434 1435
f 1433 1435 1436
f 1433 1437 1601
f 1433 1601 1597
f 1436 1600 1602
f 1436 1602 1438
f 1433 1597 1600
f 1433 1600 1436
f 1597 1601 1602
f 1597 1602 1600
f 1601 1437 1438
f 1601 1438 1602
f 1437 1433 1436
f 1437 1436 1438
f 1437 1439 1603
f 1437 1603 1601
f 1438 1602 1604
f 1438 1604 1440
f 1437 1601 1602
f 1437 1602 1438
f 1601 1603 1604
f 1601 1604 1602
f 1603 1439 1440
f 1603 1440 1604
f 1439 1437 1438
f 1439 1438 1440
f 1442 1441 1605
f 1442 1605 1606
f 1443 1607 1608
f 1443 1608 1444
f 1442 1606 1607
f 1442 1607 1443
f 1606 1605 1608
f 1606 1608 1607
f 1605 1441 1444
f 1605 1444 1608
f 1441 1442 1443
f 1441 1443 1444
f 1446 1445 1609
f 1446 1609 1610
f 1447 1611 1612
f 1447 1612 1448
f 1446 1610 1611
f 1446 1611 1447
f 1610 1609 1612
f 1610 1612 1611
f 1609 1445 1448
f 1609 1448 1612
f 1445 1446 1447
f 1445 1447 1448
f 1450 1449 1613
f 1450 1613 1614
f 1451 1615 1616
f 1451 1616 1452
f 1450 1614 1615
f 1450 1615 1451
f 1614 1613 1616
f 1614 1616 1615
f 1613 1449 1452
f 1613 1452 1616
f 1449 1450 1451
f 1449 1451 1452
f 1454 1453 1617
f 1454 1617 1618
f 1455 1619 1620
f 1455 1620 1456
f 1454 1618 1619
f 1454 1619 1455
f 1618 1617 1620
f 1618 1620 1619
f 1617 1453 1456
f 1617 1456 1620
f 1453 1454 1455
f 1453 1455 1456
f 1458 1457 1621
f 1458 1621 1622
f 1459 1623 1624
f 1459 1624 1460
f 1458 1622 1623
f 1458 1623 1459
f 1622 1621 1624
f 1622 1624 1623
f 1621 1457 1460
f 1621 1460 1624
f 1457 1458 1459
f 1457 1459 1460
f 1462 1461 1625
f 1462 1625 1626
f 1463 1627 1628
f 1463 1628 1464
f 1462 1626 1627
f 1462 1627 1463
f 1626 1625 1628
f 1626 1628 1627
f 1625 1461 1464
f 1625 1464 1628
f 1461 1462 1463
f 1461 1463 1464
f 1466 1465 1629
f 1466 1629 1630
f 1467 1631 1632
f 1467 1632 1468
f 1466 1630 1631
f 1466 1631 1467
f 1630 1629 1632
f 1630 1632 1631
f 1629 1465 1468
f 1629 1468 1632
f 1465 1466 1467
f 1465 1467 1468
f 1470 1469 1633
f 1470 1633 1634
f 1471 1635 1636
f 1471 1636 1472
f 1470 1634 1635
f 1470 1635 1471
f 1634 1633 1636
f 1634 1636 1635
f 1633 1469 1472
f 1633 1472 1636
f 1469 1470 1471
f 1469 1471 1472
f 1474 1473 1637
f 1474 1637 1638
f 1475 1639 1640
f 1475 1640 1476
f 1474 1638 1639
f 1474 1639 1475
f 1638 1637 1640
f 1638 1640 1639
f 1637 1473 1476
f 1637 1476 1640
f 1473 1474 1475
f 1473 1475 1476
f 1478 1477 1641
f 1478 1641 1642
f 1479 1643 1644
f 1479 1644 1480
f 1478 1642 1643
f 1478 1643 1479
f 1642 1641 1644
f 1642 1644 1643
f 1641 1477 1480
f 1641 1480 1644
f 1477 1478 1479
f 1477 1479 1480
f 1482 1481 1645
f 1482 1645 1646
f 1483 1647 1648
f 1483 1648 1484
f 1482 1646 1647
f 1482 1647 1483
f 1646 1645 1648
f 1646 1648 1647
f 1645 1481 1484
f 1645 1484 1648
f 1481 1482 1483
f 1481 1483 1484
f 1486 1485 1649
f 1486 1649 1650
f 1487 1651 1652
f 1487 1652 1488
f 1486 1650 1651
f 1486 1651 1487
f 1650 1649 1652
f 1650 1652 1651
f 1649 1485 1488
f 1649 1488 1652
f 1485 1486 1487
f 1485 1487 1488
f 1490 1489 1653
f 1490 1653 1654
f 1491 1655 1656
f 1491 1656 1492
f 1490 1654 1655
f 1490 1655 1491
f 1654 1653 1656
f 1654 1656 1655
f 1653 1489 1492
f 1653 1492 1656
f 1489 1490 1491
f 1489 1491 1492
f 1494 1493 1657
f 1494 1657 1658
f 1495 1659 1660
f 1495 1660 1496
f 1494 1658 1659
f 1494 1659 1495
f 1658 1657 1660
f 1658 1660 1659
f 1657 1493 1496
f 1657 1496 1660
f 1493 1494 1495
f 1493 1495 1496
f 1498 1497 1661
f 1498 1661 1662
f 1499 1663 1664
f 1499 1664 1500
f 1498 1662 1663
f 1498 1663 1499
f 1662 1661 1664
f 1662 1664 1663
f 1661 1497 1500
f 1661 1500 1664
f 1497 1498 1499
f 1497 1499 1500
f 1502 1501 1665
f 1502 1665 1666
f 1503 1667 1668
f 1503 1668 1504
f 1502 1666 1667
f 1502 1667 1503
f 1666 1665 1668
f 1666 1668 1667
f 1665 1501 1504
f 1665 1504 1668
f 1501 1502 1503
f 1501 1503 1504
f 1506 1505 1669
f 1506 1669 1670
f 1507 1671 1672
f 1507 1672 1508
f 1506 1670 1671
f 1506 1671 1507
f 1670 1669 1672
f 1670 1672 1671
f 1669 1505 1508
f 1669 1508 1672
f 1505 1506 1507
f 1505 1507 1508
f 1510 1509 1673
f 1510 1673 1674
f 1511 1675 1676
f 1511 1676 1512
f 1510 1674 1675
f 1510 1675 1511
f 1674 1673 1676
f 1674 1676 1675
f 1673 1509 1512
f 1673 1512 1676
f 1509 1510 1511
f 1509 1511 1512
f 1514 1513 1677
f 1514 1677 1678
f 1515 1679 1680
f 1515 1680 1516
f 1514 1678 1679
f 1514 1679 1515
f 1678 1677 1680
f 1678 1680 1679
f 1677 1513 1516
f 1677 1516 1680
f 1513 1514 1515
f 1513 1515 1516
f 1518 1517 1681
f 1518 1681 1682
f 1519 1683 1684
f 1519 1684 1520
f 1518 1682 1683
f 1518 1683 1519
f 1682 1681 1684
f 1682 1684 1683
f 1681 1517 1520
f 1681 1520 1684
f 1517 1518 1519
f 1517 1519 1520
f 1522 1521 1685
f 1522 1685 1686
f 1523 1687 1688
f 1523 1688 1524
f 1522 1686 1687
f 1522 1687 1523
f 1686 1685 1688
f 1686 1688 1687
f 1685 1521 1524
f 1685 1524 1688
f 1521 1522 1523
f 1521 1523 1524
f 1526 1525 1689
f 1526 1689 1690
f 1527 1691 1692
f 1527 1692 1528
f 1526 1690 1691
f 1526 1691 1527
f 1690 1689 1692
f 1690 1692 1691
f 1689 1525 1528
f 1689 1528 1692
f 1525 1526 1527
f 1525 1527 1528
f 1530 1529 1693
f 1530 1693 1694
f 1531 1695 1696
f 1531 1696 1532
f 1530 1694 1695
f 1530 1695 1531
f 1694 1693 1696
f 1694 1696 1695
f 1693 1529 1532
f 1693 1532 1696
f 1529 1530 1531
f 1529 1531 1532
f 1534 1533 1697
f 1534 1697 1698
f 1535 1699 1700
f 1535 1700 1536
f 1534 1698 1699
f 1534 1699 1535
f 1698 1697 1700
f 1698 1700 1699
f 1697 1533 1536
f 1697 1536 1700
f 1533 1534 1535
f 1533 1535 1536
f 1538 1537 1701
f 1538 1701 1702
f 1539 1703 1704
f 1539 1704 1540
f 1538 1702 1703
f 1538 1703 1539
f 1702 1701 1704
f 1702 1704 1703
f 1701 1537 1540
f 1701 1540 1704
f 1537 1538 1539
f 1537 1539 1540
f 1542 1541 1705
f 1542 1705 1706
f 1543 1707 1708
f 1543 1708 1544
f 1542 1706 1707
f 1542 1707 1543
f 1706 1705 1708
f 1706 1708 1707
f 1705 1541 1544
f 1705 1544 1708
f 1541 1542 1543
f 1541 1543 1544
f 1546 1545 1709
f 1546 1709 1710
f 1547 1711 1712
f 1547 1712 1548
f 1546 1710 1711
f 1546 1711 1547
f 1710 1709 1712
f 1710 1712 1711
f 1709 1545 1548
f 1709 1548 1712
f 1545 1546 1547
f 1545 1547 1548
f 1550 1549 1713
f 1550 1713 1714
f 1551 1715 1716
f 1551 1716 1552
f 1550 1714 1715
f 1550 1715 1551
f 1714 1713 1716
f 1714 1716 1715
f 1713 1549 1552
f 1713 1552 1716
f 1549 1550 1551
f 1549 1551 1552
f 1554 1553 1717
f 1554 1717 1718
f 1555 1719 1720
f 1555 1720 1556
f 1554 1718 1719
f 1554 1719 1555
f 1718 1717 1720
f 1718 1720 1719
f 1717 1553 1556
f 1717 1556 1720
f 1553 1554 1555
f 1553 1555 1556
f 1558 1557 1721
f 1558 1721 1722
f 1559 1723 1724
f 1559 1724 1560
f 1558 1722 1723
f 1558 1723 1559
f 1722 1721 1724
f 1722 1724 1723
f 1721 1557 1560
f 1721 1560 1724
f 1557 1558 1559
f 1557 1559 1560
f 1557 1561 1725
f 1557 1725 1721
f 1560 1724 1726
f 1560 1726 1562
f 1557 1721 1724
f 1557 1724 1560
f 1721 1725 1726
f 1721 1726 1724
f 1725 1561 1562
f 1725 1562 1726
f 1561 1557 1560
f 1561 1560 1562
f 1561 1563 1727
f 1561 1727 1725
f 1562 1726 1728
f 1562 1728 1564
f 1561 1725 1726
f 1561 1726 1562
f 1725 1727 1728
f 1725 1728 1726
f 1727 1563 1564
f 1727 1564 1728
f 1563 1561 1562
f 1563 1562 1564
f 1566 1565 1729
f 1566 1729 1730
f 1567 1731 1732
f 1567 1732 1568
f 1566 1730 1731
f 1566 1731 1567
f 1730 1729 1732
f 1730 1732 1731
f 1729 1565 1568
f 1729 1568 1732
f 1565 1566 1567
f 1565 1567 1568
f 1570 1569 1733
f 1570 1733 1734
f 1571 1735 1736
f 1571 1736 1572
f 1570 1734 1735
f 1570 1735 1571
f 1734 1733 1736
f 1734 1736 1735
f 1733 1569 1572
f 1733 1572 1736
f 1569 1570 1571
f 1569 1571 1572
f 1569 1573 1737
f 1569 1737 1733
f 1572 1736 1738
f 1572 1738 1574
f 1569 1733 1736
f 1569 1736 1572
f 1733 1737 1738
f 1733 1738 1736
f 1737 1573 1574
f 1737 1574 1738
f 1573 1569 1572
f 1573 1572 1574
f 1576 1575 1739
f 1576 1739 1740
f 1577 1741 1742
f 1577 1742 1578
f 1576 1740 1741
f 1576 1741 1577
f 1740 1739 1742
f 1740 1742 1741
f 1739 1575 1578
f 1739 1578 1742
f 1575 1576 1577
f 1575 1577 1578
f 1575 1579 1743
f 1575 1743 1739
f 1578 1742 1744
f 1578 1744 1580
f 1575 1739 1742
f 1575 1742 1578
f 1739 1743 1744
f 1739 1744 1742
f 1743 1579 1580
f 1743 1580 1744
f 1579 1575 1578
f 1579 1578 1580
f 1582 1581 1745
f 1582 1745 1746
f 1583 1747 1748
f 1583 1748 1584
f 1582 1746 1747
f 1582 1747 1583
f 1746 1745 1748
f 1746 1748 1747
f 1745 1581 1584
f 1745 1584 1748
f 1581 1582 1583
f 1581 1583 1584
f 1581 1585 1749
f 1581 1749 1745
f 1584 1748 1750
f 1584 1750 1586
f 1581 1745 1748
f 1581 1748 1584
f 1745 1749 1750
f 1745 1750 1748
f 1749 1585 1586
f 1749 1586 1750
f 1585 1581 1584
f 1585 1584 1586
f 1585 1587 1751
f 1585 1751 1749
f 1586 1750 1752
f 1586 1752 1588
f 1585 1749 1750
f 1585 1750 1586
f 1749 1751 1752
f 1749 1752 1750
f 1751 1587 1588
f 1751 1588 1752
f 1587 1585 1586
f 1587 1586 1588
f 1590 1589 1753
f 1590 1753 1754
f 1591 1755 1756
f 1591 1756 1592
f 1590 1754 1755
f 1590 1755 1591
f 1754 1753 1756
f 1754 1756 1755
f 1753 1589 1592
f 1753 1592 1756
f 1589 1590 1591
f 1589 1591 1592
f 1589 1593 1757
f 1589 1757 1753
f 1592 1756 1758
f 1592 1758 1594
f 1589 1753 1756
f 1589 1756 1592
f 1753 1757 1758
f 1753 1758 1756
f 1757 1593 1594
f 1757 1594 1758
f 1593 1589 1592
f 1593 1592 1594
f 1593 1595 1759
f 1593 1759 1757
f 1594 1758 1760
f 1594 1760 1596
f 1593 1757 1758
f 1593 1758 1594
f 1757 1759 1760
f 1757 1760 1758
f 1759 1595 1596
f 1759 1596 1760
f 1595 1593 1594
f 1595 1594 1596
f 1598 1597 1761
f 1598 1761 1762
f 1599 1763 1764
f 1599 1764 1600
f 1598 1762 1763
f 1598 1763 1599
f 1762 1761 1764
f 1762 1764 1763
f 1761 1597 1600
f 1761 1600 1764
f 1597 1598 1599
f 1597 1599 1600
f 1597 1601 1765
f 1597 1765 1761
f 1600 1764 1766
f 1600 1766 1602
f 1597 1761 1764
f 1597 1764 1600
f 1761 1765 1766
f 1761 1766 1764
f 1765 1601 1602
f 1765 1602 1766
f 1601 1597 1600
f 1601 1600 1602
f 1601 1603 1767
f 1601 1767 1765
f 1602 1766 1768
f 1602 1768 1604
f 1601 1765 1766
f 1601 1766 1602
f 1765 1767 1768
f 1765 1768 1766
f 1767 1603 1604
f 1767 1604 1768
f 1603 1601 1602
f 1603 1602 1604
f 1606 1605 1769
f 1606 1769 1770
f 1607 1771 1772
f 1607 1772 1608
f 1606 1770 1771
f 1606 1771 1607
f 1770 1769 1772
f 1770 1772 1771
f 1769 1605 1608
f 1769 1608 1772
f 1605 1606 1607
f 1605 1607 1608
f 1610 1609 1773
f 1610 1773 1774
f 1611 1775 1776
f 1611 1776 1612
f 1610 1774 1775
f 1610 1775 1611
f 1774 1773 1776
f 1774 1776 1775
f 1773 1609 1612
f 1773 1612 1776
f 1609 1610 1611
f 1609 1611 1612
f 1614 1613 1777
f 1614 1777 1778
f 1615 1779 1780
f 1615 1780 1616
f 1614 1778 1779
f 1614 1779 1615
f 1778 1777 1780
f 1778 1780 1779
f 1777 1613 1616
f 1777 1616 1780
f 1613 1614 1615
f 1613 1615 1616
f 1618 1617 1781
f 1618 1781 1782
f 1619 1783 1784
f 1619 1784 1620
f 1618 1782 1783
f 1618 1783 1619
f 1782 1781 1784
f 1782 1784 1783
f 1781 1617 1620
f 1781 1620 1784
f 1617 1618 1619
f 1617 1619 1620
f 1622 1621 1785
f 1622 1785 1786
f 1623 1787 1788
f 1623 1788 1624
f 1622 1786 1787
f 1622 1787 1623
f 1786 1785 1788
f 1786 1788 1787
f 1785 1621 1624
f 1785 1624 1788
f 1621 1622 1623
f 1621 1623 1624
f 1626 1625 1789
f 1626 1789 1790
f 1627 1791 1792
f 1627 1792 1628
f 1626 1790 1791
f 1626 1791 1627
f 1790 1789 1792
f 1790 1792 1791
f 1789 1625 1628
f 1789 1628 1792
f 1625 1626 1627
f 1625 1627 1628
f 1630 1629 1793
f 1630 1793 1794
f 1631 1795 1796
f 1631 1796 1632
f 1630 1794 1795
f 1630 1795 1631
f 1794 1793 1796
f 1794 1796 1795
f 1793 1629 1632
f 1793 1632 1796
f 1629 1630 1631
f 1629 1631 1632
f 1634 1633 1797
f 1634 1797 1798
f 1635 1799 1800
f 1635 1800 1636
f 1634 1798 1799
f 1634 1799 1635
f 1798 1797 1800
f 1798 1800 1799
f 1797 1633 1636
f 1797 1636 1800
f 1633 1634 1635
f 1633 1635 1636
f 1638 1637 1801
f 1638 1801 1802
f 1639 1803 1804
f 1639 1804 1640
f 1638 1802 1803
f 1638 1803 1639
f 1802 1801 1804
f 1802 1804 1803
f 1801 1637 1640
f 1801 1640 1804
f 1637 1638 1639
f 1637 1639 1640
f 1642 1641 1805
f 1642 1805 1806
f 1643 1807 1808
f 1643 1808 1644
f 1642 1806 1807
f 1642 1807 1643
f 1806 1805 1808
f 1806 1808 1807
f 1805 1641 1644
f 1805 1644 1808
f 1641 1642 1643
f 1641 1643 1644
f 1646 1645 1809
f 1646 1809 1810
f 1647 1811 1812
f 1647 1812 1648
f 1646 1810 1811
f 1646 1811 1647
f 1810 1809 1812
f 1810 1812 1811
f 1809 1645 1648
f 1809 1648 1812
f 1645 1646 1647
f 1645 1647 1648
f 1650 1649 1813
f 1650 1813 1814
f 1651 1815 1816
f 1651 1816 1652
f 1650 1814 1815
f 1650 1815 1651
f 1814 1813 1816
f 1814 1816 1815
f 1813 1649 1652
f 1813 1652 1816
f 1649 1650 1651
f 1649 1651 1652
f 1654 1653 1817
f 1654 1817 1818
f 1655 1819 1820
f 1655 1820 1656
f 1654 1818 1819
f 1654 1819 1655
f 1818 1817 1820
f 1818 1820 1819
f 1817 1653 1656
f 1817 1656 1820
f 1653 1654 1655
f 1653 1655 1656
f 1658 1657 1821
f 1658 1821 1822
f 1659 1823 1824
f 1659 1824 1660
f 1658 1822 1823
f 1658 1823 1659
f 1822 1821 1824
f 1822 1824 1823
f 1821 1657 1660
f 1821 1660 1824
f 1657 1658 1659
f 1657 1659 1660
f 1662 1661 1825
f 1662 1825 1826
f 1663 1827 1828
f 1663 1828 1664
f 1662 1826 1827
f 1662 1827 1663
f 1826 1825 1828
f 1826 1828 1827
f 1825 1661 1664
f 1825 1664 1828
f 1661 1662 1663
f 1661 1663 1664
f 1666 1665 1829
f 1666 1829 1830
f 1667 1831 1832
f 1667 1832 1668
f 1666 1830 1831
f 1666 1831 1667
f 1830 1829 1832
f 1830 1832 1831
f 1829 1665 1668
f 1829 1668 1832
f 1665 1666 1667
f 1665 1667 1668
f 1670 1669 1833
f 1670 1833 1834
f 1671 1835 1836
f 1671 1836 1672
f 1670 1834 1835
f 1670 1835 1671
f 1834 1833 1836
f 1834 1836 1835
f 1833 1669 1672
f 1833 1672 1836
f 1669 1670 1671
f 1669 1671 1672
f 1674 1673 1837
f 1674 1837 1838
f 1675 1839 1840
f 1675 1840 1676
f 1674 1838 1839
f 1674 1839 1675
f 1838 1837 1840
f 1838 1840 1839
f 1837 1673 1676
f 1837 1676 1840
f 1673 1674 1675
f 1673 1675 1676
f 1678 1677 1841
f 1678 1841 1842
f 1679 1843 1844
f 1679 1844 1680
f 1678 1842 1843
f 1678 1843 1679
f 1842 1841 1844
f 1842 1844 1843
f 1841 1677 1680
f 1841 1680 1844
f 1677 1678 1679
f 1677 1679 1680
f 1682 1681 1845
f 1682 1845 1846
f 1683 1847 1848
f 1683 1848 1684
f 1682 1846 1847
f 1682 1847 1683
f 1846 1845 1848
f 1846 1848 1847
f 1845 1681 1684
f 1845 1684 1848
f 1681 1682 1683
f 1681 1683 1684
f 1686 1685 1849
f 1686 1849 1850
f 1687 1851 1852
f 1687 1852 1688
f 1686 1850 1851
f 1686 1851 1687
f 1850 1849 1852
f 1850 1852 1851
f 1849 1685 1688
f 1849 1688 1852
f 1685 1686 1687
f 1685 1687 1688
f 1690 1689 1853
f 1690 1853 1854
f 1691 1855 1856
f 1691 1856 1692
f 1690 1854 1855
f 1690 1855 1691
f 1854 1853 1856
f 1854 1856 1855
f 1853 1689 1692
f 1853 1692 1856
f 1689 1690 1691
f 1689 1691 1692
f 1694 1693 1857
f 1694 1857 1858
f 1695 1859 1860
f 1695 1860 1696
f 1694 1858 1859
f 1694 1859 1695
f 1858 1857 1860
f 1858 1860 1859
f 1857 1693 1696
f 1857 1696 1860
f 1693 1694 1695
f 1693 1695 1696
f 1861 1862 1863
f 1861 1863 1864
f 1865 1866 1867
f 1865 1867 1868
f 1861 1864 1866
f 1861 1866 1865
f 1864 1863 1867
f 1864 1867 1866
f 1863 1862 1868
f 1863 1868 1867
f 1862 1861 1865
f 1862 1865 1868
f 1869 1870 1871
f 1869 1871 1872
f 1873 1874 1875
f 1873 1875 1876
f 1869 1872 1874
f 1869 1874 1873
f 1872 1871 1875
f 1872 1875 1874
f 1871 1870 1876
f 1871 1876 1875
f 1870 1869 1873
f 1870 1873 1876
f 1698 1697 1877
f 1698 1877 1878
f 1699 1879 1880
f 1699 1880 1700
f 1698 1878 1879
f 1698 1879 1699
f 1878 1877 1880
f 1878 1880 1879
f 1877 1697 1700
f 1877 1700 1880
f 1697 1698 1699
f 1697 1699 1700
f 1702 1701 1881
f 1702 1881 1882
f 1703 1883 1884
f 1703 1884 1704
f 1702 1882 1883
f 1702 1883 1703
f 1882 1881 1884
f 1882 1884 1883
f 1881 1701 1704
f 1881 1704 1884
f 1701 1702 1703
f 1701 1703 1704
f 1706 1705 1885
f 1706 1885 1886
f 1707 1887 1888
f 1707 1888 1708
f 1706 1886 1887
f 1706 1887 1707
f 1886 1885 1888
f 1886 1888 1887
f 1885 1705 1708
f 1885 1708 1888
f 1705 1706 1707
f 1705 1707 1708
f 1710 1709 1889
f 1710 1889 1890
f 1711 1891 1892
f 1711 1892 1712
f 1710 1890 1891
f 1710 1891 1711
f 1890 1889 1892
f 1890 1892 1891
f 1889 1709 1712
f 1889 1712 1892
f 1709 1710 1711
f 1709 1711 1712
f 1714 1713 1893
f 1714 1893 1894
f 1715 1895 1896
f 1715 1896 1716
f 1714 1894 1895
f 1714 1895 1715
f 1894 1893 1896
f 1894 1896 1895
f 1893 1713 1716
f 1893 1716 1896
f 1713 1714 1715
f 1713 1715 1716
f 1718 1717 1897
f 1718 1897 1898
f 1719 1899 1900
f 1719 1900 1720
f 1718 1898 1899
f 1718 1899 1719
f 1898 1897 1900
f 1898 1900 1899
f 1897 1717 1720
f 1897 1720 1900
f 1717 1718 1719
f 1717 1719 1720
f 1722 1721 1901
f 1722 1901 1902
f 1723 1903 1904
f 1723 1904 1724
f 1722 1902 1903
f 1722 1903 1723
f 1902 1901 1904
f 1902 1904 1903
f 1901 1721 1724
f 1901 1724 1904
f 1721 1722 1723
f 1721 1723 1724
f 1721 1725 1905
f 1721 1905 1901
f 1724 1904 1906
f 1724 1906 1726
f 1721 1901 1904
f 1721 1904 1724
f 1901 1905 1906
f 1901 1906 1904
f 1905 1725 1726
f 1905 1726 1906
f 1725 1721 1724
f 1725 1724 1726
f 1725 1727 1907
f 1725 1907 1905
f 1726 1906 1908
f 1726 1908 1728
f 1725 1905 1906
f 1725 1906 1726
f 1905 1907 1908
f 1905 1908 1906
f 1907 1727 1728
f 1907 1728 1908
f 1727 1725 1726
f 1727 1726 1728
f 1730 1729 1909
f 1730 1909 1910
f 1731 1911 1912
f 1731 1912 1732
f 1730 1910 1911
f 1730 1911 1731
f 1910 1909 1912
f 1910 1912 1911
f 1909 1729 1732
f 1909 1732 1912
f 1729 1730 1731
f 1729 1731 1732
f 1734 1733 1913
f 1734 1913 1914
f 1735 1915 1916
f 1735 1916 1736
f 1734 1914 1915
f 1734 1915 1735
f 1914 1913 1916
f 1914 1916 1915
f 1913 1733 1736
f 1913 1736 1916
f 1733 1734 1735
f 1733 1735 1736
f 1733 1737 1917
f 1733 1917 1913
f 1736 1916 1918
f 1736 1918 1738
f 1733 1913 1916
f 1733 1916 1736
f 1913 1917 1918
f 1913 1918 1916
f 1917 1737 1738
f 1917 1738 1918
f 1737 1733 1736
f 1737 1736 1738
f 1740 1739 1919
f 1740 1919 1920
f 1741 1921 1922
f 1741 1922 1742
f 1740 1920 1921
f 1740 1921 1741
f 1920 1919 1922
f 1920 1922 1921
f 1919 1739 1742
f 1919 1742 1922
f 1739 1740 1741
f 1739 1741 1742
f 1739 1743 1923
f 1739 1923 1919
f 1742 1922 1924
f 1742 1924 1744
f 1739 1919 1922
f 1739 1922 1742
f 1919 1923 1924
f 1919 1924 1922
f 1923 1743 1744
f 1923 1744 1924
f 1743 1739 1742
f 1743 1742 1744
f 1746 1745 1925
f 1746 1925 1926
f 1747 1927 1928
f 1747 1928 1748
f 1746 1926 1927
f 1746 1927 1747
f 1926 1925 1928
f 1926 1928 1927
f 1925 1745 1748
f 1925 1748 1928
f 1745 1746 1747
f 1745 1747 1748
f 1745 1749 1929
f 1745 1929 1925
f 1748 1928 1930
f 1748 1930 1750
f 1745 1925 1928
f 1745 1928 1748
f 1925 1929 1930
f 1925 1930 1928
f 1929 1749 1750
f 1929 1750 1930
f 1749 1745 1748
f 1749 1748 1750
f 1749 1751 1931
f 1749 1931 1929
f 1750 1930 1932
f 1750 1932 1752
f 1749 1929 1930
f 1749 1930 1750
f 1929 1931 1932
f 1929 1932 1930
f 1931 1751 1752
f 1931 1752 1932
f 1751 1749 1750
f 1751 1750 1752
f 1754 1753 1933
f 1754 1933 1934
f 1755 1935 1936
f 1755 1936 1756
f 1754 1934 1935
f 1754 1935 1755
f 1934 1933 1936
f 1934 1936 1935
f 1933 1753 1756
f 1933 1756 1936
f 1753 1754 1755
f 1753 1755 1756
f 1753 1757 1937
f 1753 1937 1933
f 1756 1936 1938
f 1756 1938 1758
f 1753 1933 1936
f 1753 1936 1756
f 1933 1937 1938
f 1933 1938 1936
f 1937 1757 1758
f 1937 1758 1938
f 1757 1753 1756
f 1757 1756 1758
f 1757 1759 1939
f 1757 1939 1937
f 1758 1938 1940
f 1758 1940 1760
f 1757 1937 1938
f 1757 1938 1758
f 1937 1939 1940
f 1937 1940 1938
f 1939 1759 1760
f 1939 1760 1940
f 1759 1757 1758
f 1759 1758 1760
f 1762 1761 1941
f 1762 1941 1942
f 1763 1943 1944
f 1763 1944 1764
f 1762 1942 1943
f 1762 1943 1763
f 1942 1941 1944
f 1942 1944 1943
f 1941 1761 1764
f 1941 1764 1944
f 1761 1762 1763
f 1761 1763 1764
f 1761 1765 1945
f 1761 1945 1941
f 1764 1944 1946
f 1764 1946 1766
f 1761 1941 1944
f 1761 1944 1764
f 1941 1945 1946
f 1941 1946 1944
f 1945 1765 1766
f 1945 1766 1946
f 1765 1761 1764
f 1765 1764 1766
f 1765 1767 1947
f 1765 1947 1945
f 1766 1946 1948
f 1766 1948 1768
f 1765 1945 1946
f 1765 1946 1766
f 1945 1947 1948
f 1945 1948 1946
f 1947 1767 1768
f 1947 1768 1948
f 1767 1765 1766
f 1767 1766 1768
f 1770 1769 1949
f 1770 1949 1950
f 1771 1951 1952
f 1771 1952 1772
f 1770 1950 1951
f 1770 1951 1771
f 1950 1949 1952
f 1950 1952 1951
f 1949 1769 1772
f 1949 1772 1952
f 1769 1770 1771
f 1769 1771 1772
f 1774 1773 1953
f 1774 1953 1954
f 1775 1955 1956
f 1775 1956 1776
f 1774 1954 1955
f 1774 1955 1775
f 1954 1953 1956
f 1954 1956 1955
f 1953 1773 1776
f 1953 1776 1956
f 1773 1774 1775
f 1773 1775 1776
f 1778 1777 1957
f 1778 1957 1958
f 1779 1959 1960
f 1779 1960 1780
f 1778 1958 1959
f 1778 1959 1779
f 1958 1957 1960
f 1958 1960 1959
f 1957 1777 1780
f 1957 1780 1960
f 1777 1778 1779
f 1777 1779 1780
f 1782 1781 1961
f 1782 1961 1962
f 1783 1963 1964
f 1783 1964 1784
f 1782 1962 1963
f 1782 1963 1783
f 1962 1961 1964
f 1962 1964 1963
f 1961 1781 1784
f 1961 1784 1964
f 1781 1782 1783
f 1781 1783 1784
f 1786 1785 1965
f 1786 1965 1966
f 1787 1967 1968
f 1787 1968 1788
f 1786 1966 1967
f 1786 1967 1787
f 1966 1965 1968
f 1966 1968 1967
f 1965 1785 1788
f 1965 1788 1968
f 1785 1786 1787
f 1785 1787 1788
f 1790 1789 1969
f 1790 1969 1970
f 1791 1971 1972
f 1791 1972 1792
f 1790 1970 1971
f 1790 1971 1791
f 1970 1969 1972
f 1970 1972 1971
f 1969 1789 1792
f 1969 1792 1972
f 1789 1790 1791
f 1789 1791 1792
f 1794 1793 1973
f 1794 1973 1974
f 1795 1975 1976
f 1795 1976 1796
f 1794 1974 1975
f 1794 1975 1795
f 1974 1973 1976
f 1974 1976 1975
f 1973 1793 1796
f 1973 1796 1976
f 1793 1794 1795
f 1793 1795 1796
f 1798 1797 1977
f 1798 1977 1978
f 1799 1979 1980
f 1799 1980 1800
f 1798 1978 1979
f 1798 1979 1799
f 1978 1977 1980
f 1978 1980 1979
f 1977 1797 1800
f 1977 1800 1980
f 1797 1798 1799
f 1797 1799 1800
f 1802 1801 1981
f 1802 1981 1982
f 1803 1983 1984
f 1803 1984 1804
f 1802 1982 1983
f 1802 1983 1803
f 1982 1981 1984
f 1982 1984 1983
f 1981 1801 1804
f 1981 1804 1984
f 1801 1802 1803
f 1801 1803 1804
f 1806 1805 1985
f 1806 1985 1986
f 1807 1987 1988
f 1807 1988 1808
f 1806 1986 1987
f 1806 1987 1807
f 1986 1985 1988
f 1986 1988 1987
f 1985 1805 1808
f 1985 1808 1988
f 1805 1806 1807
f 1805 1807 1808
f 1810 1809 1989
f 1810 1989 1990
f 1811 1991 1992
f 1811 1992 1812
f 1810 1990 1991
f 1810 1991 1811
f 1990 1989 1992
f 1990 1992 1991
f 1989 1809 1812
f 1989 1812 1992
f 1809 1810 1811
f 1809 1811 1812
f 1814 1813 1993
f 1814 1993 1994
f 1815 1995 1996
f 1815 1996 1816
f 1814 1994 1995
f 1814 1995 1815
f 1994 1993 1996
f 1994 1996 1995
f 1993 1813 1816
f 1993 1816 1996
f 1813 1814 1815
f 1813 1815 1816
f 1818 1817 1997
f 1818 1997 1998
f 1819 1999 2000
f 1819 2000 1820
f 1818 1998 1999
f 1818 1999 1819
f 1998 1997 2000
f 1998 2000 1999
f 1997 1817 1820
f 1997 1820 2000
f 1817 1818 1819
f 1817 1819 1820
f 1822 1821 2001
f 1822 2001 2002
f 1823 2003 2004
f 1823 2004 1824
f 1822 2002 2003
f 1822 2003 1823
f 2002 2001 2004
f 2002 2004 2003
f 2001 1821 1824
f 2001 1824 2004
f 1821 1822 1823
f 1821 1823 1824
f 1826 1825 2005
f 1826 2005 2006
f 1827 2007 2008
f 1827 2008 1828
f 1826 2006 2007
f 1826 2007 1827
f 2006 2005 2008
f 2006 2008 2007
f 2005 1825 1828
f 2005 1828 2008
f 1825 1826 1827
f 1825 1827 1828
f 1830 1829 2009
f 1830 2009 2010
f 1831 2011 2012
f 1831 2012 1832
f 1830 2010 2011
f 1830 2011 1831
f 2010 2009 2012
f 2010 2012 2011
f 2009 1829 1832
f 2009 1832 2012
f 1829 1830 1831
f 1829 1831 1832
f 1834 1833 2013
f 1834 2013 2014
f 1835 2015 2016
f 1835 2016 1836
f 1834 2014 2015
f 1834 2015 1835
f 2014 2013 2016
f 2014 2016 2015
f 2013 1833 1836
f 2013 1836 2016
f 1833 1834 1835
f 1833 1835 1836
f 1838 1837 2017
f 1838 2017 2018
f 1839 2019 2020
f 1839 2020 1840
f 1838 2018 2019
f 1838 2019 1839
f 2018 2017 2020
f 2018 2020 2019
f 2017 1837 1840
f 2017 1840 2020
f 1837 1838 1839
f 1837 1839 1840
f 1842 1841 2021
f 1842 2021 2022
f 1843 2023 2024
f 1843 2024 1844
f 1842 2022 2023
f 1842 2023 1843
f 2022 2021 2024
f 2022 2024 2023
f 2021 1841 1844
f 2021 1844 2024
f 1841 1842 1843
f 1841 1843 1844
f 1846 1845 2025
f 1846 2025 2026
f 1847 2027 2028
f 1847 2028 1848
f 1846 2026 2027
f 1846 2027 1847
f 2026 2025 2028
f 2026 2028 2027
f 2025 1845 1848
f 2025 1848 2028
f 1845 1846 1847
f 1845 1847 1848
f 1850 1849 2029
f 1850 2029 2030
f 1851 2031 2032
f 1851 2032 1852
f 1850 2030 2031
f 1850 2031 1851
f 2030 2029 2032
f 2030 2032 2031
f 2029 1849 1852
f 2029 1852 2032
f 1849 1850 1851
f 1849 1851 1852
f 1854 1853 2033
f 1854 2033 2034
f 1855 2035 2036
f 1855 2036 1856
f 1854 2034 2035
f 1854 2035 1855
f 2034 2033 2036
f 2034 2036 2035
f 2033 1853 1856
f 2033 1856 2036
f 1853 1854 1855
f 1853 1855 1856
f 1858 1857 2037
f 1858 2037 2038
f 1859 2039 2040
f 1859 2040 1860
f 1858 2038 2039
f 1858 2039 1859
f 2038 2037 2040
f 2038 2040 2039
f 2037 1857 1860
f 2037 1860 2040
f 1857 1858 1859
f 1857 1859 1860
f 1864 1863 2041
f 1864 2041 2042
f 1866 2043 2044
f 1866 2044 1867
f 1864 2042 2043
f 1864 2043 1866
f 2042 2041 2044
f 2042 2044 2043
f 2041 1863 1867
f 2041 1867 2044
f 1863 1864 1866
f 1863 1866 1867
f 2045 2046 2047
f 2045 2047 2048
f 2049 2050 2051
f 2049 2051 2052
f 2045 2048 2050
f 2045 2050 2049
f 2048 2047 2051
f 2048 2051 2050
f 2047 2046 2052
f 2047 2052 2051
f 2046 2045 2049
f 2046 2049 2052
f 1872 1871 2053
f 1872 2053 2054
f 1874 2055 2056
f 1874 2056 1875
f 1872 2054 2055
f 1872 2055 1874
f 2054 2053 2056
f 2054 2056 2055
f 2053 1871 1875
f 2053 1875 2056
f 1871 1872 1874
f 1871 1874 1875
f 1878 1877 2057
f 1878 2057 2058
f 1879 2059 2060
f 1879 2060 1880
f 1878 2058 2059
f 1878 2059 1879
f 2058 2057 2060
f 2058 2060 2059
f 2057 1877 1880
f 2057 1880 2060
f 1877 1878 1879
f 1877 1879 1880
f 1882 1881 2061
f 1882 2061 2062
f 1883 2063 2064
f 1883 2064 1884
f 1882 2062 2063
f 1882 2063 1883
f 2062 2061 2064
f 2062 2064 2063
f 2061 1881 1884
f 2061 1884 2064
f 1881 1882 1883
f 1881 1883 1884
f 1886 1885 2065
f 1886 2065 2066
f 1887 2067 2068
f 1887 2068 1888
f 1886 2066 2067
f 1886 2067 1887
f 2066 2065 2068
f 2066 2068 2067
f 2065 1885 1888
f 2065 1888 2068
f 1885 1886 1887
f 1885 1887 1888
f 1890 1889 2069
f 1890 2069 2070
f 1891 2071 2072
f 1891 2072 1892
f 1890 2070 2071
f 1890 2071 1891
f 2070 2069 2072
f 2070 2072 2071
f 2069 1889 1892
f 2069 1892 2072
f 1889 1890 1891
f 1889 1891 1892
f 1894 1893 2073
f 1894 2073 2074
f 1895 2075 2076
f 1895 2076 1896
f 1894 2074 2075
f 1894 2075 1895
f 2074 2073 2076
f 2074 2076 2075
f 2073 1893 1896
f 2073 1896 2076
f 1893 1894 1895
f 1893 1895 1896
f 1898 1897 2077
f 1898 2077 2078
f 1899 2079 2080
f 1899 2080 1900
f 1898 2078 2079
f 1898 2079 1899
f 2078 2077 2080
f 2078 2080 2079
f 2077 1897 1900
f 2077 1900 2080
f 1897 1898 1899
f 1897 1899 1900
f 1902 1901 2081
f 1902 2081 2082
f 1903 2083 2084
f 1903 2084 1904
f 1902 2082 2083
f 1902 2083 1903
f 2082 2081 2084
f 2082 2084 2083
f 2081 1901 1904
f 2081 1904 2084
f 1901 1902 1903
f 1901 1903 1904
f 1901 1905 2085
f 1901 2085 2081
f 1904 2084 2086
f 1904 2086 1906
f 1901 2081 2084
f 1901 2084 1904
f 2081 2085 2086
f 2081 2086 2084
f 2085 1905 1906
f 2085 1906 2086
f 1905 1901 1904
f 1905 1904 1906
f 1905 1907 2087
f 1905 2087 2085
f 1906 2086 2088
f 1906 2088 1908
f 1905 2085 2086
f 1905 2086 1906
f 2085 2087 2088
f 2085 2088 2086
f 2087 1907 1908
f 2087 1908 2088
f 1907 1905 1906
f 1907 1906 1908
f 1910 1909 2089
f 1910 2089 2090
f 1911 2091 2092
f 1911 2092 1912
f 1910 2090 2091
f 1910 2091 1911
f 2090 2089 2092
f 2090 2092 2091
f 2089 1909 1912
f 2089 1912 2092
f 1909 1910 1911
f 1909 1911 1912
f 1914 1913 2093
f 1914 2093 2094
f 1915 2095 2096
f 1915 2096 1916
f 1914 2094 2095
f 1914 2095 1915
f 2094 2093 2096
f 2094 2096 2095
f 2093 1913 1916
f 2093 1916 2096
f 1913 1914 1915
f 1913 1915 1916
f 1913 1917 2097
f 1913 2097 2093
f 1916 2096 2098
f 1916 2098 1918
f 1913 2093 2096
f 1913 2096 1916
f 2093 2097 2098
f 2093 2098 2096
f 2097 1917 1918
f 2097 1918 2098
f 1917 1913 1916
f 1917 1916 1918
f 1920 1919 2099
f 1920 2099 2100
f 1921 2101 2102
f 1921 2102 1922
f 1920 2100 2101
f 1920 2101 1921
f 2100 2099 2102
f 2100 2102 2101
f 2099 1919 1922
f 2099 1922 2102
f 1919 1920 1921
f 1919 1921 1922
f 1919 1923 2103
f 1919 2103 2099
f 1922 2102 2104
f 1922 2104 1924
f 1919 2099 2102
f 1919 2102 1922
f 2099 2103 2104
f 2099 2104 2102
f 2103 1923 1924
f 2103 1924 2104
f 1923 1919 1922
f 1923 1922 1924
f 1926 1925 2105
f 1926 2105 2106
f 1927 2107 2108
f 1927 2108 1928
f 1926 2106 2107
f 1926 2107 1927
f 2106 2105 2108
f 2106 2108 2107
f 2105 1925 1928
f 2105 1928 2108
f 1925 1926 1927
f 1925 1927 1928
f 1925 1929 2109
f 1925 2109 2105
f 1928 2108 2110
f 1928 2110 1930
f 1925 2105 2108
f 1925 2108 1928
f 2105 2109 2110
f 2105 2110 2108
f 2109 1929 1930
f 2109 1930 2110
f 1929 1925 1928
f 1929 1928 1930
f 1929 1931 2111
f 1929 2111 2109
f 1930 2110 2112
f 1930 2112 1932
f 1929 2109 2110
f 1929 2110 1930
f 2109 2111 2112
f 2109 2112 2110
f 2111 1931 1932
f 2111 1932 2112
f 1931 1929 1930
f 1931 1930 1932
f 1934 1933 2113
f 1934 2113 2114
f 1935 2115 2116
f 1935 2116 1936
f 1934 2114 2115
f 1934 2115 1935
f 2114 2113 2116
f 2114 2116 2115
f 2113 1933 1936
f 2113 1936 2116
f 1933 1934 1935
f 1933 1935 1936
f 1933 1937 2117
f 1933 2117 2113
f 1936 2116 2118
f 1936 2118 1938
f 1933 2113 2116
f 1933 2116 1936
f 2113 2117 2118
f 2113 2118 2116
f 2117 1937 1938
f 2117 1938 2118
f 1937 1933 1936
f 1937 1936 1938
f 1937 1939 2119
f 1937 2119 2117
f 1938 2118 2120
f 1938 2120 1940
f 1937 2117 2118
f 1937 2118 1938
f 2117 2119 2120
f 2117 2120 2118
f 2119 1939 1940
f 2119 1940 2120
f 1939 1937 1938
f 1939 1938 1940
f 1942 1941 2121
f 1942 2121 2122
f 1943 2123 2124
f 1943 2124 1944
f 1942 2122 2123
f 1942 2123 1943
f 2122 2121 2124
f 2122 2124 2123
f 2121 1941 1944
f 2121 1944 2124
f 1941 1942 1943
f 1941 1943 1944
f 1941 1945 2125
f 1941 2125 2121
f 1944 2124 2126
f 1944 2126 1946
f 1941 2121 2124
f 1941 2124 1944
f 2121 2125 2126
f 2121 2126 2124
f 2125 1945 1946
f 2125 1946 2126
f 1945 1941 1944
f 1945 1944 1946
f 1945 1947 2127
f 1945 2127 2125
f 1946 2126 2128
f 1946 2128 1948
f 1945 2125 2126
f 1945 2126 1946
f 2125 2127 2128
f 2125 2128 2126
f 2127 1947 1948
f 2127 1948 2128
f 1947 1945 1946
f 1947 1946 1948
f 1950 1949 2129
f 1950 2129 2130
f 1951 2131 2132
f 1951 2132 1952
f 1950 2130 2131
f 1950 2131 1951
f 2130 2129 2132
f 2130 2132 2131
f 2129 1949 1952
f 2129 1952 2132
f 1949 1950 1951
f 1949 1951 1952
f 1954 1953 2133
f 1954 2133 2134
f 1955 2135 2136
f 1955 2136 1956
f 1954 2134 2135
f 1954 2135 1955
f 2134 2133 2136
f 2134 2136 2135
f 2133 1953 1956
f 2133 1956 2136
f 1953 1954 1955
f 1953 1955 1956
f 1958 1957 2137
f 1958 2137 2138
f 1959 2139 2140
f 1959 2140 1960
f 1958 2138 2139
f 1958 2139 1959
f 2138 2137 2140
f 2138 2140 2139
f 2137 1957 1960
f 2137 1960 2140
f 1957 1958 1959
f 1957 1959 1960
f 1962 1961 2141
f 1962 2141 2142
f 1963 2143 2144
f 1963 2144 1964
f 1962 2142 2143
f 1962 2143 1963
f 2142 2141 2144
f 2142 2144 2143
f 2141 1961 1964
f 2141 1964 2144
f 1961 1962 1963
f 1961 1963 1964
f 1966 1965 2145
f 1966 2145 2146
f 1967 2147 2148
f 1967 2148 1968
f 1966 2146 2147
f 1966 2147 1967
f 2146 2145 2148
f 2146 2148 2147
f 2145 1965 1968
f 2145 1968 2148
f 1965 1966 1967
f 1965 1967 1968
f 1970 1969 2149
f 1970 2149 2150
f 1971 2151 2152
f 1971 2152 1972
f 1970 2150 2151
f 1970 2151 1971
f 2150 2149 2152
f 2150 2152 2151
f 2149 1969 1972
f 2149 1972 2152
f 1969 1970 1971
f 1969 1971 1972
f 1974 1973 2153
f 1974 2153 2154
f 1975 2155 2156
f 1975 2156 1976
f 1974 2154 2155
f 1974 2155 1975
f 2154 2153 2156
f 2154 2156 2155
f 2153 1973 1976
f 2153 1976 2156
f 1973 1974 1975
f 1973 1975 1976
f 1978 1977 2157
f 1978 2157 2158
f 1979 2159 2160
f 1979 2160 1980
f 1978 2158 2159
f 1978 2159 1979
f 2158 2157 2160
f 2158 2160 2159
f 2157 1977 1980
f 2157 1980 2160
f 1977 1978 1979
f 1977 1979 1980
f 1982 1981 2161
f 1982 2161 2162
f 1983 2163 2164
f 1983 2164 1984
f 1982 2162 2163
f 1982 2163 1983
f 2162 2161 2164
f 2162 2164 2163
f 2161 1981 1984
f 2161 1984 2164
f 1981 1982 1983
f 1981 1983 1984
f 1986 1985 2165
f 1986 2165 2166
f 1987 2167 2168
f 1987 2168 1988
f 1986 2166 2167
f 1986 2167 1987
f 2166 2165 2168
f 2166 2168 2167
f 2165 1985 1988
f 2165 1988 2168
f 1985 1986 1987
f 1985 1987 1988
f 1990 1989 2169
f 1990 2169 2170
f 1991 2171 2172
f 1991 2172 1992
f 1990 2170 2171
f 1990 2171 1991
f 2170 2169 2172
f 2170 2172 2171
f 2169 1989 1992
f 2169 1992 2172
f 1989 1990 1991
f 1989 1991 1992
f 1994 1993 2173
f 1994 2173 2174
f 1995 2175 2176
f 1995 2176 1996
f 1994 2174 2175
f 1994 2175 1995
f 2174 2173 2176
f 2174 2176 2175
f 2173 1993 1996
f 2173 1996 2176
f 1993 1994 1995
f 1993 1995 1996
f 1998 1997 2177
f 1998 2177 2178
f 1999 2179 2180
f 1999 2180 2000
f 1998 2178 2179
f 1998 2179 1999
f 2178 2177 2180
f 2178 2180 2179
f 2177 1997 2000
f 2177 2000 2180
f 1997 1998 1999
f 1997 1999 2000
f 2002 2001 2181
f 2002 2181 2182
f 2003 2183 2184
f 2003 2184 2004
f 2002 2182 2183
f 2002 2183 2003
f 2182 2181 2184
f 2182 2184 2183
f 2181 2001 2004
f 2181 2004 2184
f 2001 2002 2003
f 2001 2003 2004
f 2006 2005 2185
f 2006 2185 2186
f 2007 2187 2188
f 2007 2188 2008
f 2006 2186 2187
f 2006 2187 2007
f 2186 2185 2188
f 2186 2188 2187
f 2185 2005 2008
f 2185 2008 2188
f 2005 2006 2007
f 2005 2007 2008
f 2010 2009 2189
f 2010 2189 2190
f 2011 2191 2192
f 2011 2192 2012
f 2010 2190 2191
f 2010 2191 2011
f 2190 2189 2192
f 2190 2192 2191
f 2189 2009 2012
f 2189 2012 2192
f 2009 2010 2011
f 2009 2011 2012
f 2014 2013 2193
f 2014 2193 2194
f 2015 2195 2196
f 2015 2196 2016
f 2014 2194 2195
f 2014 2195 2015
f 2194 2193 2196
f 2194 2196 2195
f 2193 2013 2016
f 2193 2016 2196
f 2013 2014 2015
f 2013 2015 2016
f 2018 2017 2197
f 2018 2197 2198
f 2019 2199 2200
f 2019 2200 2020
f 2018 2198 2199
f 2018 2199 2019
f 2198 2197 2200
f 2198 2200 2199
f 2197 2017 2020
f 2197 2020 2200
f 2017 2018 2019
f 2017 2019 2020
f 2022 2021 2201
f 2022 2201 2202
f 2023 2203 2204
f 2023 2204 2024
f 2022 2202 2203
f 2022 2203 2023
f 2202 2201 2204
f 2202 2204 2203
f 2201 2021 2024
f 2201 2024 2204
f 2021 2022 2023
f 2021 2023 2024
f 2026 2025 2205
f 2026 2205 2206
f 2027 2207 2208
f 2027 2208 2028
f 2026 2206 2207
f 2026 2207 2027
f 2206 2205 2208
f 2206 2208 2207
f 2205 2025 2028
f 2205 2028 2208
f 2025 2026 2027
f 2025 2027 2028
f 2030 2029 2209
f 2030 2209 2210
f 2031 2211 2212
f 2031 2212 2032
f 2030 2210 2211
f 2030 2211 2031
f 2210 2209 2212
f 2210 2212 2211
f 2209 2029 2032
f 2209 2032 2212
f 2029 2030 2031
f 2029 2031 2032
f 2034 2033 2213
f 2034 2213 2214
f 2035 2215 2216
f 2035 2216 2036
f 2034 2214 2215
f 2034 2215 2035
f 2214 2213 2216
f 2214 2216 2215
f 2213 2033 2036
f 2213 2036 2216
f 2033 2034 2035
f 2033 2035 2036
f 2038 2037 2217
f 2038 2217 2218
f 2039 2219 2220
f 2039 2220 2040
f 2038 2218 2219
f 2038 2219 2039
f 2218 2217 2220
f 2218 2220 2219
f 2217 2037 2040
f 2217 2040 2220
f 2037 2038 2039
f 2037 2039 2040
f 2042 2041 2221
f 2042 2221 2222
f 2043 2223 2224
f 2043 2224 2044
f 2042 2222 2223
f 2042 2223 2043
f 2222 2221 2224
f 2222 2224 2223
f 2221 2041 2044
f 2221 2044 2224
f 2041 2042 2043
f 2041 2043 2044
f 2048 2047 2225
f 2048 2225 2226
f 2050 2227 2228
f 2050 2228 2051
f 2048 2226 2227
f 2048 2227 2050
f 2226 2225 2228
f 2226 2228 2227
f 2225 2047 2051
f 2225 2051 2228
f 2047 2048 2050
f 2047 2050 2051
f 2054 2053 2229
f 2054 2229 2230
f 2055 2231 2232
f 2055 2232 2056
f 2054 2230 2231
f 2054 2231 2055
f 2230 2229 2232
f 2230 2232 2231
f 2229 2053 2056
f 2229 2056 2232
f 2053 2054 2055
f 2053 2055 2056
f 2058 2057 2233
f 2058 2233 2234
f 2059 2235 2236
f 2059 2236 2060
f 2058 2234 2235
f 2058 2235 2059
f 2234 2233 2236
f 2234 2236 2235
f 2233 2057 2060
f 2233 2060 2236
f 2057 2058 2059
f 2057 2059 2060
f 2062 2061 2237
f 2062 2237 2238
f 2063 2239 2240
f 2063 2240 2064
f 2062 2238 2239
f 2062 2239 2063
f 2238 2237 2240
f 2238 2240 2239
f 2237 2061 2064
f 2237 2064 2240
f 2061 2062 2063
f 2061 2063 2064
f 2066 2065 2241
f 2066 2241 2242
f 2067 2243 2244
f 2067 2244 2068
f 2066 2242 2243
f 2066 2243 2067
f 2242 2241 2244
f 2242 2244 2243
f 2241 2065 2068
f 2241 2068 2244
f 2065 2066 2067
f 2065 2067 2068
f 2070 2069 2245
f 2070 2245 2246
f 2071 2247 2248
f 2071 2248 2072
f 2070 2246 2247
f 2070 2247 2071
f 2246 2245 2248
f 2246 2248 2247
f 2245 2069 2072
f 2245 2072 2248
f 2069 2070 2071
f 2069 2071 2072
f 2074 2073 2249
f 2074 2249 2250
f 2075 2251 2252
f 2075 2252 2076
f 2074 2250 2251
f 2074 2251 2075
f 2250 2249 2252
f 2250 2252 2251
f 2249 2073 2076
f 2249 2076 2252
f 2073 2074 2075
f 2073 2075 2076
f 2078 2077 2253
f 2078 2253 2254
f 2079 2255 2256
f 2079 2256 2080
f 2078 2254 2255
f 2078 2255 2079
f 2254 2253 2256
f 2254 2256 2255
f 2253 2077 2080
f 2253 2080 2256
f 2077 2078 2079
f 2077 2079 2080
f 2082 2081 2257
f 2082 2257 2258
f 2083 2259 2260
f 2083 2260 2084
f 2082 2258 2259
f 2082 2259 2083
f 2258 2257 2260
f 2258 2260 2259
f 2257 2081 2084
f 2257 2084 2260
f 2081 2082 2083
f 2081 2083 2084
f 2081 2085 2261
f 2081 2261 2257
f 2084 2260 2262
f 2084 2262 2086
f 2081 2257 2260
f 2081 2260 2084
f 2257 2261 2262
f 2257 2262 2260
f 2261 2085 2086
f 2261 2086 2262
f 2085 2081 2084
f 2085 2084 2086
f 2085 2087 2263
f 2085 2263 2261
f 2086 2262 2264
f 2086 2264 2088
f 2085 2261 2262
f 2085 2262 2086
f 2261 2263 2264
f 2261 2264 2262
f 2263 2087 2088
f 2263 2088 2264
f 2087 2085 2086
f 2087 2086 2088
f 2090 2089 2265
f 2090 2265 2266
f 2091 2267 2268
f 2091 2268 2092
f 2090 2266 2267
f 2090 2267 2091
f 2266 2265 2268
f 2266 2268 2267
f 2265 2089 2092
f 2265 2092 2268
f 2089 2090 2091
f 2089 2091 2092
f 2094 2093 2269
f 2094 2269 2270
f 2095 2271 2272
f 2095 2272 2096
f 2094 2270 2271
f 2094 2271 2095
f 2270 2269 2272
f 2270 2272 2271
f 2269 2093 2096
f 2269 2096 2272
f 2093 2094 2095
f 2093 2095 2096
f 2093 2097 2273
f 2093 2273 2269
f 2096 2272 2274
f 2096 2274 2098
f 2093 2269 2272
f 2093 2272 2096
f 2269 2273 2274
f 2269 2274 2272
f 2273 2097 2098
f 2273 2098 2274
f 2097 2093 2096
f 2097 2096 2098
f 2100 2099 2275
f 2100 2275 2276
f 2101 2277 2278
f 2101 2278 2102
f 2100 2276 2277
f 2100 2277 2101
f 2276 2275 2278
f 2276 2278 2277
f 2275 2099 2102
f 2275 2102 2278
f 2099 2100 2101
f 2099 2101 2102
f 2099 2103 2279
f 2099 2279 2275
f 2102 2278 2280
f 2102 2280 2104
f 2099 2275 2278
f 2099 2278 2102
f 2275 2279 2280
f 2275 2280 2278
f 2279 2103 2104
f 2279 2104 2280
f 2103 2099 2102
f 2103 2102 2104
f 2106 2105 2281
f 2106 2281 2282
f 2107 2283 2284
f 2107 2284 2108
f 2106 2282 2283
f 2106 2283 2107
f 2282 2281 2284
f 2282 2284 2283
f 2281 2105 2108
f 2281 2108 2284
f 2105 2106 2107
f 2105 2107 2108
f 2105 2109 2285
f 2105 2285 2281
f 2108 2284 2286
f 2108 2286 2110
f 2105 2281 2284
f 2105 2284 2108
f 2281 2285 2286
f 2281 2286 2284
f 2285 2109 2110
f 2285 2110 2286
f 2109 2105 2108
f 2109 2108 2110
f 2109 2111 2287
f 2109 2287 2285
f 2110 2286 2288
f 2110 2288 2112
f 2109 2285 2286
f 2109 2286 2110
f 2285 2287 2288
f 2285 2288 2286
f 2287 2111 2112
f 2287 2112 2288
f 2111 2109 2110
f 2111 2110 2112
f 2114 2113 2289
f 2114 2289 2290
f 2115 2291 2292
f 2115 2292 2116
f 2114 2290 2291
f 2114 2291 2115
f 2290 2289 2292
f 2290 2292 2291
f 2289 2113 2116
f 2289 2116 2292
f 2113 2114 2115
f 2113 2115 2116
f 2113 2117 2293
f 2113 2293 2289
f 2116 2292 2294
f 2116 2294 2118
f 2113 2289 2292
f 2113 2292 2116
f 2289 2293 2294
f 2289 2294 2292
f 2293 2117 2118
f 2293 2118 2294
f 2117 2113 2116
f 2117 2116 2118
f 2117 2119 2295
f 2117 2295 2293
f 2118 2294 2296
f 2118 2296 2120
f 2117 2293 2294
f 2117 2294 2118
f 2293 2295 2296
f 2293 2296 2294
f 2295 2119 2120
f 2295 2120 2296
f 2119 2117 2118
f 2119 2118 2120
f 2122 2121 2297
f 2122 2297 2298
f 2123 2299 2300
f 2123 2300 2124
f 2122 2298 2299
f 2122 2299 2123
f 2298 2297 2300
f 2298 2300 2299
f 2297 2121 2124
f 2297 2124 2300
f 2121 2122 2123
f 2121 2123 2124
f 2121 2125 2301
f 2121 2301 2297
f 2124 2300 2302
f 2124 2302 2126
f 2121 2297 2300
f 2121 2300 2124
f 2297 2301 2302
f 2297 2302 2300
f 2301 2125 2126
f 2301 2126 2302
f 2125 2121 2124
f 2125 2124 2126
f 2125 2127 2303
f 2125 2303 2301
f 2126 2302 2304
f 2126 2304 2128
f 2125 2301 2302
f 2125 2302 2126
f 2301 2303 2304
f 2301 2304 2302
f 2303 2127 2128
f 2303 2128 2304
f 2127 2125 2126
f 2127 2126 2128
f 2130 2129 2305
f 2130 2305 2306
f 2131 2307 2308
f 2131 2308 2132
f 2130 2306 2307
f 2130 2307 2131
f 2306 2305 2308
f 2306 2308 2307
f 2305 2129 2132
f 2305 2132 2308
f 2129 2130 2131
f 2129 2131 2132
f 2134 2133 2309
f 2134 2309 2310
f 2135 2311 2312
f 2135 2312 2136
f 2134 2310 2311
f 2134 2311 2135
f 2310 2309 2312
f 2310 2312 2311
f 2309 2133 2136
f 2309 2136 2312
f 2133 2134 2135
f 2133 2135 2136
f 2138 2137 2313
f 2138 2313 2314
f 2139 2315 2316
f 2139 2316 2140
f 2138 2314 2315
f 2138 2315 2139
f 2314 2313 2316
f 2314 2316 2315
f 2313 2137 2140
f 2313 2140 2316
f 2137 2138 2139
f 2137 2139 2140
f 2142 2141 2317
f 2142 2317 2318
f 2143 2319 2320
f 2143 2320 2144
f 2142 2318 2319
f 2142 2319 2143
f 2318 2317 2320
f 2318 2320 2319
f 2317 2141 2144
f 2317 2144 2320
f 2141 2142 2143
f 2141 2143 2144
f 2146 2145 2321
f 2146 2321 2322
f 2147 2323 2324
f 2147 2324 2148
f 2146 2322 2323
f 2146 2323 2147
f 2322 2321 2324
f 2322 2324 2323
f 2321 2145 2148
f 2321 2148 2324
f 2145 2146 2147
f 2145 2147 2148
f 2150 2149 2325
f 2150 2325 2326
f 2151 2327 2328
f 2151 2328 2152
f 2150 2326 2327
f 2150 2327 2151
f 2326 2325 2328
f 2326 2328 2327
f 2325 2149 2152
f 2325 2152 2328
f 2149 2150 2151
f 2149 2151 2152
f 2154 2153 2329
f 2154 2329 2330
f 2155 2331 2332
f 2155 2332 2156
f 2154 2330 2331
f 2154 2331 2155
f 2330 2329 2332
f 2330 2332 2331
f 2329 2153 2156
f 2329 2156 2332
f 2153 2154 2155
f 2153 2155 2156
f 2158 2157 2333
f 2158 2333 2334
f 2159 2335 2336
f 2159 2336 2160
f 2158 2334 2335
f 2158 2335 2159
f 2334 2333 2336
f 2334 2336 2335
f 2333 2157 2160
f 2333 2160 2336
f 2157 2158 2159
f 2157 2159 2160
f 2162 2161 2337
f 2162 2337 2338
f 2163 2339 2340
f 2163 2340 2164
f 2162 2338 2339
f 2162 2339 2163
f 2338 2337 2340
f 2338 2340 2339
f 2337 2161 2164
f 2337 2164 2340
f 2161 2162 2163
f 2161 2163 2164
f 2166 2165 2341
f 2166 2341 2342
f 2167 2343 2344
f 2167 2344 2168
f 2166 2342 2343
f 2166 2343 2167
f 2342 2341 2344
f 2342 2344 2343
f 2341 2165 2168
f 2341 2168 2344
f 2165 2166 2167
f 2165 2167 2168
f 2170 2169 2345
f 2170 2345 2346
f 2171 2347 2348
f 2171 2348 2172
f 2170 2346 2347
f 2170 2347 2171
f 2346 2345 2348
f 2346 2348 2347
f 2345 2169 2172
f 2345 2172 2348
f 2169 2170 2171
f 2169 2171 2172
f 2174 2173 2349
f 2174 2349 2350
f 2175 2351 2352
f 2175 2352 2176
f 2174 2350 2351
f 2174 2351 2175
f 2350 2349 2352
f 2350 2352 2351
f 2349 2173 2176
f 2349 2176 2352
f 2173 2174 2175
f 2173 2175 2176
f 2178 2177 2353
f 2178 2353 2354
f 2179 2355 2356
f 2179 2356 2180
f 2178 2354 2355
f 2178 2355 2179
f 2354 2353 2356
f 2354 2356 2355
f 2353 2177 2180
f 2353 2180 2356
f 2177 2178 2179
f 2177 2179 2180
f 2182 2181 2357
f 2182 2357 2358
f 2183 2359 2360
f 2183 2360 2184
f 2182 2358 2359
f 2182 2359 2183
f 2358 2357 2360
f 2358 2360 2359
f 2357 2181 2184
f 2357 2184 2360
f 2181 2182 2183
f 2181 2183 2184
f 2186 2185 2361
f 2186 2361 2362
f 2187 2363 2364
f 2187 2364 2188
f 2186 2362 2363
f 2186 2363 2187
f 2362 2361 2364
f 2362 2364 2363
f 2361 2185 2188
f 2361 2188 2364
f 2185 2186 2187
f 2185 2187 2188
f 2190 2189 2365
f 2190 2365 2366
f 2191 2367 2368
f 2191 2368 2192
f 2190 2366 2367
f 2190 2367 2191
f 2366 2365 2368
f 2366 2368 2367
f 2365 2189 2192
f 2365 2192 2368
f 2189 2190 2191
f 2189 2191 2192
f 2194 2193 2369
f 2194 2369 2370
f 2195 2371 2372
f 2195 2372 2196
f 2194 2370 2371
f 2194 2371 2195
f 2370 2369 2372
f 2370 2372 2371
f 2369 2193 2196
f 2369 2196 2372
f 2193 2194 2195
f 2193 2195 2196
f 2198 2197 2373
f 2198 2373 2374
f 2199 2375 2376
f 2199 2376 2200
f 2198 2374 2375
f 2198 2375 2199
f 2374 2373 2376
f 2374 2376 2375
f 2373 2197 2200
f 2373 2200 2376
f 2197 2198 2199
f 2197 2199 2200
f 2202 2201 2377
f 2202 2377 2378
f 2203 2379 2380
f 2203 2380 2204
f 2202 2378 2379
f 2202 2379 2203
f 2378 2377 2380
f 2378 2380 2379
f 2377 2201 2204
f 2377 2204 2380
f 2201 2202 2203
f 2201 2203 2204
f 2206 2205 2381
f 2206 2381 2382
f 2207 2383 2384
f 2207 2384 2208
f 2206 2382 2383
f 2206 2383 2207
f 2382 2381 2384
f 2382 2384 2383
f 2381 2205 2208
f 2381 2208 2384
f 2205 2206 2207
f 2205 2207 2208
f 2210 2209 2385
f 2210 2385 2386
f 2211 2387 2388
f 2211 2388 2212
f 2210 2386 2387
f 2210 2387 2211
f 2386 2385 2388
f 2386 2388 2387
f 2385 2209 2212
f 2385 2212 2388
f 2209 2210 2211
f 2209 2211 2212
f 2214 2213 2389
f 2214 2389 2390
f 2215 2391 2392
f 2215 2392 2216
f 2214 2390 2391
f 2214 2391 2215
f 2390 2389 2392
f 2390 2392 2391
f 2389 2213 2216
f 2389 2216 2392
f 2213 2214 2215
f 2213 2215 2216
f 2218 2217 2393
f 2218 2393 2394
f 2219 2395 2396
f 2219 2396 2220
f 2218 2394 2395
f 2218 2395 2219
f 2394 2393 2396
f 2394 2396 2395
f 2393 2217 2220
f 2393 2220 2396
f 2217 2218 2219
f 2217 2219 2220
f 2222 2221 2397
f 2222 2397 2398
f 2223 2399 2400
f 2223 2400 2224
f 2222 2398 2399
f 2222 2399 2223
f 2398 2397 2400
f 2398 2400 2399
f 2397 2221 2224
f 2397 2224 2400
f 2221 2222 2223
f 2221 2223 2224
f 2226 2225 2401
f 2226 2401 2402
f 2227 2403 2404
f 2227 2404 2228
f 2226 2402 2403
f 2226 2403 2227
f 2402 2401 2404
f 2402 2404 2403
f 2401 2225 2228
f 2401 2228 2404
f 2225 2226 2227
f 2225 2227 2228
f 2230 2229 2405
f 2230 2405 2406
f 2231 2407 2408
f 2231 2408 2232
f 2230 2406 2407
f 2230 2407 2231
f 2406 2405 2408
f 2406 2408 2407
f 2405 2229 2232
f 2405 2232 2408
f 2229 2230 2231
f 2229 2231 2232
f 2234 2233 2409
f 2234 2409 2410
f 2235 2411 2412
f 2235 2412 2236
f 2234 2410 2411
f 2234 2411 2235
f 2410 2409 2412
f 2410 2412 2411
f 2409 2233 2236
f 2409 2236 2412
f 2233 2234 2235
f 2233 2235 2236
f 2238 2237 2413
f 2238 2413 2414
f 2239 2415 2416
f 2239 2416 2240
f 2238 2414 2415
f 2238 2415 2239
f 2414 2413 2416
f 2414 2416 2415
f 2413 2237 2240
f 2413 2240 2416
f 2237 2238 2239
f 2237 2239 2240
f 2242 2241 2417
f 2242 2417 2418
f 2243 2419 2420
f 2243 2420 2244
f 2242 2418 2419
f 2242 2419 2243
f 2418 2417 2420
f 2418 2420 2419
f 2417 2241 2244
f 2417 2244 2420
f 2241 2242 2243
f 2241 2243 2244
f 2246 2245 2421
f 2246 2421 2422
f 2247 2423 2424
f 2247 2424 2248
f 2246 2422 2423
f 2246 2423 2247
f 2422 2421 2424
f 2422 2424 2423
f 2421 2245 2248
f 2421 2248 2424
f 2245 2246 2247
f 2245 2247 2248
f 2250 2249 2425
f 2250 2425 2426
f 2251 2427 2428
f 2251 2428 2252
f 2250 2426 2427
f 2250 2427 2251
f 2426 2425 2428
f 2426 2428 2427
f 2425 2249 2252
f 2425 2252 2428
f 2249 2250 2251
f 2249 2251 2252
f 2254 2253 2429
f 2254 2429 2430
f 2255 2431 2432
f 2255 2432 2256
f 2254 2430 2431
f 2254 2431 2255
f 2430 2429 2432
f 2430 2432 2431
f 2429 2253 2256
f 2429 2256 2432
f 2253 2254 2255
f 2253 2255 2256
f 2258 2257 2433
f 2258 2433 2434
f 2259 2435 2436
f 2259 2436 2260
f 2258 2434 2435
f 2258 2435 2259
f 2434 2433 2436
f 2434 2436 2435
f 2433 2257 2260
f 2433 2260 2436
f 2257 2258 2259
f 2257 2259 2260
f 2257 2261 2437
f 2257 2437 2433
f 2260 2436 2438
f 2260 2438 2262
f 2257 2433 2436
f 2257 2436 2260
f 2433 2437 2438
f 2433 2438 2436
f 2437 2261 2262
f 2437 2262 2438
f 2261 2257 2260
f 2261 2260 2262
f 2261 2263 2439
f 2261 2439 2437
f 2262 2438 2440
f 2262 2440 2264
f 2261 2437 2438
f 2261 2438 2262
f 2437 2439 2440
f 2437 2440 2438
f 2439 2263 2264
f 2439 2264 2440
f 2263 2261 2262
f 2263 2262 2264
f 2266 2265 2441
f 2266 2441 2442
f 2267 2443 2444
f 2267 2444 2268
f 2266 2442 2443
f 2266 2443 2267
f 2442 2441 2444
f 2442 2444 2443
f 2441 2265 2268
f 2441 2268 2444
f 2265 2266 2267
f 2265 2267 2268
f 2270 2269 2445
f 2270 2445 2446
f 2271 2447 2448
f 2271 2448 2272
f 2270 2446 2447
f 2270 2447 2271
f 2446 2445 2448
f 2446 2448 2447
f 2445 2269 2272
f 2445 2272 2448
f 2269 2270 2271
f 2269 2271 2272
f 2269 2273 2449
f 2269 2449 2445
f 2272 2448 2450
f 2272 2450 2274
f 2269 2445 2448
f 2269 2448 2272
f 2445 2449 2450
f 2445 2450 2448
f 2449 2273 2274
f 2449 2274 2450
f 2273 2269 2272
f 2273 2272 2274
f 2276 2275 2451
f 2276 2451 2452
f 2277 2453 2454
f 2277 2454 2278
f 2276 2452 2453
f 2276 2453 2277
f 2452 2451 2454
f 2452 2454 2453
f 2451 2275 2278
f 2451 2278 2454
f 2275 2276 2277
f 2275 2277 2278
f 2275 2279 2455
f 2275 2455 2451
f 2278 2454 2456
f 2278 2456 2280
f 2275 2451 2454
f 2275 2454 2278
f 2451 2455 2456
f 2451 2456 2454
f 2455 2279 2280
f 2455 2280 2456
f 2279 2275 2278
f 2279 2278 2280
f 2282 2281 2457
f 2282 2457 2458
f 2283 2459 2460
f 2283 2460 2284
f 2282 2458 2459
f 2282 2459 2283
f 2458 2457 2460
f 2458 2460 2459
f 2457 2281 2284
f 2457 2284 2460
f 2281 2282 2283
f 2281 2283 2284
f 2281 2285 2461
f 2281 2461 2457
f 2284 2460 2462
f 2284 2462 2286
f 2281 2457 2460
f 2281 2460 2284
f 2457 2461 2462
f 2457 2462 2460
f 2461 2285 2286
f 2461 2286 2462
f 2285 2281 2284
f 2285 2284 2286
f 2285 2287 2463
f 2285 2463 2461
f 2286 2462 2464
f 2286 2464 2288
f 2285 2461 2462
f 2285 2462 2286
f 2461 2463 2464
f 2461 2464 2462
f 2463 2287 2288
f 2463 2288 2464
f 2287 2285 2286
f 2287 2286 2288
f 2290 2289 2465
f 2290 2465 2466
f 2291 2467 2468
f 2291 2468 2292
f 2290 2466 2467
f 2290 2467 2291
f 2466 2465 2468
f 2466 2468 2467
f 2465 2289 2292
f 2465 2292 2468
f 2289 2290 2291
f 2289 2291 2292
f 2289 2293 2469
f 2289 2469 2465
f 2292 2468 2470
f 2292 2470 2294
f 2289 2465 2468
f 2289 2468 2292
f 2465 2469 2470
f 2465 2470 2468
f 2469 2293 2294
f 2469 2294 2470
f 2293 2289 2292
f 2293 2292 2294
f 2293 2295 2471
f 2293 2471 2469
f 2294 2470 2472
f 2294 2472 2296
f 2293 2469 2470
f 2293 2470 2294
f 2469 2471 2472
f 2469 2472 2470
f 2471 2295 2296
f 2471 2296 2472
f 2295 2293 2294
f 2295 2294 2296
f 2298 2297 2473
f 2298 2473 2474
f 2299 2475 2476
f 2299 2476 2300
f 2298 2474 2475
f 2298 2475 2299
f 2474 2473 2476
f 2474 2476 2475
f 2473 2297 2300
f 2473 2300 2476
f 2297 2298 2299
f 2297 2299 2300
f 2297 2301 2477
f 2297 2477 2473
f 2300 2476 2478
f 2300 2478 2302
f 2297 2473 2476
f 2297 2476 2300
f 2473 2477 2478
f 2473 2478 2476
f 2477 2301 2302
f 2477 2302 2478
f 2301 2297 2300
f 2301 2300 2302
f 2338 2337 2479
f 2338 2479 2480
f 2339 2481 2482
f 2339 2482 2340
f 2338 2480 2481
f 2338 2481 2339
f 2480 2479 2482
f 2480 2482 2481
f 2479 2337 2340
f 2479 2340 2482
f 2337 2338 2339
f 2337 2339 2340
f 2342 2341 2483
f 2342 2483 2484
f 2343 2485 2486
f 2343 2486 2344
f 2342 2484 2485
f 2342 2485 2343
f 2484 2483 2486
f 2484 2486 2485
f 2483 2341 2344
f 2483 2344 2486
f 2341 2342 2343
f 2341 2343 2344
f 2346 2345 2487
f 2346 2487 2488
f 2347 2489 2490
f 2347 2490 2348
f 2346 2488 2489
f 2346 2489 2347
f 2488 2487 2490
f 2488 2490 2489
f 2487 2345 2348
f 2487 2348 2490
f 2345 2346 2347
f 2345 2347 2348
f 2350 2349 2491
f 2350 2491 2492
f 2351 2493 2494
f 2351 2494 2352
f 2350 2492 2493
f 2350 2493 2351
f 2492 2491 2494
f 2492 2494 2493
f 2491 2349 2352
f 2491 2352 2494
f 2349 2350 2351
f 2349 2351 2352
f 2354 2353 2495
f 2354 2495 2496
f 2355 2497 2498
f 2355 2498 2356
f 2354 2496 2497
f 2354 2497 2355
f 2496 2495 2498
f 2496 2498 2497
f 2495 2353 2356
f 2495 2356 2498
f 2353 2354 2355
f 2353 2355 2356
f 2358 2357 2499
f 2358 2499 2500
f 2359 2501 2502
f 2359 2502 2360
f 2358 2500 2501
f 2358 2501 2359
f 2500 2499 2502
f 2500 2502 2501
f 2499 2357 2360
f 2499 2360 2502
f 2357 2358 2359
f 2357 2359 2360
f 2362 2361 2503
f 2362 2503 2504
f 2363 2505 2506
f 2363 2506 2364
f 2362 2504 2505
f 2362 2505 2363
f 2504 2503 2506
f 2504 2506 2505
f 2503 2361 2364
f 2503 2364 2506
f 2361 2362 2363
f 2361 2363 2364
f 2366 2365 2507
f 2366 2507 2508
f 2367 2509 2510
f 2367 2510 2368
f 2366 2508 2509
f 2366 2509 2367
f 2508 2507 2510
f 2508 2510 2509
f 2507 2365 2368
f 2507 2368 2510
f 2365 2366 2367
f 2365 2367 2368
f 2370 2369 2511
f 2370 2511 2512
f 2371 2513 2514
f 2371 2514 2372
f 2370 2512 2513
f 2370 2513 2371
f 2512 2511 2514
f 2512 2514 2513
f 2511 2369 2372
f 2511 2372 2514
f 2369 2370 2371
f 2369 2371 2372
f 2374 2373 2515
f 2374 2515 2516
f 2375 2517 2518
f 2375 2518 2376
f 2374 2516 2517
f 2374 2517 2375
f 2516 2515 2518
f 2516 2518 2517
f 2515 2373 2376
f 2515 2376 2518
f 2373 2374 2375
f 2373 2375 2376
f 2378 2377 2519
f 2378 2519 2520
f 2379 2521 2522
f 2379 2522 2380
f 2378 2520 2521
f 2378 2521 2379
f 2520 2519 2522
f 2520 2522 2521
f 2519 2377 2380
f 2519 2380 2522
f 2377 2378 2379
f 2377 2379 2380
f 2382 2381 2523
f 2382 2523 2524
f 2383 2525 2526
f 2383 2526 2384
f 2382 2524 2525
f 2382 2525 2383
f 2524 2523 2526
f 2524 2526 2525
f 2523 2381 2384
f 2523 2384 2526
f 2381 2382 2383
f 2381 2383 2384
f 2386 2385 2527
f 2386 2527 2528
f 2387 2529 2530
f 2387 2530 2388
f 2386 2528 2529
f 2386 2529 2387
f 2528 2527 2530
f 2528 2530 2529
f 2527 2385 2388
f 2527 2388 2530
f 2385 2386 2387
f 2385 2387 2388
f 2390 2389 2531
f 2390 2531 2532
f 2391 2533 2534
f 2391 2534 2392
f 2390 2532 2533
f 2390 2533 2391
f 2532 2531 2534
f 2532 2534 2533
f 2531 2389 2392
f 2531 2392 2534
f 2389 2390 2391
f 2389 2391 2392
f 2394 2393 2535
f 2394 2535 2536
f 2395 2537 2538
f 2395 2538 2396
f 2394 2536 2537
f 2394 2537 2395
f 2536 2535 2538
f 2536 2538 2537
f 2535 2393 2396
f 2535 2396 2538
f 2393 2394 2395
f 2393 2395 2396
f 2398 2397 2539
f 2398 2539 2540
f 2399 2541 2542
f 2399 2542 2400
f 2398 2540 2541
f 2398 2541 2399
f 2540 2539 2542
f 2540 2542 2541
f 2539 2397 2400
f 2539 2400 2542
f 2397 2398 2399
f 2397 2399 2400
f 2402 2401 2543
f 2402 2543 2544
f 2403 2545 2546
f 2403 2546 2404
f 2402 2544 2545
f 2402 2545 2403
f 2544 2543 2546
f 2544 2546 2545
f 2543 2401 2404
f 2543 2404 2546
f 2401 2402 2403
f 2401 2403 2404
f 2406 2405 2547
f 2406 2547 2548
f 2407 2549 2550
f 2407 2550 2408
f 2406 2548 2549
f 2406 2549 2407
f 2548 2547 2550
f 2548 2550 2549
f 2547 2405 2408
f 2547 2408 2550
f 2405 2406 2407
f 2405 2407 2408
f 2410 2409 2551
f 2410 2551 2552
f 2411 2553 2554
f 2411 2554 2412
f 2410 2552 2553
f 2410 2553 2411
f 2552 2551 2554
f 2552 2554 2553
f 2551 2409 2412
f 2551 2412 2554
f 2409 2410 2411
f 2409 2411 2412
f 2414 2413 2555
f 2414 2555 2556
f 2415 2557 2558
f 2415 2558 2416
f 2414 2556 2557
f 2414 2557 2415
f 2556 2555 2558
f 2556 2558 2557
f 2555 2413 2416
f 2555 2416 2558
f 2413 2414 2415
f 2413 2415 2416
f 2418 2417 2559
f 2418 2559 2560
f 2419 2561 2562
f 2419 2562 2420
f 2418 2560 2561
f 2418 2561 2419
f 2560 2559 2562
f 2560 2562 2561
f 2559 2417 2420
f 2559 2420 2562
f 2417 2418 2419
f 2417 2419 2420
f 2422 2421 2563
f 2422 2563 2564
f 2423 2565 2566
f 2423 2566 2424
f 2422 2564 2565
f 2422 2565 2423
f 2564 2563 2566
f 2564 2566 2565
f 2563 2421 2424
f 2563 2424 2566
f 2421 2422 2423
f 2421 2423 2424
f 2426 2425 2567
f 2426 2567 2568
f 2427 2569 2570
f 2427 2570 2428
f 2426 2568 2569
f 2426 2569 2427
f 2568 2567 2570
f 2568 2570 2569
f 2567 2425 2428
f 2567 2428 2570
f 2425 2426 2427
f 2425 2427 2428
f 2430 2429 2571
f 2430 2571 2572
f 2431 2573 2574
f 2431 2574 2432
f 2430 2572 2573
f 2430 2573 2431
f 2572 2571 2574
f 2572 2574 2573
f 2571 2429 2432
f 2571 2432 2574
f 2429 2430 2431
f 2429 2431 2432
f 2434 2433 2575
f 2434 2575 2576
f 2435 2577 2578
f 2435 2578 2436
f 2434 2576 2577
f 2434 2577 2435
f 2576 2575 2578
f 2576 2578 2577
f 2575 2433 2436
f 2575 2436 2578
f 2433 2434 2435
f 2433 2435 2436
f 2433 2437 2579
f 2433 2579 2575
f 2436 2578 2580
f 2436 2580 2438
f 2433 2575 2578
f 2433 2578 2436
f 2575 2579 2580
f 2575 2580 2578
f 2579 2437 2438
f 2579 2438 2580
f 2437 2433 2436
f 2437 2436 2438
f 2437 2439 2581
f 2437 2581 2579
f 2438 2580 2582
f 2438 2582 2440
f 2437 2579 2580
f 2437 2580 2438
f 2579 2581 2582
f 2579 2582 2580
f 2581 2439 2440
f 2581 2440 2582
f 2439 2437 2438
f 2439 2438 2440
f 2442 2441 2583
f 2442 2583 2584
f 2443 2585 2586
f 2443 2586 2444
f 2442 2584 2585
f 2442 2585 2443
f 2584 2583 2586
f 2584 2586 2585
f 2583 2441 2444
f 2583 2444 2586
f 2441 2442 2443
f 2441 2443 2444
f 2446 2445 2587
f 2446 2587 2588
f 2447 2589 2590
f 2447 2590 2448
f 2446 2588 2589
f 2446 2589 2447
f 2588 2587 2590
f 2588 2590 2589
f 2587 2445 2448
f 2587 2448 2590
f 2445 2446 2447
f 2445 2447 2448
f 2445 2449 2591
f 2445 2591 2587
f 2448 2590 2592
f 2448 2592 2450
f 2445 2587 2590
f 2445 2590 2448
f 2587 2591 2592
f 2587 2592 2590
f 2591 2449 2450
f 2591 2450 2592
f 2449 2445 2448
f 2449 2448 2450
f 2452 2451 2593
f 2452 2593 2594
f 2453 2595 2596
f 2453 2596 2454
f 2452 2594 2595
f 2452 2595 2453
f 2594 2593 2596
f 2594 2596 2595
f 2593 2451 2454
f 2593 2454 2596
f 2451 2452 2453
f 2451 2453 2454
f 2451 2455 2597
f 2451 2597 2593
f 2454 2596 2598
f 2454 2598 2456
f 2451 2593 2596
f 2451 2596 2454
f 2593 2597 2598
f 2593 2598 2596
f 2597 2455 2456
f 2597 2456 2598
f 2455 2451 2454
f 2455 2454 2456
f 2458 2457 2599
f 2458 2599 2600
f 2459 2601 2602
f 2459 2602 2460
f 2458 2600 2601
f 2458 2601 2459
f 2600 2599 2602
f 2600 2602 2601
f 2599 2457 2460
f 2599 2460 2602
f 2457 2458 2459
f 2457 2459 2460
f 2457 2461 2603
f 2457 2603 2599
f 2460 2602 2604
f 2460 2604 2462
f 2457 2599 2602
f 2457 2602 2460
f 2599 2603 2604
f 2599 2604 2602
f 2603 2461 2462
f 2603 2462 2604
f 2461 2457 2460
f 2461 2460 2462
f 2461 2463 2605
f 2461 2605 2603
f 2462 2604 2606
f 2462 2606 2464
f 2461 2603 2604
f 2461 2604 2462
f 2603 2605 2606
f 2603 2606 2604
f 2605 2463 2464
f 2605 2464 2606
f 2463 2461 2462
f 2463 2462 2464
f 2466 2465 2607
f 2466 2607 2608
f 2467 2609 2610
f 2467 2610 2468
f 2466 2608 2609
f 2466 2609 2467
f 2608 2607 2610
f 2608 2610 2609
f 2607 2465 2468
f 2607 2468 2610
f 2465 2466 2467
f 2465 2467 2468
f 2465 2469 2611
f 2465 2611 2607
f 2468 2610 2612
f 2468 2612 2470
f 2465 2607 2610
f 2465 2610 2468
f 2607 2611 2612
f 2607 2612 2610
f 2611 2469 2470
f 2611 2470 2612
f 2469 2465 2468
f 2469 2468 2470
f 2469 2471 2613
f 2469 2613 2611
f 2470 2612 2614
f 2470 2614 2472
f 2469 2611 2612
f 2469 2612 2470
f 2611 2613 2614
f 2611 2614 2612
f 2613 2471 2472
f 2613 2472 2614
f 2471 2469 2470
f 2471 2470 2472
f 2474 2473 2615
f 2474 2615 2616
f 2475 2617 2618
f 2475 2618 2476
f 2474 2616 2617
f 2474 2617 2475
f 2616 2615 2618
f 2616 2618 2617
f 2615 2473 2476
f 2615 2476 2618
f 2473 2474 2475
f 2473 2475 2476
f 2473 2477 2619
f 2473 2619 2615
f 2476 2618 2620
f 2476 2620 2478
f 2473 2615 2618
f 2473 2618 2476
f 2615 2619 2620
f 2615 2620 2618
f 2619 2477 2478
f 2619 2478 2620
f 2477 2473 2476
f 2477 2476 2478
f 2480 2479 2621
f 2480 2621 2622
f 2481 2623 2624
f 2481 2624 2482
f 2480 2622 2623
f 2480 2623 2481
f 2622 2621 2624
f 2622 2624 2623
f 2621 2479 2482
f 2621 2482 2624
f 2479 2480 2481
f 2479 2481 2482
f 2484 2483 2625
f 2484 2625 2626
f 2485 2627 2628
f 2485 2628 2486
f 2484 2626 2627
f 2484 2627 2485
f 2626 2625 2628
f 2626 2628 2627
f 2625 2483 2486
f 2625 2486 2628
f 2483 2484 2485
f 2483 2485 2486
f 2488 2487 2629
f 2488 2629 2630
f 2489 2631 2632
f 2489 2632 2490
f 2488 2630 2631
f 2488 2631 2489
f 2630 2629 2632
f 2630 2632 2631
f 2629 2487 2490
f 2629 2490 2632
f 2487 2488 2489
f 2487 2489 2490
f 2492 2491 2633
f 2492 2633 2634
f 2493 2635 2636
f 2493 2636 2494
f 2492 2634 2635
f 2492 2635 2493
f 2634 2633 2636
f 2634 2636 2635
f 2633 2491 2494
f 2633 2494 2636
f 2491 2492 2493
f 2491 2493 2494
f 2496 2495 2637
f 2496 2637 2638
f 2497 2639 2640
f 2497 2640 2498
f 2496 2638 2639
f 2496 2639 2497
f 2638 2637 2640
f 2638 2640 2639
f 2637 2495 2498
f 2637 2498 2640
f 2495 2496 2497
f 2495 2497 2498
f 2500 2499 2641
f 2500 2641 2642
f 2501 2643 2644
f 2501 2644 2502
f 2500 2642 2643
f 2500 2643 2501
f 2642 2641 2644
f 2642 2644 2643
f 2641 2499 2502
f 2641 2502 2644
f 2499 2500 2501
f 2499 2501 2502
f 2504 2503 2645
f 2504 2645 2646
f 2505 2647 2648
f 2505 2648 2506
f 2504 2646 2647
f 2504 2647 2505
f 2646 2645 2648
f 2646 2648 2647
f 2645 2503 2506
f 2645 2506 2648
f 2503 2504 2505
f 2503 2505 2506
f 2508 2507 2649
f 2508 2649 2650
f 2509 2651 2652
f 2509 2652 2510
f 2508 2650 2651
f 2508 2651 2509
f 2650 2649 2652
f 2650 2652 2651
f 2649 2507 2510
f 2649 2510 2652
f 2507 2508 2509
f 2507 2509 2510
f 2512 2511 2653
f 2512 2653 2654
f 2513 2655 2656
f 2513 2656 2514
f 2512 2654 2655
f 2512 2655 2513
f 2654 2653 2656
f 2654 2656 2655
f 2653 2511 2514
f 2653 2514 2656
f 2511 2512 2513
f 2511 2513 2514
f 2516 2515 2657
f 2516 2657 2658
f 2517 2659 2660
f 2517 2660 2518
f 2516 2658 2659
f 2516 2659 2517
f 2658 2657 2660
f 2658 2660 2659
f 2657 2515 2518
f 2657 2518 2660
f 2515 2516 2517
f 2515 2517 2518
f 2520 2519 2661
f 2520 2661 2662
f 2521 2663 2664
f 2521 2664 2522
f 2520 2662 2663
f 2520 2663 2521
f 2662 2661 2664
f 2662 2664 2663
f 2661 2519 2522
f 2661 2522 2664
f 2519 2520 2521
f 2519 2521 2522
f 2524 2523 2665
f 2524 2665 2666
f 2525 2667 2668
f 2525 2668 2526
f 2524 2666 2667
f 2524 2667 2525
f 2666 2665 2668
f 2666 2668 2667
f 2665 2523 2526
f 2665 2526 2668
f 2523 2524 2525
f 2523 2525 2526
f 2528 2527 2669
f 2528 2669 2670
f 2529 2671 2672
f 2529 2672 2530
f 2528 2670 2671
f 2528 2671 2529
f 2670 2669 2672
f 2670 2672 2671
f 2669 2527 2530
f 2669 2530 2672
f 2527 2528 2529
f 2527 2529 2530
f 2548 2547 2673
f 2548 2673 2674
f 2549 2675 2676
f 2549 2676 2550
f 2548 2674 2675
f 2548 2675 2549
f 2674 2673 2676
f 2674 2676 2675
f 2673 2547 2550
f 2673 2550 2676
f 2547 2548 2549
f 2547 2549 2550
f 2552 2551 2677
f 2552 2677 2678
f 2553 2679 2680
f 2553 2680 2554
f 2552 2678 2679
f 2552 2679 2553
f 2678 2677 2680
f 2678 2680 2679
f 2677 2551 2554
f 2677 2554 2680
f 2551 2552 2553
f 2551 2553 2554
f 2556 2555 2681
f 2556 2681 2682
f 2557 2683 2684
f 2557 2684 2558
f 2556 2682 2683
f 2556 2683 2557
f 2682 2681 2684
f 2682 2684 2683
f 2681 2555 2558
f 2681 2558 2684
f 2555 2556 2557
f 2555 2557 2558
f 2560 2559 2685
f 2560 2685 2686
f 2561 2687 2688
f 2561 2688 2562
f 2560 2686 2687
f 2560 2687 2561
f 2686 2685 2688
f 2686 2688 2687
f 2685 2559 2562
f 2685 2562 2688
f 2559 2560 2561
f 2559 2561 2562
f 2564 2563 2689
f 2564 2689 2690
f 2565 2691 2692
f 2565 2692 2566
f 2564 2690 2691
f 2564 2691 2565
f 2690 2689 2692
f 2690 2692 2691
f 2689 2563 2566
f 2689 2566 2692
f 2563 2564 2565
f 2563 2565 2566
f 2568 2567 2693
f 2568 2693 2694
f 2569 2695 2696
f 2569 2696 2570
f 2568 2694 2695
f 2568 2695 2569
f 2694 2693 2696
f 2694 2696 2695
f 2693 2567 2570
f 2693 2570 2696
f 2567 2568 2569
f 2567 2569 2570
f 2572 2571 2697
f 2572 2697 2698
f 2573 2699 2700
f 2573 2700 2574
f 2572 2698 2699
f 2572 2699 2573
f 2698 2697 2700
f 2698 2700 2699
f 2697 2571 2574
f 2697 2574 2700
f 2571 2572 2573
f 2571 2573 2574
f 2576 2575 2701
f 2576 2701 2702
f 2577 2703 2704
f 2577 2704 2578
f 2576 2702 2703
f 2576 2703 2577
f 2702 2701 2704
f 2702 2704 2703
f 2701 2575 2578
f 2701 2578 2704
f 2575 2576 2577
f 2575 2577 2578
f 2575 2579 2705
f 2575 2705 2701
f 2578 2704 2706
f 2578 2706 2580
f 2575 2701 2704
f 2575 2704 2578
f 2701 2705 2706
f 2701 2706 2704
f 2705 2579 2580
f 2705 2580 2706
f 2579 2575 2578
f 2579 2578 2580
f 2579 2581 2707
f 2579 2707 2705
f 2580 2706 2708
f 2580 2708 2582
f 2579 2705 2706
f 2579 2706 2580
f 2705 2707 2708
f 2705 2708 2706
f 2707 2581 2582
f 2707 2582 2708
f 2581 2579 2580
f 2581 2580 2582
f 2584 2583 2709
f 2584 2709 2710
f 2585 2711 2712
f 2585 2712 2586
f 2584 2710 2711
f 2584 2711 2585
f 2710 2709 2712
f 2710 2712 2711
f 2709 2583 2586
f 2709 2586 2712
f 2583 2584 2585
f 2583 2585 2586
f 2588 2587 2713
f 2588 2713 2714
f 2589 2715 2716
f 2589 2716 2590
f 2588 2714 2715
f 2588 2715 2589
f 2714 2713 2716
f 2714 2716 2715
f 2713 2587 2590
f 2713 2590 2716
f 2587 2588 2589
f 2587 2589 2590
f 2587 2591 2717
f 2587 2717 2713
f 2590 2716 2718
f 2590 2718 2592
f 2587 2713 2716
f 2587 2716 2590
f 2713 2717 2718
f 2713 2718 2716
f 2717 2591 2592
f 2717 2592 2718
f 2591 2587 2590
f 2591 2590 2592
f 2594 2593 2719
f 2594 2719 2720
f 2595 2721 2722
f 2595 2722 2596
f 2594 2720 2721
f 2594 2721 2595
f 2720 2719 2722
f 2720 2722 2721
f 2719 2593 2596
f 2719 2596 2722
f 2593 2594 2595
f 2593 2595 2596
f 2593 2597 2723
f 2593 2723 2719
f 2596 2722 2724
f 2596 2724 2598
f 2593 2719 2722
f 2593 2722 2596
f 2719 2723 2724
f 2719 2724 2722
f 2723 2597 2598
f 2723 2598 2724
f 2597 2593 2596
f 2597 2596 2598
f 2600 2599 2725
f 2600 2725 2726
f 2601 2727 2728
f 2601 2728 2602
f 2600 2726 2727
f 2600 2727 2601
f 2726 2725 2728
f 2726 2728 2727
f 2725 2599 2602
f 2725 2602 2728
f 2599 2600 2601
f 2599 2601 2602
f 2599 2603 2729
f 2599 2729 2725
f 2602 2728 2730
f 2602 2730 2604
f 2599 2725 2728
f 2599 2728 2602
f 2725 2729 2730
f 2725 2730 2728
f 2729 2603 2604
f 2729 2604 2730
f 2603 2599 2602
f 2603 2602 2604
f 2603 2605 2731
f 2603 2731 2729
f 2604 2730 2732
f 2604 2732 2606
f 2603 2729 2730
f 2603 2730 2604
f 2729 2731 2732
f 2729 2732 2730
f 2731 2605 2606
f 2731 2606 2732
f 2605 2603 2604
f 2605 2604 2606
f 2608 2607 2733
f 2608 2733 2734
f 2609 2735 2736
f 2609 2736 2610
f 2608 2734 2735
f 2608 2735 2609
f 2734 2733 2736
f 2734 2736 2735
f 2733 2607 2610
f 2733 2610 2736
f 2607 2608 2609
f 2607 2609 2610
f 2607 2611 2737
f 2607 2737 2733
f 2610 2736 2738
f 2610 2738 2612
f 2607 2733 2736
f 2607 2736 2610
f 2733 2737 2738
f 2733 2738 2736
f 2737 2611 2612
f 2737 2612 2738
f 2611 2607 2610
f 2611 2610 2612
f 2611 2613 2739
f 2611 2739 2737
f 2612 2738 2740
f 2612 2740 2614
f 2611 2737 2738
f 2611 2738 2612
f 2737 2739 2740
f 2737 2740 2738
f 2739 2613 2614
f 2739 2614 2740
f 2613 2611 2612
f 2613 2612 2614
f 2616 2615 2741
f 2616 2741 2742
f 2617 2743 2744
f 2617 2744 2618
f 2616 2742 2743
f 2616 2743 2617
f 2742 2741 2744
f 2742 2744 2743
f 2741 2615 2618
f 2741 2618 2744
f 2615 2616 2617
f 2615 2617 2618
f 2615 2619 2745
f 2615 2745 2741
f 2618 2744 2746
f 2618 2746 2620
f 2615 2741 2744
f 2615 2744 2618
f 2741 2745 2746
f 2741 2746 2744
f 2745 2619 2620
f 2745 2620 2746
f 2619 2615 2618
f 2619 2618 2620
f 2622 2621 2747
f 2622 2747 2748
f 2623 2749 2750
f 2623 2750 2624
f 2622 2748 2749
f 2622 2749 2623
f 2748 2747 2750
f 2748 2750 2749
f 2747 2621 2624
f 2747 2624 2750
f 2621 2622 2623
f 2621 2623 2624
f 2626 2625 2751
f 2626 2751 2752
f 2627 2753 2754
f 2627 2754 2628
f 2626 2752 2753
f 2626 2753 2627
f 2752 2751 2754
f 2752 2754 2753
f 2751 2625 2628
f 2751 2628 2754
f 2625 2626 2627
f 2625 2627 2628
f 2630 2629 2755
f 2630 2755 2756
f 2631 2757 2758
f 2631 2758 2632
f 2630 2756 2757
f 2630 2757 2631
f 2756 2755 2758
f 2756 2758 2757
f 2755 2629 2632
f 2755 2632 2758
f 2629 2630 2631
f 2629 2631 2632
f 2634 2633 2759
f 2634 2759 2760
f 2635 2761 2762
f 2635 2762 2636
f 2634 2760 2761
f 2634 2761 2635
f 2760 2759 2762
f 2760 2762 2761
f 2759 2633 2636
f 2759 2636 2762
f 2633 2634 2635
f 2633 2635 2636
f 2638 2637 2763
f 2638 2763 2764
f 2639 2765 2766
f 2639 2766 2640
f 2638 2764 2765
f 2638 2765 2639
f 2764 2763 2766
f 2764 2766 2765
f 2763 2637 2640
f 2763 2640 2766
f 2637 2638 2639
f 2637 2639 2640
f 2642 2641 2767
f 2642 2767 2768
f 2643 2769 2770
f 2643 2770 2644
f 2642 2768 2769
f 2642 2769 2643
f 2768 2767 2770
f 2768 2770 2769
f 2767 2641 2644
f 2767 2644 2770
f 2641 2642 2643
f 2641 2643 2644
f 2646 2645 2771
f 2646 2771 2772
f 2647 2773 2774
f 2647 2774 2648
f 2646 2772 2773
f 2646 2773 2647
f 2772 2771 2774
f 2772 2774 2773
f 2771 2645 2648
f 2771 2648 2774
f 2645 2646 2647
f 2645 2647 2648
f 2650 2649 2775
f 2650 2775 2776
f 2651 2777 2778
f 2651 2778 2652
f 2650 2776 2777
f 2650 2777 2651
f 2776 2775 2778
f 2776 2778 2777
f 2775 2649 2652
f 2775 2652 2778
f 2649 2650 2651
f 2649 2651 2652
f 2654 2653 2779
f 2654 2779 2780
f 2655 2781 2782
f 2655 2782 2656
f 2654 2780 2781
f 2654 2781 2655
f 2780 2779 2782
f 2780 2782 2781
f 2779 2653 2656
f 2779 2656 2782
f 2653 2654 2655
f 2653 2655 2656
f 2658 2657 2783
f 2658 2783 2784
f 2659 2785 2786
f 2659 2786 2660
f 2658 2784 2785
f 2658 2785 2659
f 2784 2783 2786
f 2784 2786 2785
f 2783 2657 2660
f 2783 2660 2786
f 2657 2658 2659
f 2657 2659 2660
f 2662 2661 2787
f 2662 2787 2788
f 2663 2789 2790
f 2663 2790 2664
f 2662 2788 2789
f 2662 2789 2663
f 2788 2787 2790
f 2788 2790 2789
f 2787 2661 2664
f 2787 2664 2790
f 2661 2662 2663
f 2661 2663 2664
f 2682 2681 2791
f 2682 2791 2792
f 2683 2793 2794
f 2683 2794 2684
f 2682 2792 2793
f 2682 2793 2683
f 2792 2791 2794
f 2792 2794 2793
f 2791 2681 2684
f 2791 2684 2794
f 2681 2682 2683
f 2681 2683 2684
f 2686 2685 2795
f 2686 2795 2796
f 2687 2797 2798
f 2687 2798 2688
f 2686 2796 2797
f 2686 2797 2687
f 2796 2795 2798
f 2796 2798 2797
f 2795 2685 2688
f 2795 2688 2798
f 2685 2686 2687
f 2685 2687 2688
f 2690 2689 2799
f 2690 2799 2800
f 2691 2801 2802
f 2691 2802 2692
f 2690 2800 2801
f 2690 2801 2691
f 2800 2799 2802
f 2800 2802 2801
f 2799 2689 2692
f 2799 2692 2802
f 2689 2690 2691
f 2689 2691 2692
f 2694 2693 2803
f 2694 2803 2804
f 2695 2805 2806
f 2695 2806 2696
f 2694 2804 2805
f 2694 2805 2695
f 2804 2803 2806
f 2804 2806 2805
f 2803 2693 2696
f 2803 2696 2806
f 2693 2694 2695
f 2693 2695 2696
f 2698 2697 2807
f 2698 2807 2808
f 2699 2809 2810
f 2699 2810 2700
f 2698 2808 2809
f 2698 2809 2699
f 2808 2807 2810
f 2808 2810 2809
f 2807 2697 2700
f 2807 2700 2810
f 2697 2698 2699
f 2697 2699 2700
f 2702 2701 2811
f 2702 2811 2812
f 2703 2813 2814
f 2703 2814 2704
f 2702 2812 2813
f 2702 2813 2703
f 2812 2811 2814
f 2812 2814 2813
f 2811 2701 2704
f 2811 2704 2814
f 2701 2702 2703
f 2701 2703 2704
f 2701 2705 2815
f 2701 2815 2811
f 2704 2814 2816
f 2704 2816 2706
f 2701 2811 2814
f 2701 2814 2704
f 2811 2815 2816
f 2811 2816 2814
f 2815 2705 2706
f 2815 2706 2816
f 2705 2701 2704
f 2705 2704 2706
f 2705 2707 2817
f 2705 2817 2815
f 2706 2816 2818
f 2706 2818 2708
f 2705 2815 2816
f 2705 2816 2706
f 2815 2817 2818
f 2815 2818 2816
f 2817 2707 2708
f 2817 2708 2818
f 2707 2705 2706
f 2707 2706 2708
f 2710 2709 2819
f 2710 2819 2820
f 2711 2821 2822
f 2711 2822 2712
f 2710 2820 2821
f 2710 2821 2711
f 2820 2819 2822
f 2820 2822 2821
f 2819 2709 2712
f 2819 2712 2822
f 2709 2710 2711
f 2709 2711 2712
f 2714 2713 2823
f 2714 2823 2824
f 2715 2825 2826
f 2715 2826 2716
f 2714 2824 2825
f 2714 2825 2715
f 2824 2823 2826
f 2824 2826 2825
f 2823 2713 2716
f 2823 2716 2826
f 2713 2714 2715
f 2713 2715 2716
f 2713 2717 2827
f 2713 2827 2823
f 2716 2826 2828
f 2716 2828 2718
f 2713 2823 2826
f 2713 2826 2716
f 2823 2827 2828
f 2823 2828 2826
f 2827 2717 2718
f 2827 2718 2828
f 2717 2713 2716
f 2717 2716 2718
f 2720 2719 2829
f 2720 2829 2830
f 2721 2831 2832
f 2721 2832 2722
f 2720 2830 2831
f 2720 2831 2721
f 2830 2829 2832
f 2830 2832 2831
f 2829 2719 2722
f 2829 2722 2832
f 2719 2720 2721
f 2719 2721 2722
f 2719 2723 2833
f 2719 2833 2829
f 2722 2832 2834
f 2722 2834 2724
f 2719 2829 2832
f 2719 2832 2722
f 2829 2833 2834
f 2829 2834 2832
f 2833 2723 2724
f 2833 2724 2834
f 2723 2719 2722
f 2723 2722 2724
f 2726 2725 2835
f 2726 2835 2836
f 2727 2837 2838
f 2727 2838 2728
f 2726 2836 2837
f 2726 2837 2727
f 2836 2835 2838
f 2836 2838 2837
f 2835 2725 2728
f 2835 2728 2838
f 2725 2726 2727
f 2725 2727 2728
f 2725 2729 2839
f 2725 2839 2835
f 2728 2838 2840
f 2728 2840 2730
f 2725 2835 2838
f 2725 2838 2728
f 2835 2839 2840
f 2835 2840 2838
f 2839 2729 2730
f 2839 2730 2840
f 2729 2725 2728
f 2729 2728 2730
f 2729 2731 2841
f 2729 2841 2839
f 2730 2840 2842
f 2730 2842 2732
f 2729 2839 2840
f 2729 2840 2730
f 2839 2841 2842
f 2839 2842 2840
f 2841 2731 2732
f 2841 2732 2842
f 2731 2729 2730
f 2731 2730 2732
f 2734 2733 2843
f 2734 2843 2844
f 2735 2845 2846
f 2735 2846 2736
f 2734 2844 2845
f 2734 2845 2735
f 2844 2843 2846
f 2844 2846 2845
f 2843 2733 2736
f 2843 2736 2846
f 2733 2734 2735
f 2733 2735 2736
f 2733 2737 2847
f 2733 2847 2843
f 2736 2846 2848
f 2736 2848 2738
f 2733 2843 2846
f 2733 2846 2736
f 2843 2847 2848
f 2843 2848 2846
f 2847 2737 2738
f 2847 2738 2848
f 2737 2733 2736
f 2737 2736 2738
f 2737 2739 2849
f 2737 2849 2847
f 2738 2848 2850
f 2738 2850 2740
f 2737 2847 2848
f 2737 2848 2738
f 2847 2849 2850
f 2847 2850 2848
f 2849 2739 2740
f 2849 2740 2850
f 2739 2737 2738
f 2739 2738 2740
f 2742 2741 2851
f 2742 2851 2852
f 2743 2853 2854
f 2743 2854 2744
f 2742 2852 2853
f 2742 2853 2743
f 2852 2851 2854
f 2852 2854 2853
f 2851 2741 2744
f 2851 2744 2854
f 2741 2742 2743
f 2741 2743 2744
f 2741 2745 2855
f 2741 2855 2851
f 2744 2854 2856
f 2744 2856 2746
f 2741 2851 2854
f 2741 2854 2744
f 2851 2855 2856
f 2851 2856 2854
f 2855 2745 2746
f 2855 2746 2856
f 2745 2741 2744
f 2745 2744 2746
f 2748 2747 2857
f 2748 2857 2858
f 2749 2859 2860
f 2749 2860 2750
f 2748 2858 2859
f 2748 2859 2749
f 2858 2857 2860
f 2858 2860 2859
f 2857 2747 2750
f 2857 2750 2860
f 2747 2748 2749
f 2747 2749 2750
f 2752 2751 2861
f 2752 2861 2862
f 2753 2863 2864
f 2753 2864 2754
f 2752 2862 2863
f 2752 2863 2753
f 2862 2861 2864
f 2862 2864 2863
f 2861 2751 2754
f 2861 2754 2864
f 2751 2752 2753
f 2751 2753 2754
f 2756 2755 2865
f 2756 2865 2866
f 2757 2867 2868
f 2757 2868 2758
f 2756 2866 2867
f 2756 2867 2757
f 2866 2865 2868
f 2866 2868 2867
f 2865 2755 2758
f 2865 2758 2868
f 2755 2756 2757
f 2755 2757 2758
f 2760 2759 2869
f 2760 2869 2870
f 2761 2871 2872
f 2761 2872 2762
f 2760 2870 2871
f 2760 2871 2761
f 2870 2869 2872
f 2870 2872 2871
f 2869 2759 2762
f 2869 2762 2872
f 2759 2760 2761
f 2759 2761 2762
f 2764 2763 2873
f 2764 2873 2874
f 2765 2875 2876
f 2765 2876 2766
f 2764 2874 2875
f 2764 2875 2765
f 2874 2873 2876
f 2874 2876 2875
f 2873 2763 2766
f 2873 2766 2876
f 2763 2764 2765
f 2763 2765 2766
f 2768 2767 2877
f 2768 2877 2878
f 2769 2879 2880
f 2769 2880 2770
f 2768 2878 2879
f 2768 2879 2769
f 2878 2877 2880
f 2878 2880 2879
f 2877 2767 2770
f 2877 2770 2880
f 2767 2768 2769
f 2767 2769 2770
f 2772 2771 2881
f 2772 2881 2882
f 2773 2883 2884
f 2773 2884 2774
f 2772 2882 2883
f 2772 2883 2773
f 2882 2881 2884
f 2882 2884 2883
f 2881 2771 2774
f 2881 2774 2884
f 2771 2772 2773
f 2771 2773 2774
f 2776 2775 2885
f 2776 2885 2886
f 2777 2887 2888
f 2777 2888 2778
f 2776 2886 2887
f 2776 2887 2777
f 2886 2885 2888
f 2886 2888 2887
f 2885 2775 2778
f 2885 2778 2888
f 2775 2776 2777
f 2775 2777 2778
f 2780 2779 2889
f 2780 2889 2890
f 2781 2891 2892
f 2781 2892 2782
f 2780 2890 2891
f 2780 2891 2781
f 2890 2889 2892
f 2890 2892 2891
f 2889 2779 2782
f 2889 2782 2892
f 2779 2780 2781
f 2779 2781 2782
f 2784 2783 2893
f 2784 2893 2894
f 2785 2895 2896
f 2785 2896 2786
f 2784 2894 2895
f 2784 2895 2785
f 2894 2893 2896
f 2894 2896 2895
f 2893 2783 2786
f 2893 2786 2896
f 2783 2784 2785
f 2783 2785 2786
f 2788 2787 2897
f 2788 2897 2898
f 2789 2899 2900
f 2789 2900 2790
f 2788 2898 2899
f 2788 2899 2789
f 2898 2897 2900
f 2898 2900 2899
f 2897 2787 2790
f 2897 2790 2900
f 2787 2788 2789
f 2787 2789 2790
f 2796 2795 2901
f 2796 2901 2902
f 2797 2903 2904
f 2797 2904 2798
f 2796 2902 2903
f 2796 2903 2797
f 2902 2901 2904
f 2902 2904 2903
f 2901 2795 2798
f 2901 2798 2904
f 2795 2796 2797
f 2795 2797 2798
f 2800 2799 2905
f 2800 2905 2906
f 2801 2907 2908
f 2801 2908 2802
f 2800 2906 2907
f 2800 2907 2801
f 2906 2905 2908
f 2906 2908 2907
f 2905 2799 2802
f 2905 2802 2908
f 2799 2800 2801
f 2799 2801 2802
f 2804 2803 2909
f 2804 2909 2910
f 2805 2911 2912
f 2805 2912 2806
f 2804 2910 2911
f 2804 2911 2805
f 2910 2909 2912
f 2910 2912 2911
f 2909 2803 2806
f 2909 2806 2912
f 2803 2804 2805
f 2803 2805 2806
f 2808 2807 2913
f 2808 2913 2914
f 2809 2915 2916
f 2809 2916 2810
f 2808 2914 2915
f 2808 2915 2809
f 2914 2913 2916
f 2914 2916 2915
f 2913 2807 2810
f 2913 2810 2916
f 2807 2808 2809
f 2807 2809 2810
f 2812 2811 2917
f 2812 2917 2918
f 2813 2919 2920
f 2813 2920 2814
f 2812 2918 2919
f 2812 2919 2813
f 2918 2917 2920
f 2918 2920 2919
f 2917 2811 2814
f 2917 2814 2920
f 2811 2812 2813
f 2811 2813 2814
f 2811 2815 2921
f 2811 2921 2917
f 2814 2920 2922
f 2814 2922 2816
f 2811 2917 2920
f 2811 2920 2814
f 2917 2921 2922
f 2917 2922 2920
f 2921 2815 2816
f 2921 2816 2922
f 2815 2811 2814
f 2815 2814 2816
f 2815 2817 2923
f 2815 2923 2921
f 2816 2922 2924
f 2816 2924 2818
f 2815 2921 2922
f 2815 2922 2816
f 2921 2923 2924
f 2921 2924 2922
f 2923 2817 2818
f 2923 2818 2924
f 2817 2815 2816
f 2817 2816 2818
f 2820 2819 2925
f 2820 2925 2926
f 2821 2927 2928
f 2821 2928 2822
f 2820 2926 2927
f 2820 2927 2821
f 2926 2925 2928
f 2926 2928 2927
f 2925 2819 2822
f 2925 2822 2928
f 2819 2820 2821
f 2819 2821 2822
f 2824 2823 2929
f 2824 2929 2930
f 2825 2931 2932
f 2825 2932 2826
f 2824 2930 2931
f 2824 2931 2825
f 2930 2929 2932
f 2930 2932 2931
f 2929 2823 2826
f 2929 2826 2932
f 2823 2824 2825
f 2823 2825 2826
f 2823 2827 2933
f 2823 2933 2929
f 2826 2932 2934
f 2826 2934 2828
f 2823 2929 2932
f 2823 2932 2826
f 2929 2933 2934
f 2929 2934 2932
f 2933 2827 2828
f 2933 2828 2934
f 2827 2823 2826
f 2827 2826 2828
f 2830 2829 2935
f 2830 2935 2936
f 2831 2937 2938
f 2831 2938 2832
f 2830 2936 2937
f 2830 2937 2831
f 2936 2935 2938
f 2936 2938 2937
f 2935 2829 2832
f 2935 2832 2938
f 2829 2830 2831
f 2829 2831 2832
f 2829 2833 2939
f 2829 2939 2935
f 2832 2938 2940
f 2832 2940 2834
f 2829 2935 2938
f 2829 2938 2832
f 2935 2939 2940
f 2935 2940 2938
f 2939 2833 2834
f 2939 2834 2940
f 2833 2829 2832
f 2833 2832 2834
f 2836 2835 2941
f 2836 2941 2942
f 2837 2943 2944
f 2837 2944 2838
f 2836 2942 2943
f 2836 2943 2837
f 2942 2941 2944
f 2942 2944 2943
f 2941 2835 2838
f 2941 2838 2944
f 2835 2836 2837
f 2835 2837 2838
f 2835 2839 2945
f 2835 2945 2941
f 2838 2944 2946
f 2838 2946 2840
f 2835 2941 2944
f 2835 2944 2838
f 2941 2945 2946
f 2941 2946 2944
f 2945 2839 2840
f 2945 2840 2946
f 2839 2835 2838
f 2839 2838 2840
f 2839 2841 2947
f 2839 2947 2945
f 2840 2946 2948
f 2840 2948 2842
f 2839 2945 2946
f 2839 2946 2840
f 2945 2947 2948
f 2945 2948 2946
f 2947 2841 2842
f 2947 2842 2948
f 2841 2839 2840
f 2841 2840 2842
f 2844 2843 2949
f 2844 2949 2950
f 2845 2951 2952
f 2845 2952 2846
f 2844 2950 2951
f 2844 2951 2845
f 2950 2949 2952
f 2950 2952 2951
f 2949 2843 2846
f 2949 2846 2952
f 2843 2844 2845
f 2843 2845 2846
f 2843 2847 2953
f 2843 2953 2949
f 2846 2952 2954
f 2846 2954 2848
f 2843 2949 2952
f 2843 2952 2846
f 2949 2953 2954
f 2949 2954 2952
f 2953 2847 2848
f 2953 2848 2954
f 2847 2843 2846
f 2847 2846 2848
f 2847 2849 2955
f 2847 2955 2953
f 2848 2954 2956
f 2848 2956 2850
f 2847 2953 2954
f 2847 2954 2848
f 2953 2955 2956
f 2953 2956 2954
f 2955 2849 2850
f 2955 2850 2956
f 2849 2847 2848
f 2849 2848 2850
f 2852 2851 2957
f 2852 2957 2958
f 2853 2959 2960
f 2853 2960 2854
f 2852 2958 2959
f 2852 2959 2853
f 2958 2957 2960
f 2958 2960 2959
f 2957 2851 2854
f 2957 2854 2960
f 2851 2852 2853
f 2851 2853 2854
f 2851 2855 2961
f 2851 2961 2957
f 2854 2960 2962
f 2854 2962 2856
f 2851 2957 2960
f 2851 2960 2854
f 2957 2961 2962
f 2957 2962 2960
f 2961 2855 2856
f 2961 2856 2962
f 2855 2851 2854
f 2855 2854 2856
f 2858 2857 2963
f 2858 2963 2964
f 2859 2965 2966
f 2859 2966 2860
f 2858 2964 2965
f 2858 2965 2859
f 2964 2963 2966
f 2964 2966 2965
f 2963 2857 2860
f 2963 2860 2966
f 2857 2858 2859
f 2857 2859 2860
f 2862 2861 2967
f 2862 2967 2968
f 2863 2969 2970
f 2863 2970 2864
f 2862 2968 2969
f 2862 2969 2863
f 2968 2967 2970
f 2968 2970 2969
f 2967 2861 2864
f 2967 2864 2970
f 2861 2862 2863
f 2861 2863 2864
f 2866 2865 2971
f 2866 2971 2972
f 2867 2973 2974
f 2867 2974 2868
f 2866 2972 2973
f 2866 2973 2867
f 2972 2971 2974
f 2972 2974 2973
f 2971 2865 2868
f 2971 2868 2974
f 2865 2866 2867
f 2865 2867 2868
f 2870 2869 2975
f 2870 2975 2976
f 2871 2977 2978
f 2871 2978 2872
f 2870 2976 2977
f 2870 2977 2871
f 2976 2975 2978
f 2976 2978 2977
f 2975 2869 2872
f 2975 2872 2978
f 2869 2870 2871
f 2869 2871 2872
f 2874 2873 2979
f 2874 2979 2980
f 2875 2981 2982
f 2875 2982 2876
f 2874 2980 2981
f 2874 2981 2875
f 2980 2979 2982
f 2980 2982 2981
f 2979 2873 2876
f 2979 2876 2982
f 2873 2874 2875
f 2873 2875 2876
f 2878 2877 2983
f 2878 2983 2984
f 2879 2985 2986
f 2879 2986 2880
f 2878 2984 2985
f 2878 2985 2879
f 2984 2983 2986
f 2984 2986 2985
f 2983 2877 2880
f 2983 2880 2986
f 2877 2878 2879
f 2877 2879 2880
f 2882 2881 2987
f 2882 2987 2988
f 2883 2989 2990
f 2883 2990 2884
f 2882 2988 2989
f 2882 2989 2883
f 2988 2987 2990
f 2988 2990 2989
f 2987 2881 2884
f 2987 2884 2990
f 2881 2882 2883
f 2881 2883 2884
f 2886 2885 2991
f 2886 2991 2992
f 2887 2993 2994
f 2887 2994 2888
f 2886 2992 2993
f 2886 2993 2887
f 2992 2991 2994
f 2992 2994 2993
f 2991 2885 2888
f 2991 2888 2994
f 2885 2886 2887
f 2885 2887 2888
f 2890 2889 2995
f 2890 2995 2996
f 2891 2997 2998
f 2891 2998 2892
f 2890 2996 2997
f 2890 2997 2891
f 2996 2995 2998
f 2996 2998 2997
f 2995 2889 2892
f 2995 2892 2998
f 2889 2890 2891
f 2889 2891 2892
f 2894 2893 2999
f 2894 2999 3000
f 2895 3001 3002
f 2895 3002 2896
f 2894 3000 3001
f 2894 3001 2895
f 3000 2999 3002
f 3000 3002 3001
f 2999 2893 2896
f 2999 2896 3002
f 2893 2894 2895
f 2893 2895 2896
f 2902 2901 3003
f 2902 3003 3004
f 2903 3005 3006
f 2903 3006 2904
f 2902 3004 3005
f 2902 3005 2903
f 3004 3003 3006
f 3004 3006 3005
f 3003 2901 2904
f 3003 2904 3006
f 2901 2902 2903
f 2901 2903 2904
f 2906 2905 3007
f 2906 3007 3008
f 2907 3009 3010
f 2907 3010 2908
f 2906 3008 3009
f 2906 3009 2907
f 3008 3007 3010
f 3008 3010 3009
f 3007 2905 2908
f 3007 2908 3010
f 2905 2906 2907
f 2905 2907 2908
f 2910 2909 3011
f 2910 3011 3012
f 2911 3013 3014
f 2911 3014 2912
f 2910 3012 3013
f 2910 3013 2911
f 3012 3011 3014
f 3012 3014 3013
f 3011 2909 2912
f 3011 2912 3014
f 2909 2910 2911
f 2909 2911 2912
f 2914 2913 3015
f 2914 3015 3016
f 2915 3017 3018
f 2915 3018 2916
f 2914 3016 3017
f 2914 3017 2915
f 3016 3015 3018
f 3016 3018 3017
f 3015 2913 2916
f 3015 2916 3018
f 2913 2914 2915
f 2913 2915 2916
f 2918 2917 3019
f 2918 3019 3020
f 2919 3021 3022
f 2919 3022 2920
f 2918 3020 3021
f 2918 3021 2919
f 3020 3019 3022
f 3020 3022 3021
f 3019 2917 2920
f 3019 2920 3022
f 2917 2918 2919
f 2917 2919 2920
f 2917 2921 3023
f 2917 3023 3019
f 2920 3022 3024
f 2920 3024 2922
f 2917 3019 3022
f 2917 3022 2920
f 3019 3023 3024
f 3019 3024 3022
f 3023 2921 2922
f 3023 2922 3024
f 2921 2917 2920
f 2921 2920 2922
f 2921 2923 3025
f 2921 3025 3023
f 2922 3024 3026
f 2922 3026 2924
f 2921 3023 3024
f 2921 3024 2922
f 3023 3025 3026
f 3023 3026 3024
f 3025 2923 2924
f 3025 2924 3026
f 2923 2921 2922
f 2923 2922 2924
f 2926 2925 3027
f 2926 3027 3028
f 2927 3029 3030
f 2927 3030 2928
f 2926 3028 3029
f 2926 3029 2927
f 3028 3027 3030
f 3028 3030 3029
f 3027 2925 2928
f 3027 2928 3030
f 2925 2926 2927
f 2925 2927 2928
f 2930 2929 3031
f 2930 3031 3032
f 2931 3033 3034
f 2931 3034 2932
f 2930 3032 3033
f 2930 3033 2931
f 3032 3031 3034
f 3032 3034 3033
f 3031 2929 2932
f 3031 2932 3034
f 2929 2930 2931
f 2929 2931 2932
f 2929 2933 3035
f 2929 3035 3031
f 2932 3034 3036
f 2932 3036 2934
f 2929 3031 3034
f 2929 3034 2932
f 3031 3035 3036
f 3031 3036 3034
f 3035 2933 2934
f 3035 2934 3036
f 2933 2929 2932
f 2933 2932 2934
f 2936 2935 3037
f 2936 3037 3038
f 2937 3039 3040
f 2937 3040 2938
f 2936 3038 3039
f 2936 3039 2937
f 3038 3037 3040
f 3038 3040 3039
f 3037 2935 2938
f 3037 2938 3040
f 2935 2936 2937
f 2935 2937 2938
f 2935 2939 3041
f 2935 3041 3037
f 2938 3040 3042
f 2938 3042 2940
f 2935 3037 3040
f 2935 3040 2938
f 3037 3041 3042
f 3037 3042 3040
f 3041 2939 2940
f 3041 2940 3042
f 2939 2935 2938
f 2939 2938 2940
f 2942 2941 3043
f 2942 3043 3044
f 2943 3045 3046
f 2943 3046 2944
f 2942 3044 3045
f 2942 3045 2943
f 3044 3043 3046
f 3044 3046 3045
f 3043 2941 2944
f 3043 2944 3046
f 2941 2942 2943
f 2941 2943 2944
f 2941 2945 3047
f 2941 3047 3043
f 2944 3046 3048
f 2944 3048 2946
f 2941 3043 3046
f 2941 3046 2944
f 3043 3047 3048
f 3043 3048 3046
f 3047 2945 2946
f 3047 2946 3048
f 2945 2941 2944
f 2945 2944 2946
f 2945 2947 3049
f 2945 3049 3047
f 2946 3048 3050
f 2946 3050 2948
f 2945 3047 3048
f 2945 3048 2946
f 3047 3049 3050
f 3047 3050 3048
f 3049 2947 2948
f 3049 2948 3050
f 2947 2945 2946
f 2947 2946 2948
f 2950 2949 3051
f 2950 3051 3052
f 2951 3053 3054
f 2951 3054 2952
f 2950 3052 3053
f 2950 3053 2951
f 3052 3051 3054
f 3052 3054 3053
f 3051 2949 2952
f 3051 2952 3054
f 2949 2950 2951
f 2949 2951 2952
f 2949 2953 3055
f 2949 3055 3051
f 2952 3054 3056
f 2952 3056 2954
f 2949 3051 3054
f 2949 3054 2952
f 3051 3055 3056
f 3051 3056 3054
f 3055 2953 2954
f 3055 2954 3056
f 2953 2949 2952
f 2953 2952 2954
f 2953 2955 3057
f 2953 3057 3055
f 2954 3056 3058
f 2954 3058 2956
f 2953 3055 3056
f 2953 3056 2954
f 3055 3057 3058
f 3055 3058 3056
f 3057 2955 2956
f 3057 2956 3058
f 2955 2953 2954
f 2955 2954 2956
f 2958 2957 3059
f 2958 3059 3060
f 2959 3061 3062
f 2959 3062 2960
f 2958 3060 3061
f 2958 3061 2959
f 3060 3059 3062
f 3060 3062 3061
f 3059 2957 2960
f 3059 2960 3062
f 2957 2958 2959
f 2957 2959 2960
f 2957 2961 3063
f 2957 3063 3059
f 2960 3062 3064
f 2960 3064 2962
f 2957 3059 3062
f 2957 3062 2960
f 3059 3063 3064
f 3059 3064 3062
f 3063 2961 2962
f 3063 2962 3064
f 2961 2957 2960
f 2961 2960 2962
f 2964 2963 3065
f 2964 3065 3066
f 2965 3067 3068
f 2965 3068 2966
f 2964 3066 3067
f 2964 3067 2965
f 3066 3065 3068
f 3066 3068 3067
f 3065 2963 2966
f 3065 2966 3068
f 2963 2964 2965
f 2963 2965 2966
f 2968 2967 3069
f 2968 3069 3070
f 2969 3071 3072
f 2969 3072 2970
f 2968 3070 3071
f 2968 3071 2969
f 3070 3069 3072
f 3070 3072 3071
f 3069 2967 2970
f 3069 2970 3072
f 2967 2968 2969
f 2967 2969 2970
f 2972 2971 3073
f 2972 3073 3074
f 2973 3075 3076
f 2973 3076 2974
f 2972 3074 3075
f 2972 3075 2973
f 3074 3073 3076
f 3074 3076 3075
f 3073 2971 2974
f 3073 2974 3076
f 2971 2972 2973
f 2971 2973 2974
f 2976 2975 3077
f 2976 3077 3078
f 2977 3079 3080
f 2977 3080 2978
f 2976 3078 3079
f 2976 3079 2977
f 3078 3077 3080
f 3078 3080 3079
f 3077 2975 2978
f 3077 2978 3080
f 2975 2976 2977
f 2975 2977 2978
f 2980 2979 3081
f 2980 3081 3082
f 2981 3083 3084
f 2981 3084 2982
f 2980 3082 3083
f 2980 3083 2981
f 3082 3081 3084
f 3082 3084 3083
f 3081 2979 2982
f 3081 2982 3084
f 2979 2980 2981
f 2979 2981 2982
f 2984 2983 3085
f 2984 3085 3086
f 2985 3087 3088
f 2985 3088 2986
f 2984 3086 3087
f 2984 3087 2985
f 3086 3085 3088
f 3086 3088 3087
f 3085 2983 2986
f 3085 2986 3088
f 2983 2984 2985
f 2983 2985 2986
f 2988 2987 3089
f 2988 3089 3090
f 2989 3091 3092
f 2989 3092 2990
f 2988 3090 3091
f 2988 3091 2989
f 3090 3089 3092
f 3090 3092 3091
f 3089 2987 2990
f 3089 2990 3092
f 2987 2988 2989
f 2987 2989 2990
f 2992 2991 3093
f 2992 3093 3094
f 2993 3095 3096
f 2993 3096 2994
f 2992 3094 3095
f 2992 3095 2993
f 3094 3093 3096
f 3094 3096 3095
f 3093 2991 2994
f 3093 2994 3096
f 2991 2992 2993
f 2991 2993 2994
f 2996 2995 3097
f 2996 3097 3098
f 2997 3099 3100
f 2997 3100 2998
f 2996 3098 3099
f 2996 3099 2997
f 3098 3097 3100
f 3098 3100 3099
f 3097 2995 2998
f 3097 2998 3100
f 2995 2996 2997
f 2995 2997 2998
f 3000 2999 3101
f 3000 3101 3102
f 3001 3103 3104
f 3001 3104 3002
f 3000 3102 3103
f 3000 3103 3001
f 3102 3101 3104
f 3102 3104 3103
f 3101 2999 3002
f 3101 3002 3104
f 2999 3000 3001
f 2999 3001 3002
f 3004 3003 3105
f 3004 3105 3106
f 3005 3107 3108
f 3005 3108 3006
f 3004 3106 3107
f 3004 3107 3005
f 3106 3105 3108
f 3106 3108 3107
f 3105 3003 3006
f 3105 3006 3108
f 3003 3004 3005
f 3003 3005 3006
f 3008 3007 3109
f 3008 3109 3110
f 3009 3111 3112
f 3009 3112 3010
f 3008 3110 3111
f 3008 3111 3009
f 3110 3109 3112
f 3110 3112 3111
f 3109 3007 3010
f 3109 3010 3112
f 3007 3008 3009
f 3007 3009 3010
f 3012 3011 3113
f 3012 3113 3114
f 3013 3115 3116
f 3013 3116 3014
f 3012 3114 3115
f 3012 3115 3013
f 3114 3113 3116
f 3114 3116 3115
f 3113 3011 3014
f 3113 3014 3116
f 3011 3012 3013
f 3011 3013 3014
f 3016 3015 3117
f 3016 3117 3118
f 3017 3119 3120
f 3017 3120 3018
f 3016 3118 3119
f 3016 3119 3017
f 3118 3117 3120
f 3118 3120 3119
f 3117 3015 3018
f 3117 3018 3120
f 3015 3016 3017
f 3015 3017 3018
f 3020 3019 3121
f 3020 3121 3122
f 3021 3123 3124
f 3021 3124 3022
f 3020 3122 3123
f 3020 3123 3021
f 3122 3121 3124
f 3122 3124 3123
f 3121 3019 3022
f 3121 3022 3124
f 3019 3020 3021
f 3019 3021 3022
f 3019 3023 3125
f 3019 3125 3121
f 3022 3124 3126
f 3022 3126 3024
f 3019 3121 3124
f 3019 3124 3022
f 3121 3125 3126
f 3121 3126 3124
f 3125 3023 3024
f 3125 3024 3126
f 3023 3019 3022
f 3023 3022 3024
f 3023 3025 3127
f 3023 3127 3125
f 3024 3126 3128
f 3024 3128 3026
f 3023 3125 3126
f 3023 3126 3024
f 3125 3127 3128
f 3125 3128 3126
f 3127 3025 3026
f 3127 3026 3128
f 3025 3023 3024
f 3025 3024 3026
f 3028 3027 3129
f 3028 3129 3130
f 3029 3131 3132
f 3029 3132 3030
f 3028 3130 3131
f 3028 3131 3029
f 3130 3129 3132
f 3130 3132 3131
f 3129 3027 3030
f 3129 3030 3132
f 3027 3028 3029
f 3027 3029 3030
f 3032 3031 3133
f 3032 3133 3134
f 3033 3135 3136
f 3033 3136 3034
f 3032 3134 3135
f 3032 3135 3033
f 3134 3133 3136
f 3134 3136 3135
f 3133 3031 3034
f 3133 3034 3136
f 3031 3032 3033
f 3031 3033 3034
f 3031 3035 3137
f 3031 3137 3133
f 3034 3136 3138
f 3034 3138 3036
f 3031 3133 3136
f 3031 3136 3034
f 3133 3137 3138
f 3133 3138 3136
f 3137 3035 3036
f 3137 3036 3138
f 3035 3031 3034
f 3035 3034 3036
f 3038 3037 3139
f 3038 3139 3140
f 3039 3141 3142
f 3039 3142 3040
f 3038 3140 3141
f 3038 3141 3039
f 3140 3139 3142
f 3140 3142 3141
f 3139 3037 3040
f 3139 3040 3142
f 3037 3038 3039
f 3037 3039 3040
f 3037 3041 3143
f 3037 3143 3139
f 3040 3142 3144
f 3040 3144 3042
f 3037 3139 3142
f 3037 3142 3040
f 3139 3143 3144
f 3139 3144 3142
f 3143 3041 3042
f 3143 3042 3144
f 3041 3037 3040
f 3041 3040 3042
f 3044 3043 3145
f 3044 3145 3146
f 3045 3147 3148
f 3045 3148 3046
f 3044 3146 3147
f 3044 3147 3045
f 3146 3145 3148
f 3146 3148 3147
f 3145 3043 3046
f 3145 3046 3148
f 3043 3044 3045
f 3043 3045 3046
f 3043 3047 3149
f 3043 3149 3145
f 3046 3148 3150
f 3046 3150 3048
f 3043 3145 3148
f 3043 3148 3046
f 3145 3149 3150
f 3145 3150 3148
f 3149 3047 3048
f 3149 3048 3150
f 3047 3043 3046
f 3047 3046 3048
f 3047 3049 3151
f 3047 3151 3149
f 3048 3150 3152
f 3048 3152 3050
f 3047 3149 3150
f 3047 3150 3048
f 3149 3151 3152
f 3149 3152 3150
f 3151 3049 3050
f 3151 3050 3152
f 3049 3047 3048
f 3049 3048 3050
f 3052 3051 3153
f 3052 3153 3154
f 3053 3155 3156
f 3053 3156 3054
f 3052 3154 3155
f 3052 3155 3053
f 3154 3153 3156
f 3154 3156 3155
f 3153 3051 3054
f 3153 3054 3156
f 3051 3052 3053
f 3051 3053 3054
f 3051 3055 3157
f 3051 3157 3153
f 3054 3156 3158
f 3054 3158 3056
f 3051 3153 3156
f 3051 3156 3054
f 3153 3157 3158
f 3153 3158 3156
f 3157 3055 3056
f 3157 3056 3158
f 3055 3051 3054
f 3055 3054 3056
f 3055 3057 3159
f 3055 3159 3157
f 3056 3158 3160
f 3056 3160 3058
f 3055 3157 3158
f 3055 3158 3056
f 3157 3159 3160
f 3157 3160 3158
f 3159 3057 3058
f 3159 3058 3160
f 3057 3055 3056
f 3057 3056 3058
f 3060 3059 3161
f 3060 3161 3162
f 3061 3163 3164
f 3061 3164 3062
f 3060 3162 3163
f 3060 3163 3061
f 3162 3161 3164
f 3162 3164 3163
f 3161 3059 3062
f 3161 3062 3164
f 3059 3060 3061
f 3059 3061 3062
f 3059 3063 3165
f 3059 3165 3161
f 3062 3164 3166
f 3062 3166 3064
f 3059 3161 3164
f 3059 3164 3062
f 3161 3165 3166
f 3161 3166 3164
f 3165 3063 3064
f 3165 3064 3166
f 3063 3059 3062
f 3063 3062 3064
f 3066 3065 3167
f 3066 3167 3168
f 3067 3169 3170
f 3067 3170 3068
f 3066 3168 3169
f 3066 3169 3067
f 3168 3167 3170
f 3168 3170 3169
f 3167 3065 3068
f 3167 3068 3170
f 3065 3066 3067
f 3065 3067 3068
f 3070 3069 3171
f 3070 3171 3172
f 3071 3173 3174
f 3071 3174 3072
f 3070 3172 3173
f 3070 3173 3071
f 3172 3171 3174
f 3172 3174 3173
f 3171 3069 3072
f 3171 3072 3174
f 3069 3070 3071
f 3069 3071 3072
f 3074 3073 3175
f 3074 3175 3176
f 3075 3177 3178
f 3075 3178 3076
f 3074 3176 3177
f 3074 3177 3075
f 3176 3175 3178
f 3176 3178 3177
f 3175 3073 3076
f 3175 3076 3178
f 3073 3074 3075
f 3073 3075 3076
f 3078 3077 3179
f 3078 3179 3180
f 3079 3181 3182
f 3079 3182 3080
f 3078 3180 3181
f 3078 3181 3079
f 3180 3179 3182
f 3180 3182 3181
f 3179 3077 3080
f 3179 3080 3182
f 3077 3078 3079
f 3077 3079 3080
f 3082 3081 3183
f 3082 3183 3184
f 3083 3185 3186
f 3083 3186 3084
f 3082 3184 3185
f 3082 3185 3083
f 3184 3183 3186
f 3184 3186 3185
f 3183 3081 3084
f 3183 3084 3186
f 3081 3082 3083
f 3081 3083 3084
f 3086 3085 3187
f 3086 3187 3188
f 3087 3189 3190
f 3087 3190 3088
f 3086 3188 3189
f 3086 3189 3087
f 3188 3187 3190
f 3188 3190 3189
f 3187 3085 3088
f 3187 3088 3190
f 3085 3086 3087
f 3085 3087 3088
f 3090 3089 3191
f 3090 3191 3192
f 3091 3193 3194
f 3091 3194 3092
f 3090 3192 3193
f 3090 3193 3091
f 3192 3191 3194
f 3192 3194 3193
f 3191 3089 3092
f 3191 3092 3194
f 3089 3090 3091
f 3089 3091 3092
f 3094 3093 3195
f 3094 3195 3196
f 3095 3197 3198
f 3095 3198 3096
f 3094 3196 3197
f 3094 3197 3095
f 3196 3195 3198
f 3196 3198 3197
f 3195 3093 3096
f 3195 3096 3198
f 3093 3094 3095
f 3093 3095 3096
f 3098 3097 3199
f 3098 3199 3200
f 3099 3201 3202
f 3099 3202 3100
f 3098 3200 3201
f 3098 3201 3099
f 3200 3199 3202
f 3200 3202 3201
f 3199 3097 3100
f 3199 3100 3202
f 3097 3098 3099
f 3097 3099 3100
f 3102 3101 3203
f 3102 3203 3204
f 3103 3205 3206
f 3103 3206 3104
f 3102 3204 3205
f 3102 3205 3103
f 3204 3203 3206
f 3204 3206 3205
f 3203 3101 3104
f 3203 3104 3206
f 3101 3102 3103
f 3101 3103 3104
f 3106 3105 3207
f 3106 3207 3208
f 3107 3209 3210
f 3107 3210 3108
f 3106 3208 3209
f 3106 3209 3107
f 3208 3207 3210
f 3208 3210 3209
f 3207 3105 3108
f 3207 3108 3210
f 3105 3106 3107
f 3105 3107 3108
f 3110 3109 3211
f 3110 3211 3212
f 3111 3213 3214
f 3111 3214 3112
f 3110 3212 3213
f 3110 3213 3111
f 3212 3211 3214
f 3212 3214 3213
f 3211 3109 3112
f 3211 3112 3214
f 3109 3110 3111
f 3109 3111 3112
f 3114 3113 3215
f 3114 3215 3216
f 3115 3217 3218
f 3115 3218 3116
f 3114 3216 3217
f 3114 3217 3115
f 3216 3215 3218
f 3216 3218 3217
f 3215 3113 3116
f 3215 3116 3218
f 3113 3114 3115
f 3113 3115 3116
f 3118 3117 3219
f 3118 3219 3220
f 3119 3221 3222
f 3119 3222 3120
f 3118 3220 3221
f 3118 3221 3119
f 3220 3219 3222
f 3220 3222 3221
f 3219 3117 3120
f 3219 3120 3222
f 3117 3118 3119
f 3117 3119 3120
f 3122 3121 3223
f 3122 3223 3224
f 3123 3225 3226
f 3123 3226 3124
f 3122 3224 3225
f 3122 3225 3123
f 3224 3223 3226
f 3224 3226 3225
f 3223 3121 3124
f 3223 3124 3226
f 3121 3122 3123
f 3121 3123 3124
f 3121 3125 3227
f 3121 3227 3223
f 3124 3226 3228
f 3124 3228 3126
f 3121 3223 3226
f 3121 3226 3124
f 3223 3227 3228
f 3223 3228 3226
f 3227 3125 3126
f 3227 3126 3228
f 3125 3121 3124
f 3125 3124 3126
f 3125 3127 3229
f 3125 3229 3227
f 3126 3228 3230
f 3126 3230 3128
f 3125 3227 3228
f 3125 3228 3126
f 3227 3229 3230
f 3227 3230 3228
f 3229 3127 3128
f 3229 3128 3230
f 3127 3125 3126
f 3127 3126 3128
f 3130 3129 3231
f 3130 3231 3232
f 3131 3233 3234
f 3131 3234 3132
f 3130 3232 3233
f 3130 3233 3131
f 3232 3231 3234
f 3232 3234 3233
f 3231 3129 3132
f 3231 3132 3234
f 3129 3130 3131
f 3129 3131 3132
f 3134 3133 3235
f 3134 3235 3236
f 3135 3237 3238
f 3135 3238 3136
f 3134 3236 3237
f 3134 3237 3135
f 3236 3235 3238
f 3236 3238 3237
f 3235 3133 3136
f 3235 3136 3238
f 3133 3134 3135
f 3133 3135 3136
f 3133 3137 3239
f 3133 3239 3235
f 3136 3238 3240
f 3136 3240 3138
f 3133 3235 3238
f 3133 3238 3136
f 3235 3239 3240
f 3235 3240 3238
f 3239 3137 3138
f 3239 3138 3240
f 3137 3133 3136
f 3137 3136 3138
f 3140 3139 3241
f 3140 3241 3242
f 3141 3243 3244
f 3141 3244 3142
f 3140 3242 3243
f 3140 3243 3141
f 3242 3241 3244
f 3242 3244 3243
f 3241 3139 3142
f 3241 3142 3244
f 3139 3140 3141
f 3139 3141 3142
f 3139 3143 3245
f 3139 3245 3241
f 3142 3244 3246
f 3142 3246 3144
f 3139 3241 3244
f 3139 3244 3142
f 3241 3245 3246
f 3241 3246 3244
f 3245 3143 3144
f 3245 3144 3246
f 3143 3139 3142
f 3143 3142 3144
f 3146 3145 3247
f 3146 3247 3248
f 3147 3249 3250
f 3147 3250 3148
f 3146 3248 3249
f 3146 3249 3147
f 3248 3247 3250
f 3248 3250 3249
f 3247 3145 3148
f 3247 3148 3250
f 3145 3146 3147
f 3145 3147 3148
f 3145 3149 3251
f 3145 3251 3247
f 3148 3250 3252
f 3148 3252 3150
f 3145 3247 3250
f 3145 3250 3148
f 3247 3251 3252
f 3247 3252 3250
f 3251 3149 3150
f 3251 3150 3252
f 3149 3145 3148
f 3149 3148 3150
f 3149 3151 3253
f 3149 3253 3251
f 3150 3252 3254
f 3150 3254 3152
f 3149 3251 3252
f 3149 3252 3150
f 3251 3253 3254
f 3251 3254 3252
f 3253 3151 3152
f 3253 3152 3254
f 3151 3149 3150
f 3151 3150 3152
f 3154 3153 3255
f 3154 3255 3256
f 3155 3257 3258
f 3155 3258 3156
f 3154 3256 3257
f 3154 3257 3155
f 3256 3255 3258
f 3256 3258 3257
f 3255 3153 3156
f 3255 3156 3258
f 3153 3154 3155
f 3153 3155 3156
f 3153 3157 3259
f 3153 3259 3255
f 3156 3258 3260
f 3156 3260 3158
f 3153 3255 3258
f 3153 3258 3156
f 3255 3259 3260
f 3255 3260 3258
f 3259 3157 3158
f 3259 3158 3260
f 3157 3153 3156
f 3157 3156 3158
f 3157 3159 3261
f 3157 3261 3259
f 3158 3260 3262
f 3158 3262 3160
f 3157 3259 3260
f 3157 3260 3158
f 3259 3261 3262
f 3259 3262 3260
f 3261 3159 3160
f 3261 3160 3262
f 3159 3157 3158
f 3159 3158 3160
f 3162 3161 3263
f 3162 3263 3264
f 3163 3265 3266
f 3163 3266 3164
f 3162 3264 3265
f 3162 3265 3163
f 3264 3263 3266
f 3264 3266 3265
f 3263 3161 3164
f 3263 3164 3266
f 3161 3162 3163
f 3161 3163 3164
f 3161 3165 3267
f 3161 3267 3263
f 3164 3266 3268
f 3164 3268 3166
f 3161 3263 3266
f 3161 3266 3164
f 3263 3267 3268
f 3263 3268 3266
f 3267 3165 3166
f 3267 3166 3268
f 3165 3161 3164
f 3165 3164 3166
f 3168 3167 3269
f 3168 3269 3270
f 3169 3271 3272
f 3169 3272 3170
f 3168 3270 3271
f 3168 3271 3169
f 3270 3269 3272
f 3270 3272 3271
f 3269 3167 3170
f 3269 3170 3272
f 3167 3168 3169
f 3167 3169 3170
f 3172 3171 3273
f 3172 3273 3274
f 3173 3275 3276
f 3173 3276 3174
f 3172 3274 3275
f 3172 3275 3173
f 3274 3273 3276
f 3274 3276 3275
f 3273 3171 3174
f 3273 3174 3276
f 3171 3172 3173
f 3171 3173 3174
f 3176 3175 3277
f 3176 3277 3278
f 3177 3279 3280
f 3177 3280 3178
f 3176 3278 3279
f 3176 3279 3177
f 3278 3277 3280
f 3278 3280 3279
f 3277 3175 3178
f 3277 3178 3280
f 3175 3176 3177
f 3175 3177 3178
f 3180 3179 3281
f 3180 3281 3282
f 3181 3283 3284
f 3181 3284 3182
f 3180 3282 3283
f 3180 3283 3181
f 3282 3281 3284
f 3282 3284 3283
f 3281 3179 3182
f 3281 3182 3284
f 3179 3180 3181
f 3179 3181 3182
f 3184 3183 3285
f 3184 3285 3286
f 3185 3287 3288
f 3185 3288 3186
f 3184 3286 3287
f 3184 3287 3185
f 3286 3285 3288
f 3286 3288 3287
f 3285 3183 3186
f 3285 3186 3288
f 3183 3184 3185
f 3183 3185 3186
f 3188 3187 3289
f 3188 3289 3290
f 3189 3291 3292
f 3189 3292 3190
f 3188 3290 3291
f 3188 3291 3189
f 3290 3289 3292
f 3290 3292 3291
f 3289 3187 3190
f 3289 3190 3292
f 3187 3188 3189
f 3187 3189 3190
f 3192 3191 3293
f 3192 3293 3294
f 3193 3295 3296
f 3193 3296 3194
f 3192 3294 3295
f 3192 3295 3193
f 3294 3293 3296
f 3294 3296 3295
f 3293 3191 3194
f 3293 3194 3296
f 3191 3192 3193
f 3191 3193 3194
f 3196 3195 3297
f 3196 3297 3298
f 3197 3299 3300
f 3197 3300 3198
f 3196 3298 3299
f 3196 3299 3197
f 3298 3297 3300
f 3298 3300 3299
f 3297 3195 3198
f 3297 3198 3300
f 3195 3196 3197
f 3195 3197 3198
f 3200 3199 3301
f 3200 3301 3302
f 3201 3303 3304
f 3201 3304 3202
f 3200 3302 3303
f 3200 3303 3201
f 3302 3301 3304
f 3302 3304 3303
f 3301 3199 3202
f 3301 3202 3304
f 3199 3200 3201
f 3199 3201 3202
f 3204 3203 3305
f 3204 3305 3306
f 3205 3307 3308
f 3205 3308 3206
f 3204 3306 3307
f 3204 3307 3205
f 3306 3305 3308
f 3306 3308 3307
f 3305 3203 3206
f 3305 3206 3308
f 3203 3204 3205
f 3203 3205 3206
f 3208 3207 3309
f 3208 3309 3310
f 3209 3311 3312
f 3209 3312 3210
f 3208 3310 3311
f 3208 3311 3209
f 3310 3309 3312
f 3310 3312 3311
f 3309 3207 3210
f 3309 3210 3312
f 3207 3208 3209
f 3207 3209 3210
f 3212 3211 3313
f 3212 3313 3314
f 3213 3315 3316
f 3213 3316 3214
f 3212 3314 3315
f 3212 3315 3213
f 3314 3313 3316
f 3314 3316 3315
f 3313 3211 3214
f 3313 3214 3316
f 3211 3212 3213
f 3211 3213 3214
f 3216 3215 3317
f 3216 3317 3318
f 3217 3319 3320
f 3217 3320 3218
f 3216 3318 3319
f 3216 3319 3217
f 3318 3317 3320
f 3318 3320 3319
f 3317 3215 3218
f 3317 3218 3320
f 3215 3216 3217
f 3215 3217 3218
f 3220 3219 3321
f 3220 3321 3322
f 3221 3323 3324
f 3221 3324 3222
f 3220 3322 3323
f 3220 3323 3221
f 3322 3321 3324
f 3322 3324 3323
f 3321 3219 3222
f 3321 3222 3324
f 3219 3220 3221
f 3219 3221 3222
f 3224 3223 3325
f 3224 3325 3326
f 3225 3327 3328
f 3225 3328 3226
f 3224 3326 3327
f 3224 3327 3225
f 3326 3325 3328
f 3326 3328 3327
f 3325 3223 3226
f 3325 3226 3328
f 3223 3224 3225
f 3223 3225 3226
f 3223 3227 3329
f 3223 3329 3325
f 3226 3328 3330
f 3226 3330 3228
f 3223 3325 3328
f 3223 3328 3226
f 3325 3329 3330
f 3325 3330 3328
f 3329 3227 3228
f 3329 3228 3330
f 3227 3223 3226
f 3227 3226 3228
f 3227 3229 3331
f 3227 3331 3329
f 3228 3330 3332
f 3228 3332 3230
f 3227 3329 3330
f 3227 3330 3228
f 3329 3331 3332
f 3329 3332 3330
f 3331 3229 3230
f 3331 3230 3332
f 3229 3227 3228
f 3229 3228 3230
f 3232 3231 3333
f 3232 3333 3334
f 3233 3335 3336
f 3233 3336 3234
f 3232 3334 3335
f 3232 3335 3233
f 3334 3333 3336
f 3334 3336 3335
f 3333 3231 3234
f 3333 3234 3336
f 3231 3232 3233
f 3231 3233 3234
f 3236 3235 3337
f 3236 3337 3338
f 3237 3339 3340
f 3237 3340 3238
f 3236 3338 3339
f 3236 3339 3237
f 3338 3337 3340
f 3338 3340 3339
f 3337 3235 3238
f 3337 3238 3340
f 3235 3236 3237
f 3235 3237 3238
f 3235 3239 3341
f 3235 3341 3337
f 3238 3340 3342
f 3238 3342 3240
f 3235 3337 3340
f 3235 3340 3238
f 3337 3341 3342
f 3337 3342 3340
f 3341 3239 3240
f 3341 3240 3342
f 3239 3235 3238
f 3239 3238 3240
f 3242 3241 3343
f 3242 3343 3344
f 3243 3345 3346
f 3243 3346 3244
f 3242 3344 3345
f 3242 3345 3243
f 3344 3343 3346
f 3344 3346 3345
f 3343 3241 3244
f 3343 3244 3346
f 3241 3242 3243
f 3241 3243 3244
f 3241 3245 3347
f 3241 3347 3343
f 3244 3346 3348
f 3244 3348 3246
f 3241 3343 3346
f 3241 3346 3244
f 3343 3347 3348
f 3343 3348 3346
f 3347 3245 3246
f 3347 3246 3348
f 3245 3241 3244
f 3245 3244 3246
f 3248 3247 3349
f 3248 3349 3350
f 3249 3351 3352
f 3249 3352 3250
f 3248 3350 3351
f 3248 3351 3249
f 3350 3349 3352
f 3350 3352 3351
f 3349 3247 3250
f 3349 3250 3352
f 3247 3248 3249
f 3247 3249 3250
f 3247 3251 3353
f 3247 3353 3349
f 3250 3352 3354
f 3250 3354 3252
f 3247 3349 3352
f 3247 3352 3250
f 3349 3353 3354
f 3349 3354 3352
f 3353 3251 3252
f 3353 3252 3354
f 3251 3247 3250
f 3251 3250 3252
f 3251 3253 3355
f 3251 3355 3353
f 3252 3354 3356
f 3252 3356 3254
f 3251 3353 3354
f 3251 3354 3252
f 3353 3355 3356
f 3353 3356 3354
f 3355 3253 3254
f 3355 3254 3356
f 3253 3251 3252
f 3253 3252 3254
f 3256 3255 3357
f 3256 3357 3358
f 3257 3359 3360
f 3257 3360 3258
f 3256 3358 3359
f 3256 3359 3257
f 3358 3357 3360
f 3358 3360 3359
f 3357 3255 3258
f 3357 3258 3360
f 3255 3256 3257
f 3255 3257 3258
f 3255 3259 3361
f 3255 3361 3357
f 3258 3360 3362
f 3258 3362 3260
f 3255 3357 3360
f 3255 3360 3258
f 3357 3361 3362
f 3357 3362 3360
f 3361 3259 3260
f 3361 3260 3362
f 3259 3255 3258
f 3259 3258 3260
f 3259 3261 3363
f 3259 3363 3361
f 3260 3362 3364
f 3260 3364 3262
f 3259 3361 3362
f 3259 3362 3260
f 3361 3363 3364
f 3361 3364 3362
f 3363 3261 3262
f 3363 3262 3364
f 3261 3259 3260
f 3261 3260 3262
f 3264 3263 3365
f 3264 3365 3366
f 3265 3367 3368
f 3265 3368 3266
f 3264 3366 3367
f 3264 3367 3265
f 3366 3365 3368
f 3366 3368 3367
f 3365 3263 3266
f 3365 3266 3368
f 3263 3264 3265
f 3263 3265 3266
f 3263 3267 3369
f 3263 3369 3365
f 3266 3368 3370
f 3266 3370 3268
f 3263 3365 3368
f 3263 3368 3266
f 3365 3369 3370
f 3365 3370 3368
f 3369 3267 3268
f 3369 3268 3370
f 3267 3263 3266
f 3267 3266 3268
f 3270 3269 3371
f 3270 3371 3372
f 3271 3373 3374
f 3271 3374 3272
f 3270 3372 3373
f 3270 3373 3271
f 3372 3371 3374
f 3372 3374 3373
f 3371 3269 3272
f 3371 3272 3374
f 3269 3270 3271
f 3269 3271 3272
f 3274 3273 3375
f 3274 3375 3376
f 3275 3377 3378
f 3275 3378 3276
f 3274 3376 3377
f 3274 3377 3275
f 3376 3375 3378
f 3376 3378 3377
f 3375 3273 3276
f 3375 3276 3378
f 3273 3274 3275
f 3273 3275 3276
f 3278 3277 3379
f 3278 3379 3380
f 3279 3381 3382
f 3279 3382 3280
f 3278 3380 3381
f 3278 3381 3279
f 3380 3379 3382
f 3380 3382 3381
f 3379 3277 3280
f 3379 3280 3382
f 3277 3278 3279
f 3277 3279 3280
f 3282 3281 3383
f 3282 3383 3384
f 3283 3385 3386
f 3283 3386 3284
f 3282 3384 3385
f 3282 3385 3283
f 3384 3383 3386
f 3384 3386 3385
f 3383 3281 3284
f 3383 3284 3386
f 3281 3282 3283
f 3281 3283 3284
f 3286 3285 3387
f 3286 3387 3388
f 3287 3389 3390
f 3287 3390 3288
f 3286 3388 3389
f 3286 3389 3287
f 3388 3387 3390
f 3388 3390 3389
f 3387 3285 3288
f 3387 3288 3390
f 3285 3286 3287
f 3285 3287 3288
f 3290 3289 3391
f 3290 3391 3392
f 3291 3393 3394
f 3291 3394 3292
f 3290 3392 3393
f 3290 3393 3291
f 3392 3391 3394
f 3392 3394 3393
f 3391 3289 3292
f 3391 3292 3394
f 3289 3290 3291
f 3289 3291 3292
f 3294 3293 3395
f 3294 3395 3396
f 3295 3397 3398
f 3295 3398 3296
f 3294 3396 3397
f 3294 3397 3295
f 3396 3395 3398
f 3396 3398 3397
f 3395 3293 3296
f 3395 3296 3398
f 3293 3294 3295
f 3293 3295 3296
f 3298 3297 3399
f 3298 3399 3400
f 3299 3401 3402
f 3299 3402 3300
f 3298 3400 3401
f 3298 3401 3299
f 3400 3399 3402
f 3400 3402 3401
f 3399 3297 3300
f 3399 3300 3402
f 3297 3298 3299
f 3297 3299 3300
f 3302 3301 3403
f 3302 3403 3404
f 3303 3405 3406
f 3303 3406 3304
f 3302 3404 3405
f 3302 3405 3303
f 3404 3403 3406
f 3404 3406 3405
f 3403 3301 3304
f 3403 3304 3406
f 3301 3302 3303
f 3301 3303 3304
f 3306 3305 3407
f 3306 3407 3408
f 3307 3409 3410
f 3307 3410 3308
f 3306 3408 3409
f 3306 3409 3307
f 3408 3407 3410
f 3408 3410 3409
f 3407 3305 3308
f 3407 3308 3410
f 3305 3306 3307
f 3305 3307 3308
f 3310 3309 3411
f 3310 3411 3412
f 3311 3413 3414
f 3311 3414 3312
f 3310 3412 3413
f 3310 3413 3311
f 3412 3411 3414
f 3412 3414 3413
f 3411 3309 3312
f 3411 3312 3414
f 3309 3310 3311
f 3309 3311 3312
f 3314 3313 3415
f 3314 3415 3416
f 3315 3417 3418
f 3315 3418 3316
f 3314 3416 3417
f 3314 3417 3315
f 3416 3415 3418
f 3416 3418 3417
f 3415 3313 3316
f 3415 3316 3418
f 3313 3314 3315
f 3313 3315 3316
f 3318 3317 3419
f 3318 3419 3420
f 3319 3421 3422
f 3319 3422 3320
f 3318 3420 3421
f 3318 3421 3319
f 3420 3419 3422
f 3420 3422 3421
f 3419 3317 3320
f 3419 3320 3422
f 3317 3318 3319
f 3317 3319 3320
f 3322 3321 3423
f 3322 3423 3424
f 3323 3425 3426
f 3323 3426 3324
f 3322 3424 3425
f 3322 3425 3323
f 3424 3423 3426
f 3424 3426 3425
f 3423 3321 3324
f 3423 3324 3426
f 3321 3322 3323
f 3321 3323 3324
f 3326 3325 3427
f 3326 3427 3428
f 3327 3429 3430
f 3327 3430 3328
f 3326 3428 3429
f 3326 3429 3327
f 3428 3427 3430
f 3428 3430 3429
f 3427 3325 3328
f 3427 3328 3430
f 3325 3326 3327
f 3325 3327 3328
f 3325 3329 3431
f 3325 3431 3427
f 3328 3430 3432
f 3328 3432 3330
f 3325 3427 3430
f 3325 3430 3328
f 3427 3431 3432
f 3427 3432 3430
f 3431 3329 3330
f 3431 3330 3432
f 3329 3325 3328
f 3329 3328 3330
f 3329 3331 3433
f 3329 3433 3431
f 3330 3432 3434
f 3330 3434 3332
f 3329 3431 3432
f 3329 3432 3330
f 3431 3433 3434
f 3431 3434 3432
f 3433 3331 3332
f 3433 3332 3434
f 3331 3329 3330
f 3331 3330 3332
f 3334 3333 3435
f 3334 3435 3436
f 3335 3437 3438
f 3335 3438 3336
f 3334 3436 3437
f 3334 3437 3335
f 3436 3435 3438
f 3436 3438 3437
f 3435 3333 3336
f 3435 3336 3438
f 3333 3334 3335
f 3333 3335 3336
f 3338 3337 3439
f 3338 3439 3440
f 3339 3441 3442
f 3339 3442 3340
f 3338 3440 3441
f 3338 3441 3339
f 3440 3439 3442
f 3440 3442 3441
f 3439 3337 3340
f 3439 3340 3442
f 3337 3338 3339
f 3337 3339 3340
f 3337 3341 3443
f 3337 3443 3439
f 3340 3442 3444
f 3340 3444 3342
f 3337 3439 3442
f 3337 3442 3340
f 3439 3443 3444
f 3439 3444 3442
f 3443 3341 3342
f 3443 3342 3444
f 3341 3337 3340
f 3341 3340 3342
f 3344 3343 3445
f 3344 3445 3446
f 3345 3447 3448
f 3345 3448 3346
f 3344 3446 3447
f 3344 3447 3345
f 3446 3445 3448
f 3446 3448 3447
f 3445 3343 3346
f 3445 3346 3448
f 3343 3344 3345
f 3343 3345 3346
f 3343 3347 3449
f 3343 3449 3445
f 3346 3448 3450
f 3346 3450 3348
f 3343 3445 3448
f 3343 3448 3346
f 3445 3449 3450
f 3445 3450 3448
f 3449 3347 3348
f 3449 3348 3450
f 3347 3343 3346
f 3347 3346 3348
f 3350 3349 3451
f 3350 3451 3452
f 3351 3453 3454
f 3351 3454 3352
f 3350 3452 3453
f 3350 3453 3351
f 3452 3451 3454
f 3452 3454 3453
f 3451 3349 3352
f 3451 3352 3454
f 3349 3350 3351
f 3349 3351 3352
f 3349 3353 3455
f 3349 3455 3451
f 3352 3454 3456
f 3352 3456 3354
f 3349 3451 3454
f 3349 3454 3352
f 3451 3455 3456
f 3451 3456 3454
f 3455 3353 3354
f 3455 3354 3456
f 3353 3349 3352
f 3353 3352 3354
f 3353 3355 3457
f 3353 3457 3455
f 3354 3456 3458
f 3354 3458 3356
f 3353 3455 3456
f 3353 3456 3354
f 3455 3457 3458
f 3455 3458 3456
f 3457 3355 3356
f 3457 3356 3458
f 3355 3353 3354
f 3355 3354 3356
f 3358 3357 3459
f 3358 3459 3460
f 3359 3461 3462
f 3359 3462 3360
f 3358 3460 3461
f 3358 3461 3359
f 3460 3459 3462
f 3460 3462 3461
f 3459 3357 3360
f 3459 3360 3462
f 3357 3358 3359
f 3357 3359 3360
f 3357 3361 3463
f 3357 3463 3459
f 3360 3462 3464
f 3360 3464 3362
f 3357 3459 3462
f 3357 3462 3360
f 3459 3463 3464
f 3459 3464 3462
f 3463 3361 3362
f 3463 3362 3464
f 3361 3357 3360
f 3361 3360 3362
f 3361 3363 3465
f 3361 3465 3463
f 3362 3464 3466
f 3362 3466 3364
f 3361 3463 3464
f 3361 3464 3362
f 3463 3465 3466
f 3463 3466 3464
f 3465 3363 3364
f 3465 3364 3466
f 3363 3361 3362
f 3363 3362 3364
f 3366 3365 3467
f 3366 3467 3468
f 3367 3469 3470
f 3367 3470 3368
f 3366 3468 3469
f 3366 3469 3367
f 3468 3467 3470
f 3468 3470 3469
f 3467 3365 3368
f 3467 3368 3470
f 3365 3366 3367
f 3365 3367 3368
f 3365 3369 3471
f 3365 3471 3467
f 3368 3470 3472
f 3368 3472 3370
f 3365 3467 3470
f 3365 3470 3368
f 3467 3471 3472
f 3467 3472 3470
f 3471 3369 3370
f 3471 3370 3472
f 3369 3365 3368
f 3369 3368 3370
f 3372 3371 3473
f 3372 3473 3474
f 3373 3475 3476
f 3373 3476 3374
f 3372 3474 3475
f 3372 3475 3373
f 3474 3473 3476
f 3474 3476 3475
f 3473 3371 3374
f 3473 3374 3476
f 3371 3372 3373
f 3371 3373 3374
f 3376 3375 3477
f 3376 3477 3478
f 3377 3479 3480
f 3377 3480 3378
f 3376 3478 3479
f 3376 3479 3377
f 3478 3477 3480
f 3478 3480 3479
f 3477 3375 3378
f 3477 3378 3480
f 3375 3376 3377
f 3375 3377 3378
f 3380 3379 3481
f 3380 3481 3482
f 3381 3483 3484
f 3381 3484 3382
f 3380 3482 3483
f 3380 3483 3381
f 3482 3481 3484
f 3482 3484 3483
f 3481 3379 3382
f 3481 3382 3484
f 3379 3380 3381
f 3379 3381 3382
f 3384 3383 3485
f 3384 3485 3486
f 3385 3487 3488
f 3385 3488 3386
f 3384 3486 3487
f 3384 3487 3385
f 3486 3485 3488
f 3486 3488 3487
f 3485 3383 3386
f 3485 3386 3488
f 3383 3384 3385
f 3383 3385 3386
f 3388 3387 3489
f 3388 3489 3490
f 3389 3491 3492
f 3389 3492 3390
f 3388 3490 3491
f 3388 3491 3389
f 3490 3489 3492
f 3490 3492 3491
f 3489 3387 3390
f 3489 3390 3492
f 3387 3388 3389
f 3387 3389 3390
f 3392 3391 3493
f 3392 3493 3494
f 3393 3495 3496
f 3393 3496 3394
f 3392 3494 3495
f 3392 3495 3393
f 3494 3493 3496
f 3494 3496 3495
f 3493 3391 3394
f 3493 3394 3496
f 3391 3392 3393
f 3391 3393 3394
f 3396 3395 3497
f 3396 3497 3498
f 3397 3499 3500
f 3397 3500 3398
f 3396 3498 3499
f 3396 3499 3397
f 3498 3497 3500
f 3498 3500 3499
f 3497 3395 3398
f 3497 3398 3500
f 3395 3396 3397
f 3395 3397 3398
f 3400 3399 3501
f 3400 3501 3502
f 3401 3503 3504
f 3401 3504 3402
f 3400 3502 3503
f 3400 3503 3401
f 3502 3501 3504
f 3502 3504 3503
f 3501 3399 3402
f 3501 3402 3504
f 3399 3400 3401
f 3399 3401 3402
f 3404 3403 3505
f 3404 3505 3506
f 3405 3507 3508
f 3405 3508 3406
f 3404 3506 3507
f 3404 3507 3405
f 3506 3505 3508
f 3506 3508 3507
f 3505 3403 3406
f 3505 3406 3508
f 3403 3404 3405
f 3403 3405 3406
f 3408 3407 3509
f 3408 3509 3510
f 3409 3511 3512
f 3409 3512 3410
f 3408 3510 3511
f 3408 3511 3409
f 3510 3509 3512
f 3510 3512 3511
f 3509 3407 3410
f 3509 3410 3512
f 3407 3408 3409
f 3407 3409 3410
f 3513 3514 3515
f 3513 3515 3516
f 3517 3518 3519
f 3517 3519 3520
f 3513 3516 3518
f 3513 3518 3517
f 3516 3515 3519
f 3516 3519 3518
f 3515 3514 3520
f 3515 3520 3519
f 3514 3513 3517
f 3514 3517 3520
f 3521 3522 3523
f 3521 3523 3524
f 3525 3526 3527
f 3525 3527 3528
f 3521 3524 3526
f 3521 3526 3525
f 3524 3523 3527
f 3524 3527 3526
f 3523 3522 3528
f 3523 3528 3527
f 3522 3521 3525
f 3522 3525 3528
f 3412 3411 3529
f 3412 3529 3530
f 3413 3531 3532
f 3413 3532 3414
f 3412 3530 3531
f 3412 3531 3413
f 3530 3529 3532
f 3530 3532 3531
f 3529 3411 3414
f 3529 3414 3532
f 3411 3412 3413
f 3411 3413 3414
f 3416 3415 3533
f 3416 3533 3534
f 3417 3535 3536
f 3417 3536 3418
f 3416 3534 3535
f 3416 3535 3417
f 3534 3533 3536
f 3534 3536 3535
f 3533 3415 3418
f 3533 3418 3536
f 3415 3416 3417
f 3415 3417 3418
f 3420 3419 3537
f 3420 3537 3538
f 3421 3539 3540
f 3421 3540 3422
f 3420 3538 3539
f 3420 3539 3421
f 3538 3537 3540
f 3538 3540 3539
f 3537 3419 3422
f 3537 3422 3540
f 3419 3420 3421
f 3419 3421 3422
f 3424 3423 3541
f 3424 3541 3542
f 3425 3543 3544
f 3425 3544 3426
f 3424 3542 3543
f 3424 3543 3425
f 3542 3541 3544
f 3542 3544 3543
f 3541 3423 3426
f 3541 3426 3544
f 3423 3424 3425
f 3423 3425 3426
f 3428 3427 3545
f 3428 3545 3546
f 3429 3547 3548
f 3429 3548 3430
f 3428 3546 3547
f 3428 3547 3429
f 3546 3545 3548
f 3546 3548 3547
f 3545 3427 3430
f 3545 3430 3548
f 3427 3428 3429
f 3427 3429 3430
f 3427 3431 3549
f 3427 3549 3545
f 3430 3548 3550
f 3430 3550 3432
f 3427 3545 3548
f 3427 3548 3430
f 3545 3549 3550
f 3545 3550 3548
f 3549 3431 3432
f 3549 3432 3550
f 3431 3427 3430
f 3431 3430 3432
f 3431 3433 3551
f 3431 3551 3549
f 3432 3550 3552
f 3432 3552 3434
f 3431 3549 3550
f 3431 3550 3432
f 3549 3551 3552
f 3549 3552 3550
f 3551 3433 3434
f 3551 3434 3552
f 3433 3431 3432
f 3433 3432 3434
f 3436 3435 3553
f 3436 3553 3554
f 3437 3555 3556
f 3437 3556 3438
f 3436 3554 3555
f 3436 3555 3437
f 3554 3553 3556
f 3554 3556 3555
f 3553 3435 3438
f 3553 3438 3556
f 3435 3436 3437
f 3435 3437 3438
f 3440 3439 3557
f 3440 3557 3558
f 3441 3559 3560
f 3441 3560 3442
f 3440 3558 3559
f 3440 3559 3441
f 3558 3557 3560
f 3558 3560 3559
f 3557 3439 3442
f 3557 3442 3560
f 3439 3440 3441
f 3439 3441 3442
f 3439 3443 3561
f 3439 3561 3557
f 3442 3560 3562
f 3442 3562 3444
f 3439 3557 3560
f 3439 3560 3442
f 3557 3561 3562
f 3557 3562 3560
f 3561 3443 3444
f 3561 3444 3562
f 3443 3439 3442
f 3443 3442 3444
f 3446 3445 3563
f 3446 3563 3564
f 3447 3565 3566
f 3447 3566 3448
f 3446 3564 3565
f 3446 3565 3447
f 3564 3563 3566
f 3564 3566 3565
f 3563 3445 3448
f 3563 3448 3566
f 3445 3446 3447
f 3445 3447 3448
f 3445 3449 3567
f 3445 3567 3563
f 3448 3566 3568
f 3448 3568 3450
f 3445 3563 3566
f 3445 3566 3448
f 3563 3567 3568
f 3563 3568 3566
f 3567 3449 3450
f 3567 3450 3568
f 3449 3445 3448
f 3449 3448 3450
f 3452 3451 3569
f 3452 3569 3570
f 3453 3571 3572
f 3453 3572 3454
f 3452 3570 3571
f 3452 3571 3453
f 3570 3569 3572
f 3570 3572 3571
f 3569 3451 3454
f 3569 3454 3572
f 3451 3452 3453
f 3451 3453 3454
f 3451 3455 3573
f 3451 3573 3569
f 3454 3572 3574
f 3454 3574 3456
f 3451 3569 3572
f 3451 3572 3454
f 3569 3573 3574
f 3569 3574 3572
f 3573 3455 3456
f 3573 3456 3574
f 3455 3451 3454
f 3455 3454 3456
f 3455 3457 3575
f 3455 3575 3573
f 3456 3574 3576
f 3456 3576 3458
f 3455 3573 3574
f 3455 3574 3456
f 3573 3575 3576
f 3573 3576 3574
f 3575 3457 3458
f 3575 3458 3576
f 3457 3455 3456
f 3457 3456 3458
f 3460 3459 3577
f 3460 3577 3578
f 3461 3579 3580
f 3461 3580 3462
f 3460 3578 3579
f 3460 3579 3461
f 3578 3577 3580
f 3578 3580 3579
f 3577 3459 3462
f 3577 3462 3580
f 3459 3460 3461
f 3459 3461 3462
f 3459 3463 3581
f 3459 3581 3577
f 3462 3580 3582
f 3462 3582 3464
f 3459 3577 3580
f 3459 3580 3462
f 3577 3581 3582
f 3577 3582 3580
f 3581 3463 3464
f 3581 3464 3582
f 3463 3459 3462
f 3463 3462 3464
f 3463 3465 3583
f 3463 3583 3581
f 3464 3582 3584
f 3464 3584 3466
f 3463 3581 3582
f 3463 3582 3464
f 3581 3583 3584
f 3581 3584 3582
f 3583 3465 3466
f 3583 3466 3584
f 3465 3463 3464
f 3465 3464 3466
f 3468 3467 3585
f 3468 3585 3586
f 3469 3587 3588
f 3469 3588 3470
f 3468 3586 3587
f 3468 3587 3469
f 3586 3585 3588
f 3586 3588 3587
f 3585 3467 3470
f 3585 3470 3588
f 3467 3468 3469
f 3467 3469 3470
f 3467 3471 3589
f 3467 3589 3585
f 3470 3588 3590
f 3470 3590 3472
f 3467 3585 3588
f 3467 3588 3470
f 3585 3589 3590
f 3585 3590 3588
f 3589 3471 3472
f 3589 3472 3590
f 3471 3467 3470
f 3471 3470 3472
f 3474 3473 3591
f 3474 3591 3592
f 3475 3593 3594
f 3475 3594 3476
f 3474 3592 3593
f 3474 3593 3475
f 3592 3591 3594
f 3592 3594 3593
f 3591 3473 3476
f 3591 3476 3594
f 3473 3474 3475
f 3473 3475 3476
f 3478 3477 3595
f 3478 3595 3596
f 3479 3597 3598
f 3479 3598 3480
f 3478 3596 3597
f 3478 3597 3479
f 3596 3595 3598
f 3596 3598 3597
f 3595 3477 3480
f 3595 3480 3598
f 3477 3478 3479
f 3477 3479 3480
f 3482 3481 3599
f 3482 3599 3600
f 3483 3601 3602
f 3483 3602 3484
f 3482 3600 3601
f 3482 3601 3483
f 3600 3599 3602
f 3600 3602 3601
f 3599 3481 3484
f 3599 3484 3602
f 3481 3482 3483
f 3481 3483 3484
f 3486 3485 3603
f 3486 3603 3604
f 3487 3605 3606
f 3487 3606 3488
f 3486 3604 3605
f 3486 3605 3487
f 3604 3603 3606
f 3604 3606 3605
f 3603 3485 3488
f 3603 3488 3606
f 3485 3486 3487
f 3485 3487 3488
f 3490 3489 3607
f 3490 3607 3608
f 3491 3609 3610
f 3491 3610 3492
f 3490 3608 3609
f 3490 3609 3491
f 3608 3607 3610
f 3608 3610 3609
f 3607 3489 3492
f 3607 3492 3610
f 3489 3490 3491
f 3489 3491 3492
f 3494 3493 3611
f 3494 3611 3612
f 3495 3613 3614
f 3495 3614 3496
f 3494 3612 3613
f 3494 3613 3495
f 3612 3611 3614
f 3612 3614 3613
f 3611 3493 3496
f 3611 3496 3614
f 3493 3494 3495
f 3493 3495 3496
f 3498 3497 3615
f 3498 3615 3616
f 3499 3617 3618
f 3499 3618 3500
f 3498 3616 3617
f 3498 3617 3499
f 3616 3615 3618
f 3616 3618 3617
f 3615 3497 3500
f 3615 3500 3618
f 3497 3498 3499
f 3497 3499 3500
f 3502 3501 3619
f 3502 3619 3620
f 3503 3621 3622
f 3503 3622 3504
f 3502 3620 3621
f 3502 3621 3503
f 3620 3619 3622
f 3620 3622 3621
f 3619 3501 3504
f 3619 3504 3622
f 3501 3502 3503
f 3501 3503 3504
f 3506 3505 3623
f 3506 3623 3624
f 3507 3625 3626
f 3507 3626 3508
f 3506 3624 3625
f 3506 3625 3507
f 3624 3623 3626
f 3624 3626 3625
f 3623 3505 3508
f 3623 3508 3626
f 3505 3506 3507
f 3505 3507 3508
f 3510 3509 3627
f 3510 3627 3628
f 3511 3629 3630
f 3511 3630 3512
f 3510 3628 3629
f 3510 3629 3511
f 3628 3627 3630
f 3628 3630 3629
f 3627 3509 3512
f 3627 3512 3630
f 3509 3510 3511
f 3509 3511 3512
f 3516 3515 3631
f 3516 3631 3632
f 3518 3633 3634
f 3518 3634 3519
f 3516 3632 3633
f 3516 3633 3518
f 3632 3631 3634
f 3632 3634 3633
f 3631 3515 3519
f 3631 3519 3634
f 3515 3516 3518
f 3515 3518 3519
f 3635 3636 3637
f 3635 3637 3638
f 3639 3640 3641
f 3639 3641 3642
f 3635 3638 3640
f 3635 3640 3639
f 3638 3637 3641
f 3638 3641 3640
f 3637 3636 3642
f 3637 3642 3641
f 3636 3635 3639
f 3636 3639 3642
f 3643 3644 3645
f 3643 3645 3646
f 3647 3648 3649
f 3647 3649 3650
f 3643 3646 3648
f 3643 3648 3647
f 3646 3645 3649
f 3646 3649 3648
f 3645 3644 3650
f 3645 3650 3649
f 3644 3643 3647
f 3644 3647 3650
f 3524 3523 3651
f 3524 3651 3652
f 3526 3653 3654
f 3526 3654 3527
f 3524 3652 3653
f 3524 3653 3526
f 3652 3651 3654
f 3652 3654 3653
f 3651 3523 3527
f 3651 3527 3654
f 3523 3524 3526
f 3523 3526 3527
f 3530 3529 3655
f 3530 3655 3656
f 3531 3657 3658
f 3531 3658 3532
f 3530 3656 3657
f 3530 3657 3531
f 3656 3655 3658
f 3656 3658 3657
f 3655 3529 3532
f 3655 3532 3658
f 3529 3530 3531
f 3529 3531 3532
f 3534 3533 3659
f 3534 3659 3660
f 3535 3661 3662
f 3535 3662 3536
f 3534 3660 3661
f 3534 3661 3535
f 3660 3659 3662
f 3660 3662 3661
f 3659 3533 3536
f 3659 3536 3662
f 3533 3534 3535
f 3533 3535 3536
f 3538 3537 3663
f 3538 3663 3664
f 3539 3665 3666
f 3539 3666 3540
f 3538 3664 3665
f 3538 3665 3539
f 3664 3663 3666
f 3664 3666 3665
f 3663 3537 3540
f 3663 3540 3666
f 3537 3538 3539
f 3537 3539 3540
f 3542 3541 3667
f 3542 3667 3668
f 3543 3669 3670
f 3543 3670 3544
f 3542 3668 3669
f 3542 3669 3543
f 3668 3667 3670
f 3668 3670 3669
f 3667 3541 3544
f 3667 3544 3670
f 3541 3542 3543
f 3541 3543 3544
f 3546 3545 3671
f 3546 3671 3672
f 3547 3673 3674
f 3547 3674 3548
f 3546 3672 3673
f 3546 3673 3547
f 3672 3671 3674
f 3672 3674 3673
f 3671 3545 3548
f 3671 3548 3674
f 3545 3546 3547
f 3545 3547 3548
f 3545 3549 3675
f 3545 3675 3671
f 3548 3674 3676
f 3548 3676 3550
f 3545 3671 3674
f 3545 3674 3548
f 3671 3675 3676
f 3671 3676 3674
f 3675 3549 3550
f 3675 3550 3676
f 3549 3545 3548
f 3549 3548 3550
f 3549 3551 3677
f 3549 3677 3675
f 3550 3676 3678
f 3550 3678 3552
f 3549 3675 3676
f 3549 3676 3550
f 3675 3677 3678
f 3675 3678 3676
f 3677 3551 3552
f 3677 3552 3678
f 3551 3549 3550
f 3551 3550 3552
f 3554 3553 3679
f 3554 3679 3680
f 3555 3681 3682
f 3555 3682 3556
f 3554 3680 3681
f 3554 3681 3555
f 3680 3679 3682
f 3680 3682 3681
f 3679 3553 3556
f 3679 3556 3682
f 3553 3554 3555
f 3553 3555 3556
f 3558 3557 3683
f 3558 3683 3684
f 3559 3685 3686
f 3559 3686 3560
f 3558 3684 3685
f 3558 3685 3559
f 3684 3683 3686
f 3684 3686 3685
f 3683 3557 3560
f 3683 3560 3686
f 3557 3558 3559
f 3557 3559 3560
f 3557 3561 3687
f 3557 3687 3683
f 3560 3686 3688
f 3560 3688 3562
f 3557 3683 3686
f 3557 3686 3560
f 3683 3687 3688
f 3683 3688 3686
f 3687 3561 3562
f 3687 3562 3688
f 3561 3557 3560
f 3561 3560 3562
f 3564 3563 3689
f 3564 3689 3690
f 3565 3691 3692
f 3565 3692 3566
f 3564 3690 3691
f 3564 3691 3565
f 3690 3689 3692
f 3690 3692 3691
f 3689 3563 3566
f 3689 3566 3692
f 3563 3564 3565
f 3563 3565 3566
f 3563 3567 3693
f 3563 3693 3689
f 3566 3692 3694
f 3566 3694 3568
f 3563 3689 3692
f 3563 3692 3566
f 3689 3693 3694
f 3689 3694 3692
f 3693 3567 3568
f 3693 3568 3694
f 3567 3563 3566
f 3567 3566 3568
f 3570 3569 3695
f 3570 3695 3696
f 3571 3697 3698
f 3571 3698 3572
f 3570 3696 3697
f 3570 3697 3571
f 3696 3695 3698
f 3696 3698 3697
f 3695 3569 3572
f 3695 3572 3698
f 3569 3570 3571
f 3569 3571 3572
f 3569 3573 3699
f 3569 3699 3695
f 3572 3698 3700
f 3572 3700 3574
f 3569 3695 3698
f 3569 3698 3572
f 3695 3699 3700
f 3695 3700 3698
f 3699 3573 3574
f 3699 3574 3700
f 3573 3569 3572
f 3573 3572 3574
f 3573 3575 3701
f 3573 3701 3699
f 3574 3700 3702
f 3574 3702 3576
f 3573 3699 3700
f 3573 3700 3574
f 3699 3701 3702
f 3699 3702 3700
f 3701 3575 3576
f 3701 3576 3702
f 3575 3573 3574
f 3575 3574 3576
f 3578 3577 3703
f 3578 3703 3704
f 3579 3705 3706
f 3579 3706 3580
f 3578 3704 3705
f 3578 3705 3579
f 3704 3703 3706
f 3704 3706 3705
f 3703 3577 3580
f 3703 3580 3706
f 3577 3578 3579
f 3577 3579 3580
f 3577 3581 3707
f 3577 3707 3703
f 3580 3706 3708
f 3580 3708 3582
f 3577 3703 3706
f 3577 3706 3580
f 3703 3707 3708
f 3703 3708 3706
f 3707 3581 3582
f 3707 3582 3708
f 3581 3577 3580
f 3581 3580 3582
f 3581 3583 3709
f 3581 3709 3707
f 3582 3708 3710
f 3582 3710 3584
f 3581 3707 3708
f 3581 3708 3582
f 3707 3709 3710
f 3707 3710 3708
f 3709 3583 3584
f 3709 3584 3710
f 3583 3581 3582
f 3583 3582 3584
f 3586 3585 3711
f 3586 3711 3712
f 3587 3713 3714
f 3587 3714 3588
f 3586 3712 3713
f 3586 3713 3587
f 3712 3711 3714
f 3712 3714 3713
f 3711 3585 3588
f 3711 3588 3714
f 3585 3586 3587
f 3585 3587 3588
f 3585 3589 3715
f 3585 3715 3711
f 3588 3714 3716
f 3588 3716 3590
f 3585 3711 3714
f 3585 3714 3588
f 3711 3715 3716
f 3711 3716 3714
f 3715 3589 3590
f 3715 3590 3716
f 3589 3585 3588
f 3589 3588 3590
f 3592 3591 3717
f 3592 3717 3718
f 3593 3719 3720
f 3593 3720 3594
f 3592 3718 3719
f 3592 3719 3593
f 3718 3717 3720
f 3718 3720 3719
f 3717 3591 3594
f 3717 3594 3720
f 3591 3592 3593
f 3591 3593 3594
f 3596 3595 3721
f 3596 3721 3722
f 3597 3723 3724
f 3597 3724 3598
f 3596 3722 3723
f 3596 3723 3597
f 3722 3721 3724
f 3722 3724 3723
f 3721 3595 3598
f 3721 3598 3724
f 3595 3596 3597
f 3595 3597 3598
f 3600 3599 3725
f 3600 3725 3726
f 3601 3727 3728
f 3601 3728 3602
f 3600 3726 3727
f 3600 3727 3601
f 3726 3725 3728
f 3726 3728 3727
f 3725 3599 3602
f 3725 3602 3728
f 3599 3600 3601
f 3599 3601 3602
f 3604 3603 3729
f 3604 3729 3730
f 3605 3731 3732
f 3605 3732 3606
f 3604 3730 3731
f 3604 3731 3605
f 3730 3729 3732
f 3730 3732 3731
f 3729 3603 3606
f 3729 3606 3732
f 3603 3604 3605
f 3603 3605 3606
f 3608 3607 3733
f 3608 3733 3734
f 3609 3735 3736
f 3609 3736 3610
f 3608 3734 3735
f 3608 3735 3609
f 3734 3733 3736
f 3734 3736 3735
f 3733 3607 3610
f 3733 3610 3736
f 3607 3608 3609
f 3607 3609 3610
f 3612 3611 3737
f 3612 3737 3738
f 3613 3739 3740
f 3613 3740 3614
f 3612 3738 3739
f 3612 3739 3613
f 3738 3737 3740
f 3738 3740 3739
f 3737 3611 3614
f 3737 3614 3740
f 3611 3612 3613
f 3611 3613 3614
f 3616 3615 3741
f 3616 3741 3742
f 3617 3743 3744
f 3617 3744 3618
f 3616 3742 3743
f 3616 3743 3617
f 3742 3741 3744
f 3742 3744 3743
f 3741 3615 3618
f 3741 3618 3744
f 3615 3616 3617
f 3615 3617 3618
f 3620 3619 3745
f 3620 3745 3746
f 3621 3747 3748
f 3621 3748 3622
f 3620 3746 3747
f 3620 3747 3621
f 3746 3745 3748
f 3746 3748 3747
f 3745 3619 3622
f 3745 3622 3748
f 3619 3620 3621
f 3619 3621 3622
f 3624 3623 3749
f 3624 3749 3750
f 3625 3751 3752
f 3625 3752 3626
f 3624 3750 3751
f 3624 3751 3625
f 3750 3749 3752
f 3750 3752 3751
f 3749 3623 3626
f 3749 3626 3752
f 3623 3624 3625
f 3623 3625 3626
f 3628 3627 3753
f 3628 3753 3754
f 3629 3755 3756
f 3629 3756 3630
f 3628 3754 3755
f 3628 3755 3629
f 3754 3753 3756
f 3754 3756 3755
f 3753 3627 3630
f 3753 3630 3756
f 3627 3628 3629
f 3627 3629 3630
f 3632 3631 3757
f 3632 3757 3758
f 3633 3759 3760
f 3633 3760 3634
f 3632 3758 3759
f 3632 3759 3633
f 3758 3757 3760
f 3758 3760 3759
f 3757 3631 3634
f 3757 3634 3760
f 3631 3632 3633
f 3631 3633 3634
f 3638 3637 3761
f 3638 3761 3762
f 3640 3763 3764
f 3640 3764 3641
f 3638 3762 3763
f 3638 3763 3640
f 3762 3761 3764
f 3762 3764 3763
f 3761 3637 3641
f 3761 3641 3764
f 3637 3638 3640
f 3637 3640 3641
f 3765 3766 3767
f 3765 3767 3768
f 3769 3770 3771
f 3769 3771 3772
f 3765 3768 3770
f 3765 3770 3769
f 3768 3767 3771
f 3768 3771 3770
f 3767 3766 3772
f 3767 3772 3771
f 3766 3765 3769
f 3766 3769 3772
f 3773 3774 3775
f 3773 3775 3776
f 3777 3778 3779
f 3777 3779 3780
f 3773 3776 3778
f 3773 3778 3777
f 3776 3775 3779
f 3776 3779 3778
f 3775 3774 3780
f 3775 3780 3779
f 3774 3773 3777
f 3774 3777 3780
f 3781 3782 3783
f 3781 3783 3784
f 3785 3786 3787
f 3785 3787 3788
f 3781 3784 3786
f 3781 3786 3785
f 3784 3783 3787
f 3784 3787 3786
f 3783 3782 3788
f 3783 3788 3787
f 3782 3781 3785
f 3782 3785 3788
f 3789 3790 3791
f 3789 3791 3792
f 3793 3794 3795
f 3793 3795 3796
f 3789 3792 3794
f 3789 3794 3793
f 3792 3791 3795
f 3792 3795 3794
f 3791 3790 3796
f 3791 3796 3795
f 3790 3789 3793
f 3790 3793 3796
f 3646 3645 3797
f 3646 3797 3798
f 3648 3799 3800
f 3648 3800 3649
f 3646 3798 3799
f 3646 3799 3648
f 3798 3797 3800
f 3798 3800 3799
f 3797 3645 3649
f 3797 3649 3800
f 3645 3646 3648
f 3645 3648 3649
f 3652 3651 3801
f 3652 3801 3802
f 3653 3803 3804
f 3653 3804 3654
f 3652 3802 3803
f 3652 3803 3653
f 3802 3801 3804
f 3802 3804 3803
f 3801 3651 3654
f 3801 3654 3804
f 3651 3652 3653
f 3651 3653 3654
f 3656 3655 3805
f 3656 3805 3806
f 3657 3807 3808
f 3657 3808 3658
f 3656 3806 3807
f 3656 3807 3657
f 3806 3805 3808
f 3806 3808 3807
f 3805 3655 3658
f 3805 3658 3808
f 3655 3656 3657
f 3655 3657 3658
f 3660 3659 3809
f 3660 3809 3810
f 3661 3811 3812
f 3661 3812 3662
f 3660 3810 3811
f 3660 3811 3661
f 3810 3809 3812
f 3810 3812 3811
f 3809 3659 3662
f 3809 3662 3812
f 3659 3660 3661
f 3659 3661 3662
f 3664 3663 3813
f 3664 3813 3814
f 3665 3815 3816
f 3665 3816 3666
f 3664 3814 3815
f 3664 3815 3665
f 3814 3813 3816
f 3814 3816 3815
f 3813 3663 3666
f 3813 3666 3816
f 3663 3664 3665
f 3663 3665 3666
f 3668 3667 3817
f 3668 3817 3818
f 3669 3819 3820
f 3669 3820 3670
f 3668 3818 3819
f 3668 3819 3669
f 3818 3817 3820
f 3818 3820 3819
f 3817 3667 3670
f 3817 3670 3820
f 3667 3668 3669
f 3667 3669 3670
f 3672 3671 3821
f 3672 3821 3822
f 3673 3823 3824
f 3673 3824 3674
f 3672 3822 3823
f 3672 3823 3673
f 3822 3821 3824
f 3822 3824 3823
f 3821 3671 3674
f 3821 3674 3824
f 3671 3672 3673
f 3671 3673 3674
f 3671 3675 3825
f 3671 3825 3821
f 3674 3824 3826
f 3674 3826 3676
f 3671 3821 3824
f 3671 3824 3674
f 3821 3825 3826
f 3821 3826 3824
f 3825 3675 3676
f 3825 3676 3826
f 3675 3671 3674
f 3675 3674 3676
f 3675 3677 3827
f 3675 3827 3825
f 3676 3826 3828
f 3676 3828 3678
f 3675 3825 3826
f 3675 3826 3676
f 3825 3827 3828
f 3825 3828 3826
f 3827 3677 3678
f 3827 3678 3828
f 3677 3675 3676
f 3677 3676 3678
f 3680 3679 3829
f 3680 3829 3830
f 3681 3831 3832
f 3681 3832 3682
f 3680 3830 3831
f 3680 3831 3681
f 3830 3829 3832
f 3830 3832 3831
f 3829 3679 3682
f 3829 3682 3832
f 3679 3680 3681
f 3679 3681 3682
f 3684 3683 3833
f 3684 3833 3834
f 3685 3835 3836
f 3685 3836 3686
f 3684 3834 3835
f 3684 3835 3685
f 3834 3833 3836
f 3834 3836 3835
f 3833 3683 3686
f 3833 3686 3836
f 3683 3684 3685
f 3683 3685 3686
f 3683 3687 3837
f 3683 3837 3833
f 3686 3836 3838
f 3686 3838 3688
f 3683 3833 3836
f 3683 3836 3686
f 3833 3837 3838
f 3833 3838 3836
f 3837 3687 3688
f 3837 3688 3838
f 3687 3683 3686
f 3687 3686 3688
f 3690 3689 3839
f 3690 3839 3840
f 3691 3841 3842
f 3691 3842 3692
f 3690 3840 3841
f 3690 3841 3691
f 3840 3839 3842
f 3840 3842 3841
f 3839 3689 3692
f 3839 3692 3842
f 3689 3690 3691
f 3689 3691 3692
f 3689 3693 3843
f 3689 3843 3839
f 3692 3842 3844
f 3692 3844 3694
f 3689 3839 3842
f 3689 3842 3692
f 3839 3843 3844
f 3839 3844 3842
f 3843 3693 3694
f 3843 3694 3844
f 3693 3689 3692
f 3693 3692 3694
f 3696 3695 3845
f 3696 3845 3846
f 3697 3847 3848
f 3697 3848 3698
f 3696 3846 3847
f 3696 3847 3697
f 3846 3845 3848
f 3846 3848 3847
f 3845 3695 3698
f 3845 3698 3848
f 3695 3696 3697
f 3695 3697 3698
f 3695 3699 3849
f 3695 3849 3845
f 3698 3848 3850
f 3698 3850 3700
f 3695 3845 3848
f 3695 3848 3698
f 3845 3849 3850
f 3845 3850 3848
f 3849 3699 3700
f 3849 3700 3850
f 3699 3695 3698
f 3699 3698 3700
f 3699 3701 3851
f 3699 3851 3849
f 3700 3850 3852
f 3700 3852 3702
f 3699 3849 3850
f 3699 3850 3700
f 3849 3851 3852
f 3849 3852 3850
f 3851 3701 3702
f 3851 3702 3852
f 3701 3699 3700
f 3701 3700 3702
f 3704 3703 3853
f 3704 3853 3854
f 3705 3855 3856
f 3705 3856 3706
f 3704 3854 3855
f 3704 3855 3705
f 3854 3853 3856
f 3854 3856 3855
f 3853 3703 3706
f 3853 3706 3856
f 3703 3704 3705
f 3703 3705 3706
f 3703 3707 3857
f 3703 3857 3853
f 3706 3856 3858
f 3706 3858 3708
f 3703 3853 3856
f 3703 3856 3706
f 3853 3857 3858
f 3853 3858 3856
f 3857 3707 3708
f 3857 3708 3858
f 3707 3703 3706
f 3707 3706 3708
f 3707 3709 3859
f 3707 3859 3857
f 3708 3858 3860
f 3708 3860 3710
f 3707 3857 3858
f 3707 3858 3708
f 3857 3859 3860
f 3857 3860 3858
f 3859 3709 3710
f 3859 3710 3860
f 3709 3707 3708
f 3709 3708 3710
f 3712 3711 3861
f 3712 3861 3862
f 3713 3863 3864
f 3713 3864 3714
f 3712 3862 3863
f 3712 3863 3713
f 3862 3861 3864
f 3862 3864 3863
f 3861 3711 3714
f 3861 3714 3864
f 3711 3712 3713
f 3711 3713 3714
f 3711 3715 3865
f 3711 3865 3861
f 3714 3864 3866
f 3714 3866 3716
f 3711 3861 3864
f 3711 3864 3714
f 3861 3865 3866
f 3861 3866 3864
f 3865 3715 3716
f 3865 3716 3866
f 3715 3711 3714
f 3715 3714 3716
f 3718 3717 3867
f 3718 3867 3868
f 3719 3869 3870
f 3719 3870 3720
f 3718 3868 3869
f 3718 3869 3719
f 3868 3867 3870
f 3868 3870 3869
f 3867 3717 3720
f 3867 3720 3870
f 3717 3718 3719
f 3717 3719 3720
f 3722 3721 3871
f 3722 3871 3872
f 3723 3873 3874
f 3723 3874 3724
f 3722 3872 3873
f 3722 3873 3723
f 3872 3871 3874
f 3872 3874 3873
f 3871 3721 3724
f 3871 3724 3874
f 3721 3722 3723
f 3721 3723 3724
f 3726 3725 3875
f 3726 3875 3876
f 3727 3877 3878
f 3727 3878 3728
f 3726 3876 3877
f 3726 3877 3727
f 3876 3875 3878
f 3876 3878 3877
f 3875 3725 3728
f 3875 3728 3878
f 3725 3726 3727
f 3725 3727 3728
f 3730 3729 3879
f 3730 3879 3880
f 3731 3881 3882
f 3731 3882 3732
f 3730 3880 3881
f 3730 3881 3731
f 3880 3879 3882
f 3880 3882 3881
f 3879 3729 3732
f 3879 3732 3882
f 3729 3730 3731
f 3729 3731 3732
f 3734 3733 3883
f 3734 3883 3884
f 3735 3885 3886
f 3735 3886 3736
f 3734 3884 3885
f 3734 3885 3735
f 3884 3883 3886
f 3884 3886 3885
f 3883 3733 3736
f 3883 3736 3886
f 3733 3734 3735
f 3733 3735 3736
f 3738 3737 3887
f 3738 3887 3888
f 3739 3889 3890
f 3739 3890 3740
f 3738 3888 3889
f 3738 3889 3739
f 3888 3887 3890
f 3888 3890 3889
f 3887 3737 3740
f 3887 3740 3890
f 3737 3738 3739
f 3737 3739 3740
f 3742 3741 3891
f 3742 3891 3892
f 3743 3893 3894
f 3743 3894 3744
f 3742 3892 3893
f 3742 3893 3743
f 3892 3891 3894
f 3892 3894 3893
f 3891 3741 3744
f 3891 3744 3894
f 3741 3742 3743
f 3741 3743 3744
f 3746 3745 3895
f 3746 3895 3896
f 3747 3897 3898
f 3747 3898 3748
f 3746 3896 3897
f 3746 3897 3747
f 3896 3895 3898
f 3896 3898 3897
f 3895 3745 3748
f 3895 3748 3898
f 3745 3746 3747
f 3745 3747 3748
f 3750 3749 3899
f 3750 3899 3900
f 3751 3901 3902
f 3751 3902 3752
f 3750 3900 3901
f 3750 3901 3751
f 3900 3899 3902
f 3900 3902 3901
f 3899 3749 3752
f 3899 3752 3902
f 3749 3750 3751
f 3749 3751 3752
f 3754 3753 3903
f 3754 3903 3904
f 3755 3905 3906
f 3755 3906 3756
f 3754 3904 3905
f 3754 3905 3755
f 3904 3903 3906
f 3904 3906 3905
f 3903 3753 3756
f 3903 3756 3906
f 3753 3754 3755
f 3753 3755 3756
f 3758 3757 3907
f 3758 3907 3908
f 3759 3909 3910
f 3759 3910 3760
f 3758 3908 3909
f 3758 3909 3759
f 3908 3907 3910
f 3908 3910 3909
f 3907 3757 3760
f 3907 3760 3910
f 3757 3758 3759
f 3757 3759 3760
f 3762 3761 3911
f 3762 3911 3912
f 3763 3913 3914
f 3763 3914 3764
f 3762 3912 3913
f 3762 3913 3763
f 3912 3911 3914
f 3912 3914 3913
f 3911 3761 3764
f 3911 3764 3914
f 3761 3762 3763
f 3761 3763 3764
f 3768 3767 3915
f 3768 3915 3916
f 3770 3917 3918
f 3770 3918 3771
f 3768 3916 3917
f 3768 3917 3770
f 3916 3915 3918
f 3916 3918 3917
f 3915 3767 3771
f 3915 3771 3918
f 3767 3768 3770
f 3767 3770 3771
f 3776 3775 3919
f 3776 3919 3920
f 3778 3921 3922
f 3778 3922 3779
f 3776 3920 3921
f 3776 3921 3778
f 3920 3919 3922
f 3920 3922 3921
f 3919 3775 3779
f 3919 3779 3922
f 3775 3776 3778
f 3775 3778 3779
f 3923 3924 3925
f 3923 3925 3926
f 3927 3928 3929
f 3927 3929 3930
f 3923 3926 3928
f 3923 3928 3927
f 3926 3925 3929
f 3926 3929 3928
f 3925 3924 3930
f 3925 3930 3929
f 3924 3923 3927
f 3924 3927 3930
f 3931 3932 3933
f 3931 3933 3934
f 3935 3936 3937
f 3935 3937 3938
f 3931 3934 3936
f 3931 3936 3935
f 3934 3933 3937
f 3934 3937 3936
f 3933 3932 3938
f 3933 3938 3937
f 3932 3931 3935
f 3932 3935 3938
f 3784 3783 3939
f 3784 3939 3940
f 3786 3941 3942
f 3786 3942 3787
f 3784 3940 3941
f 3784 3941 3786
f 3940 3939 3942
f 3940 3942 3941
f 3939 3783 3787
f 3939 3787 3942
f 3783 3784 3786
f 3783 3786 3787
f 3792 3791 3943
f 3792 3943 3944
f 3794 3945 3946
f 3794 3946 3795
f 3792 3944 3945
f 3792 3945 3794
f 3944 3943 3946
f 3944 3946 3945
f 3943 3791 3795
f 3943 3795 3946
f 3791 3792 3794
f 3791 3794 3795
f 3798 3797 3947
f 3798 3947 3948
f 3799 3949 3950
f 3799 3950 3800
f 3798 3948 3949
f 3798 3949 3799
f 3948 3947 3950
f 3948 3950 3949
f 3947 3797 3800
f 3947 3800 3950
f 3797 3798 3799
f 3797 3799 3800
f 3802 3801 3951
f 3802 3951 3952
f 3803 3953 3954
f 3803 3954 3804
f 3802 3952 3953
f 3802 3953 3803
f 3952 3951 3954
f 3952 3954 3953
f 3951 3801 3804
f 3951 3804 3954
f 3801 3802 3803
f 3801 3803 3804
f 3806 3805 3955
f 3806 3955 3956
f 3807 3957 3958
f 3807 3958 3808
f 3806 3956 3957
f 3806 3957 3807
f 3956 3955 3958
f 3956 3958 3957
f 3955 3805 3808
f 3955 3808 3958
f 3805 3806 3807
f 3805 3807 3808
f 3810 3809 3959
f 3810 3959 3960
f 3811 3961 3962
f 3811 3962 3812
f 3810 3960 3961
f 3810 3961 3811
f 3960 3959 3962
f 3960 3962 3961
f 3959 3809 3812
f 3959 3812 3962
f 3809 3810 3811
f 3809 3811 3812
f 3814 3813 3963
f 3814 3963 3964
f 3815 3965 3966
f 3815 3966 3816
f 3814 3964 3965
f 3814 3965 3815
f 3964 3963 3966
f 3964 3966 3965
f 3963 3813 3816
f 3963 3816 3966
f 3813 3814 3815
f 3813 3815 3816
f 3818 3817 3967
f 3818 3967 3968
f 3819 3969 3970
f 3819 3970 3820
f 3818 3968 3969
f 3818 3969 3819
f 3968 3967 3970
f 3968 3970 3969
f 3967 3817 3820
f 3967 3820 3970
f 3817 3818 3819
f 3817 3819 3820
f 3822 3821 3971
f 3822 3971 3972
f 3823 3973 3974
f 3823 3974 3824
f 3822 3972 3973
f 3822 3973 3823
f 3972 3971 3974
f 3972 3974 3973
f 3971 3821 3824
f 3971 3824 3974
f 3821 3822 3823
f 3821 3823 3824
f 3821 3825 3975
f 3821 3975 3971
f 3824 3974 3976
f 3824 3976 3826
f 3821 3971 3974
f 3821 3974 3824
f 3971 3975 3976
f 3971 3976 3974
f 3975 3825 3826
f 3975 3826 3976
f 3825 3821 3824
f 3825 3824 3826
f 3825 3827 3977
f 3825 3977 3975
f 3826 3976 3978
f 3826 3978 3828
f 3825 3975 3976
f 3825 3976 3826
f 3975 3977 3978
f 3975 3978 3976
f 3977 3827 3828
f 3977 3828 3978
f 3827 3825 3826
f 3827 3826 3828
f 3830 3829 3979
f 3830 3979 3980
f 3831 3981 3982
f 3831 3982 3832
f 3830 3980 3981
f 3830 3981 3831
f 3980 3979 3982
f 3980 3982 3981
f 3979 3829 3832
f 3979 3832 3982
f 3829 3830 3831
f 3829 3831 3832
f 3834 3833 3983
f 3834 3983 3984
f 3835 3985 3986
f 3835 3986 3836
f 3834 3984 3985
f 3834 3985 3835
f 3984 3983 3986
f 3984 3986 3985
f 3983 3833 3836
f 3983 3836 3986
f 3833 3834 3835
f 3833 3835 3836
f 3833 3837 3987
f 3833 3987 3983
f 3836 3986 3988
f 3836 3988 3838
f 3833 3983 3986
f 3833 3986 3836
f 3983 3987 3988
f 3983 3988 3986
f 3987 3837 3838
f 3987 3838 3988
f 3837 3833 3836
f 3837 3836 3838
f 3840 3839 3989
f 3840 3989 3990
f 3841 3991 3992
f 3841 3992 3842
f 3840 3990 3991
f 3840 3991 3841
f 3990 3989 3992
f 3990 3992 3991
f 3989 3839 3842
f 3989 3842 3992
f 3839 3840 3841
f 3839 3841 3842
f 3839 3843 3993
f 3839 3993 3989
f 3842 3992 3994
f 3842 3994 3844
f 3839 3989 3992
f 3839 3992 3842
f 3989 3993 3994
f 3989 3994 3992
f 3993 3843 3844
f 3993 3844 3994
f 3843 3839 3842
f 3843 3842 3844
f 3846 3845 3995
f 3846 3995 3996
f 3847 3997 3998
f 3847 3998 3848
f 3846 3996 3997
f 3846 3997 3847
f 3996 3995 3998
f 3996 3998 3997
f 3995 3845 3848
f 3995 3848 3998
f 3845 3846 3847
f 3845 3847 3848
f 3845 3849 3999
f 3845 3999 3995
f 3848 3998 4000
f 3848 4000 3850
f 3845 3995 3998
f 3845 3998 3848
f 3995 3999 4000
f 3995 4000 3998
f 3999 3849 3850
f 3999 3850 4000
f 3849 3845 3848
f 3849 3848 3850
f 3849 3851 4001
f 3849 4001 3999
f 3850 4000 4002
f 3850 4002 3852
f 3849 3999 4000
f 3849 4000 3850
f 3999 4001 4002
f 3999 4002 4000
f 4001 3851 3852
f 4001 3852 4002
f 3851 3849 3850
f 3851 3850 3852
f 3854 3853 4003
f 3854 4003 4004
f 3855 4005 4006
f 3855 4006 3856
f 3854 4004 4005
f 3854 4005 3855
f 4004 4003 4006
f 4004 4006 4005
f 4003 3853 3856
f 4003 3856 4006
f 3853 3854 3855
f 3853 3855 3856
f 3853 3857 4007
f 3853 4007 4003
f 3856 4006 4008
f 3856 4008 3858
f 3853 4003 4006
f 3853 4006 3856
f 4003 4007 4008
f 4003 4008 4006
f 4007 3857 3858
f 4007 3858 4008
f 3857 3853 3856
f 3857 3856 3858
f 3857 3859 4009
f 3857 4009 4007
f 3858 4008 4010
f 3858 4010 3860
f 3857 4007 4008
f 3857 4008 3858
f 4007 4009 4010
f 4007 4010 4008
f 4009 3859 3860
f 4009 3860 4010
f 3859 3857 3858
f 3859 3858 3860
f 3862 3861 4011
f 3862 4011 4012
f 3863 4013 4014
f 3863 4014 3864
f 3862 4012 4013
f 3862 4013 3863
f 4012 4011 4014
f 4012 4014 4013
f 4011 3861 3864
f 4011 3864 4014
f 3861 3862 3863
f 3861 3863 3864
f 3861 3865 4015
f 3861 4015 4011
f 3864 4014 4016
f 3864 4016 3866
f 3861 4011 4014
f 3861 4014 3864
f 4011 4015 4016
f 4011 4016 4014
f 4015 3865 3866
f 4015 3866 4016
f 3865 3861 3864
f 3865 3864 3866
f 3868 3867 4017
f 3868 4017 4018
f 3869 4019 4020
f 3869 4020 3870
f 3868 4018 4019
f 3868 4019 3869
f 4018 4017 4020
f 4018 4020 4019
f 4017 3867 3870
f 4017 3870 4020
f 3867 3868 3869
f 3867 3869 3870
f 3872 3871 4021
f 3872 4021 4022
f 3873 4023 4024
f 3873 4024 3874
f 3872 4022 4023
f 3872 4023 3873
f 4022 4021 4024
f 4022 4024 4023
f 4021 3871 3874
f 4021 3874 4024
f 3871 3872 3873
f 3871 3873 3874
f 3876 3875 4025
f 3876 4025 4026
f 3877 4027 4028
f 3877 4028 3878
f 3876 4026 4027
f 3876 4027 3877
f 4026 4025 4028
f 4026 4028 4027
f 4025 3875 3878
f 4025 3878 4028
f 3875 3876 3877
f 3875 3877 3878
f 3880 3879 4029
f 3880 4029 4030
f 3881 4031 4032
f 3881 4032 3882
f 3880 4030 4031
f 3880 4031 3881
f 4030 4029 4032
f 4030 4032 4031
f 4029 3879 3882
f 4029 3882 4032
f 3879 3880 3881
f 3879 3881 3882
f 3884 3883 4033
f 3884 4033 4034
f 3885 4035 4036
f 3885 4036 3886
f 3884 4034 4035
f 3884 4035 3885
f 4034 4033 4036
f 4034 4036 4035
f 4033 3883 3886
f 4033 3886 4036
f 3883 3884 3885
f 3883 3885 3886
f 3888 3887 4037
f 3888 4037 4038
f 3889 4039 4040
f 3889 4040 3890
f 3888 4038 4039
f 3888 4039 3889
f 4038 4037 4040
f 4038 4040 4039
f 4037 3887 3890
f 4037 3890 4040
f 3887 3888 3889
f 3887 3889 3890
f 3892 3891 4041
f 3892 4041 4042
f 3893 4043 4044
f 3893 4044 3894
f 3892 4042 4043
f 3892 4043 3893
f 4042 4041 4044
f 4042 4044 4043
f 4041 3891 3894
f 4041 3894 4044
f 3891 3892 3893
f 3891 3893 3894
f 3896 3895 4045
f 3896 4045 4046
f 3897 4047 4048
f 3897 4048 3898
f 3896 4046 4047
f 3896 4047 3897
f 4046 4045 4048
f 4046 4048 4047
f 4045 3895 3898
f 4045 3898 4048
f 3895 3896 3897
f 3895 3897 3898
f 3900 3899 4049
f 3900 4049 4050
f 3901 4051 4052
f 3901 4052 3902
f 3900 4050 4051
f 3900 4051 3901
f 4050 4049 4052
f 4050 4052 4051
f 4049 3899 3902
f 4049 3902 4052
f 3899 3900 3901
f 3899 3901 3902
f 3904 3903 4053
f 3904 4053 4054
f 3905 4055 4056
f 3905 4056 3906
f 3904 4054 4055
f 3904 4055 3905
f 4054 4053 4056
f 4054 4056 4055
f 4053 3903 3906
f 4053 3906 4056
f 3903 3904 3905
f 3903 3905 3906
f 3908 3907 4057
f 3908 4057 4058
f 3909 4059 4060
f 3909 4060 3910
f 3908 4058 4059
f 3908 4059 3909
f 4058 4057 4060
f 4058 4060 4059
f 4057 3907 3910
f 4057 3910 4060
f 3907 3908 3909
f 3907 3909 3910
f 3912 3911 4061
f 3912 4061 4062
f 3913 4063 4064
f 3913 4064 3914
f 3912 4062 4063
f 3912 4063 3913
f 4062 4061 4064
f 4062 4064 4063
f 4061 3911 3914
f 4061 3914 4064
f 3911 3912 3913
f 3911 3913 3914
f 3916 3915 4065
f 3916 4065 4066
f 3917 4067 4068
f 3917 4068 3918
f 3916 4066 4067
f 3916 4067 3917
f 4066 4065 4068
f 4066 4068 4067
f 4065 3915 3918
f 4065 3918 4068
f 3915 3916 3917
f 3915 3917 3918
f 3920 3919 4069
f 3920 4069 4070
f 3921 4071 4072
f 3921 4072 3922
f 3920 4070 4071
f 3920 4071 3921
f 4070 4069 4072
f 4070 4072 4071
f 4069 3919 3922
f 4069 3922 4072
f 3919 3920 3921
f 3919 3921 3922
f 3926 3925 4073
f 3926 4073 4074
f 3928 4075 4076
f 3928 4076 3929
f 3926 4074 4075
f 3926 4075 3928
f 4074 4073 4076
f 4074 4076 4075
f 4073 3925 3929
f 4073 3929 4076
f 3925 3926 3928
f 3925 3928 3929
f 3934 3933 4077
f 3934 4077 4078
f 3936 4079 4080
f 3936 4080 3937
f 3934 4078 4079
f 3934 4079 3936
f 4078 4077 4080
f 4078 4080 4079
f 4077 3933 3937
f 4077 3937 4080
f 3933 3934 3936
f 3933 3936 3937
f 3940 3939 4081
f 3940 4081 4082
f 3941 4083 4084
f 3941 4084 3942
f 3940 4082 4083
f 3940 4083 3941
f 4082 4081 4084
f 4082 4084 4083
f 4081 3939 3942
f 4081 3942 4084
f 3939 3940 3941
f 3939 3941 3942
f 3944 3943 4085
f 3944 4085 4086
f 3945 4087 4088
f 3945 4088 3946
f 3944 4086 4087
f 3944 4087 3945
f 4086 4085 4088
f 4086 4088 4087
f 4085 3943 3946
f 4085 3946 4088
f 3943 3944 3945
f 3943 3945 3946
f 3948 3947 4089
f 3948 4089 4090
f 3949 4091 4092
f 3949 4092 3950
f 3948 4090 4091
f 3948 4091 3949
f 4090 4089 4092
f 4090 4092 4091
f 4089 3947 3950
f 4089 3950 4092
f 3947 3948 3949
f 3947 3949 3950
f 3952 3951 4093
f 3952 4093 4094
f 3953 4095 4096
f 3953 4096 3954
f 3952 4094 4095
f 3952 4095 3953
f 4094 4093 4096
f 4094 4096 4095
f 4093 3951 3954
f 4093 3954 4096
f 3951 3952 3953
f 3951 3953 3954
f 3956 3955 4097
f 3956 4097 4098
f 3957 4099 4100
f 3957 4100 3958
f 3956 4098 4099
f 3956 4099 3957
f 4098 4097 4100
f 4098 4100 4099
f 4097 3955 3958
f 4097 3958 4100
f 3955 3956 3957
f 3955 3957 3958
f 3960 3959 4101
f 3960 4101 4102
f 3961 4103 4104
f 3961 4104 3962
f 3960 4102 4103
f 3960 4103 3961
f 4102 4101 4104
f 4102 4104 4103
f 4101 3959 3962
f 4101 3962 4104
f 3959 3960 3961
f 3959 3961 3962
f 3964 3963 4105
f 3964 4105 4106
f 3965 4107 4108
f 3965 4108 3966
f 3964 4106 4107
f 3964 4107 3965
f 4106 4105 4108
f 4106 4108 4107
f 4105 3963 3966
f 4105 3966 4108
f 3963 3964 3965
f 3963 3965 3966
f 3968 3967 4109
f 3968 4109 4110
f 3969 4111 4112
f 3969 4112 3970
f 3968 4110 4111
f 3968 4111 3969
f 4110 4109 4112
f 4110 4112 4111
f 4109 3967 3970
f 4109 3970 4112
f 3967 3968 3969
f 3967 3969 3970
f 3972 3971 4113
f 3972 4113 4114
f 3973 4115 4116
f 3973 4116 3974
f 3972 4114 4115
f 3972 4115 3973
f 4114 4113 4116
f 4114 4116 4115
f 4113 3971 3974
f 4113 3974 4116
f 3971 3972 3973
f 3971 3973 3974
f 3971 3975 4117
f 3971 4117 4113
f 3974 4116 4118
f 3974 4118 3976
f 3971 4113 4116
f 3971 4116 3974
f 4113 4117 4118
f 4113 4118 4116
f 4117 3975 3976
f 4117 3976 4118
f 3975 3971 3974
f 3975 3974 3976
f 3975 3977 4119
f 3975 4119 4117
f 3976 4118 4120
f 3976 4120 3978
f 3975 4117 4118
f 3975 4118 3976
f 4117 4119 4120
f 4117 4120 4118
f 4119 3977 3978
f 4119 3978 4120
f 3977 3975 3976
f 3977 3976 3978
f 3980 3979 4121
f 3980 4121 4122
f 3981 4123 4124
f 3981 4124 3982
f 3980 4122 4123
f 3980 4123 3981
f 4122 4121 4124
f 4122 4124 4123
f 4121 3979 3982
f 4121 3982 4124
f 3979 3980 3981
f 3979 3981 3982
f 3984 3983 4125
f 3984 4125 4126
f 3985 4127 4128
f 3985 4128 3986
f 3984 4126 4127
f 3984 4127 3985
f 4126 4125 4128
f 4126 4128 4127
f 4125 3983 3986
f 4125 3986 4128
f 3983 3984 3985
f 3983 3985 3986
f 3983 3987 4129
f 3983 4129 4125
f 3986 4128 4130
f 3986 4130 3988
f 3983 4125 4128
f 3983 4128 3986
f 4125 4129 4130
f 4125 4130 4128
f 4129 3987 3988
f 4129 3988 4130
f 3987 3983 3986
f 3987 3986 3988
f 3990 3989 4131
f 3990 4131 4132
f 3991 4133 4134
f 3991 4134 3992
f 3990 4132 4133
f 3990 4133 3991
f 4132 4131 4134
f 4132 4134 4133
f 4131 3989 3992
f 4131 3992 4134
f 3989 3990 3991
f 3989 3991 3992
f 3989 3993 4135
f 3989 4135 4131
f 3992 4134 4136
f 3992 4136 3994
f 3989 4131 4134
f 3989 4134 3992
f 4131 4135 4136
f 4131 4136 4134
f 4135 3993 3994
f 4135 3994 4136
f 3993 3989 3992
f 3993 3992 3994
f 3996 3995 4137
f 3996 4137 4138
f 3997 4139 4140
f 3997 4140 3998
f 3996 4138 4139
f 3996 4139 3997
f 4138 4137 4140
f 4138 4140 4139
f 4137 3995 3998
f 4137 3998 4140
f 3995 3996 3997
f 3995 3997 3998
f 3995 3999 4141
f 3995 4141 4137
f 3998 4140 4142
f 3998 4142 4000
f 3995 4137 4140
f 3995 4140 3998
f 4137 4141 4142
f 4137 4142 4140
f 4141 3999 4000
f 4141 4000 4142
f 3999 3995 3998
f 3999 3998 4000
f 3999 4001 4143
f 3999 4143 4141
f 4000 4142 4144
f 4000 4144 4002
f 3999 4141 4142
f 3999 4142 4000
f 4141 4143 4144
f 4141 4144 4142
f 4143 4001 4002
f 4143 4002 4144
f 4001 3999 4000
f 4001 4000 4002
f 4004 4003 4145
f 4004 4145 4146
f 4005 4147 4148
f 4005 4148 4006
f 4004 4146 4147
f 4004 4147 4005
f 4146 4145 4148
f 4146 4148 4147
f 4145 4003 4006
f 4145 4006 4148
f 4003 4004 4005
f 4003 4005 4006
f 4003 4007 4149
f 4003 4149 4145
f 4006 4148 4150
f 4006 4150 4008
f 4003 4145 4148
f 4003 4148 4006
f 4145 4149 4150
f 4145 4150 4148
f 4149 4007 4008
f 4149 4008 4150
f 4007 4003 4006
f 4007 4006 4008
f 4007 4009 4151
f 4007 4151 4149
f 4008 4150 4152
f 4008 4152 4010
f 4007 4149 4150
f 4007 4150 4008
f 4149 4151 4152
f 4149 4152 4150
f 4151 4009 4010
f 4151 4010 4152
f 4009 4007 4008
f 4009 4008 4010
f 4012 4011 4153
f 4012 4153 4154
f 4013 4155 4156
f 4013 4156 4014
f 4012 4154 4155
f 4012 4155 4013
f 4154 4153 4156
f 4154 4156 4155
f 4153 4011 4014
f 4153 4014 4156
f 4011 4012 4013
f 4011 4013 4014
f 4011 4015 4157
f 4011 4157 4153
f 4014 4156 4158
f 4014 4158 4016
f 4011 4153 4156
f 4011 4156 4014
f 4153 4157 4158
f 4153 4158 4156
f 4157 4015 4016
f 4157 4016 4158
f 4015 4011 4014
f 4015 4014 4016
f 4015 4159 4160
f 4015 4160 4157
f 4016 4158 4161
f 4016 4161 4162
f 4015 4157 4158
f 4015 4158 4016
f 4157 4160 4161
f 4157 4161 4158
f 4160 4159 4162
f 4160 4162 4161
f 4159 4015 4016
f 4159 4016 4162
f 4163 4164 4165
f 4163 4165 4166
f 4167 4168 4169
f 4167 4169 4170
f 4163 4166 4168
f 4163 4168 4167
f 4166 4165 4169
f 4166 4169 4168
f 4165 4164 4170
f 4165 4170 4169
f 4164 4163 4167
f 4164 4167 4170
f 4171 4172 4173
f 4171 4173 4174
f 4175 4176 4177
f 4175 4177 4178
f 4171 4174 4176
f 4171 4176 4175
f 4174 4173 4177
f 4174 4177 4176
f 4173 4172 4178
f 4173 4178 4177
f 4172 4171 4175
f 4172 4175 4178
f 4179 4180 4181
f 4179 4181 4182
f 4183 4184 4185
f 4183 4185 4186
f 4179 4182 4184
f 4179 4184 4183
f 4182 4181 4185
f 4182 4185 4184
f 4181 4180 4186
f 4181 4186 4185
f 4180 4179 4183
f 4180 4183 4186
f 4187 4188 4189
f 4187 4189 4190
f 4191 4192 4193
f 4191 4193 4194
f 4187 4190 4192
f 4187 4192 4191
f 4190 4189 4193
f 4190 4193 4192
f 4189 4188 4194
f 4189 4194 4193
f 4188 4187 4191
f 4188 4191 4194
f 4195 4196 4197
f 4195 4197 4198
f 4199 4200 4201
f 4199 4201 4202
f 4195 4198 4200
f 4195 4200 4199
f 4198 4197 4201
f 4198 4201 4200
f 4197 4196 4202
f 4197 4202 4201
f 4196 4195 4199
f 4196 4199 4202
f 4203 4204 4205
f 4203 4205 4206
f 4207 4208 4209
f 4207 4209 4210
f 4203 4206 4208
f 4203 4208 4207
f 4206 4205 4209
f 4206 4209 4208
f 4205 4204 4210
f 4205 4210 4209
f 4204 4203 4207
f 4204 4207 4210
f 4211 4212 4213
f 4211 4213 4214
f 4215 4216 4217
f 4215 4217 4218
f 4211 4214 4216
f 4211 4216 4215
f 4214 4213 4217
f 4214 4217 4216
f 4213 4212 4218
f 4213 4218 4217
f 4212 4211 4215
f 4212 4215 4218
f 4219 4220 4221
f 4219 4221 4222
f 4223 4224 4225
f 4223 4225 4226
f 4219 4222 4224
f 4219 4224 4223
f 4222 4221 4225
f 4222 4225 4224
f 4221 4220 4226
f 4221 4226 4225
f 4220 4219 4223
f 4220 4223 4226
f 4018 4017 4227
f 4018 4227 4228
f 4019 4229 4230
f 4019 4230 4020
f 4018 4228 4229
f 4018 4229 4019
f 4228 4227 4230
f 4228 4230 4229
f 4227 4017 4020
f 4227 4020 4230
f 4017 4018 4019
f 4017 4019 4020
f 4022 4021 4231
f 4022 4231 4232
f 4023 4233 4234
f 4023 4234 4024
f 4022 4232 4233
f 4022 4233 4023
f 4232 4231 4234
f 4232 4234 4233
f 4231 4021 4024
f 4231 4024 4234
f 4021 4022 4023
f 4021 4023 4024
f 4026 4025 4235
f 4026 4235 4236
f 4027 4237 4238
f 4027 4238 4028
f 4026 4236 4237
f 4026 4237 4027
f 4236 4235 4238
f 4236 4238 4237
f 4235 4025 4028
f 4235 4028 4238
f 4025 4026 4027
f 4025 4027 4028
f 4030 4029 4239
f 4030 4239 4240
f 4031 4241 4242
f 4031 4242 4032
f 4030 4240 4241
f 4030 4241 4031
f 4240 4239 4242
f 4240 4242 4241
f 4239 4029 4032
f 4239 4032 4242
f 4029 4030 4031
f 4029 4031 4032
f 4034 4033 4243
f 4034 4243 4244
f 4035 4245 4246
f 4035 4246 4036
f 4034 4244 4245
f 4034 4245 4035
f 4244 4243 4246
f 4244 4246 4245
f 4243 4033 4036
f 4243 4036 4246
f 4033 4034 4035
f 4033 4035 4036
f 4038 4037 4247
f 4038 4247 4248
f 4039 4249 4250
f 4039 4250 4040
f 4038 4248 4249
f 4038 4249 4039
f 4248 4247 4250
f 4248 4250 4249
f 4247 4037 4040
f 4247 4040 4250
f 4037 4038 4039
f 4037 4039 4040
f 4042 4041 4251
f 4042 4251 4252
f 4043 4253 4254
f 4043 4254 4044
f 4042 4252 4253
f 4042 4253 4043
f 4252 4251 4254
f 4252 4254 4253
f 4251 4041 4044
f 4251 4044 4254
f 4041 4042 4043
f 4041 4043 4044
f 4046 4045 4255
f 4046 4255 4256
f 4047 4257 4258
f 4047 4258 4048
f 4046 4256 4257
f 4046 4257 4047
f 4256 4255 4258
f 4256 4258 4257
f 4255 4045 4048
f 4255 4048 4258
f 4045 4046 4047
f 4045 4047 4048
f 4050 4049 4259
f 4050 4259 4260
f 4051 4261 4262
f 4051 4262 4052
f 4050 4260 4261
f 4050 4261 4051
f 4260 4259 4262
f 4260 4262 4261
f 4259 4049 4052
f 4259 4052 4262
f 4049 4050 4051
f 4049 4051 4052
f 4054 4053 4263
f 4054 4263 4264
f 4055 4265 4266
f 4055 4266 4056
f 4054 4264 4265
f 4054 4265 4055
f 4264 4263 4266
f 4264 4266 4265
f 4263 4053 4056
f 4263 4056 4266
f 4053 4054 4055
f 4053 4055 4056
f 4058 4057 4267
f 4058 4267 4268
f 4059 4269 4270
f 4059 4270 4060
f 4058 4268 4269
f 4058 4269 4059
f 4268 4267 4270
f 4268 4270 4269
f 4267 4057 4060
f 4267 4060 4270
f 4057 4058 4059
f 4057 4059 4060
f 4062 4061 4271
f 4062 4271 4272
f 4063 4273 4274
f 4063 4274 4064
f 4062 4272 4273
f 4062 4273 4063
f 4272 4271 4274
f 4272 4274 4273
f 4271 4061 4064
f 4271 4064 4274
f 4061 4062 4063
f 4061 4063 4064
f 4066 4065 4275
f 4066 4275 4276
f 4067 4277 4278
f 4067 4278 4068
f 4066 4276 4277
f 4066 4277 4067
f 4276 4275 4278
f 4276 4278 4277
f 4275 4065 4068
f 4275 4068 4278
f 4065 4066 4067
f 4065 4067 4068
f 4070 4069 4279
f 4070 4279 4280
f 4071 4281 4282
f 4071 4282 4072
f 4070 4280 4281
f 4070 4281 4071
f 4280 4279 4282
f 4280 4282 4281
f 4279 4069 4072
f 4279 4072 4282
f 4069 4070 4071
f 4069 4071 4072
f 4074 4073 4283
f 4074 4283 4284
f 4075 4285 4286
f 4075 4286 4076
f 4074 4284 4285
f 4074 4285 4075
f 4284 4283 4286
f 4284 4286 4285
f 4283 4073 4076
f 4283 4076 4286
f 4073 4074 4075
f 4073 4075 4076
f 4078 4077 4287
f 4078 4287 4288
f 4079 4289 4290
f 4079 4290 4080
f 4078 4288 4289
f 4078 4289 4079
f 4288 4287 4290
f 4288 4290 4289
f 4287 4077 4080
f 4287 4080 4290
f 4077 4078 4079
f 4077 4079 4080
f 4082 4081 4291
f 4082 4291 4292
f 4083 4293 4294
f 4083 4294 4084
f 4082 4292 4293
f 4082 4293 4083
f 4292 4291 4294
f 4292 4294 4293
f 4291 4081 4084
f 4291 4084 4294
f 4081 4082 4083
f 4081 4083 4084
f 4086 4085 4295
f 4086 4295 4296
f 4087 4297 4298
f 4087 4298 4088
f 4086 4296 4297
f 4086 4297 4087
f 4296 4295 4298
f 4296 4298 4297
f 4295 4085 4088
f 4295 4088 4298
f 4085 4086 4087
f 4085 4087 4088
f 4090 4089 4299
f 4090 4299 4300
f 4091 4301 4302
f 4091 4302 4092
f 4090 4300 4301
f 4090 4301 4091
f 4300 4299 4302
f 4300 4302 4301
f 4299 4089 4092
f 4299 4092 4302
f 4089 4090 4091
f 4089 4091 4092
f 4094 4093 4303
f 4094 4303 4304
f 4095 4305 4306
f 4095 4306 4096
f 4094 4304 4305
f 4094 4305 4095
f 4304 4303 4306
f 4304 4306 4305
f 4303 4093 4096
f 4303 4096 4306
f 4093 4094 4095
f 4093 4095 4096
f 4098 4097 4307
f 4098 4307 4308
f 4099 4309 4310
f 4099 4310 4100
f 4098 4308 4309
f 4098 4309 4099
f 4308 4307 4310
f 4308 4310 4309
f 4307 4097 4100
f 4307 4100 4310
f 4097 4098 4099
f 4097 4099 4100
f 4102 4101 4311
f 4102 4311 4312
f 4103 4313 4314
f 4103 4314 4104
f 4102 4312 4313
f 4102 4313 4103
f 4312 4311 4314
f 4312 4314 4313
f 4311 4101 4104
f 4311 4104 4314
f 4101 4102 4103
f 4101 4103 4104
f 4106 4105 4315
f 4106 4315 4316
f 4107 4317 4318
f 4107 4318 4108
f 4106 4316 4317
f 4106 4317 4107
f 4316 4315 4318
f 4316 4318 4317
f 4315 4105 4108
f 4315 4108 4318
f 4105 4106 4107
f 4105 4107 4108
f 4110 4109 4319
f 4110 4319 4320
f 4111 4321 4322
f 4111 4322 4112
f 4110 4320 4321
f 4110 4321 4111
f 4320 4319 4322
f 4320 4322 4321
f 4319 4109 4112
f 4319 4112 4322
f 4109 4110 4111
f 4109 4111 4112
f 4114 4113 4323
f 4114 4323 4324
f 4115 4325 4326
f 4115 4326 4116
f 4114 4324 4325
f 4114 4325 4115
f 4324 4323 4326
f 4324 4326 4325
f 4323 4113 4116
f 4323 4116 4326
f 4113 4114 4115
f 4113 4115 4116
f 4113 4117 4327
f 4113 4327 4323
f 4116 4326 4328
f 4116 4328 4118
f 4113 4323 4326
f 4113 4326 4116
f 4323 4327 4328
f 4323 4328 4326
f 4327 4117 4118
f 4327 4118 4328
f 4117 4113 4116
f 4117 4116 4118
f 4117 4119 4329
f 4117 4329 4327
f 4118 4328 4330
f 4118 4330 4120
f 4117 4327 4328
f 4117 4328 4118
f 4327 4329 4330
f 4327 4330 4328
f 4329 4119 4120
f 4329 4120 4330
f 4119 4117 4118
f 4119 4118 4120
f 4122 4121 4331
f 4122 4331 4332
f 4123 4333 4334
f 4123 4334 4124
f 4122 4332 4333
f 4122 4333 4123
f 4332 4331 4334
f 4332 4334 4333
f 4331 4121 4124
f 4331 4124 4334
f 4121 4122 4123
f 4121 4123 4124
f 4126 4125 4335
f 4126 4335 4336
f 4127 4337 4338
f 4127 4338 4128
f 4126 4336 4337
f 4126 4337 4127
f 4336 4335 4338
f 4336 4338 4337
f 4335 4125 4128
f 4335 4128 4338
f 4125 4126 4127
f 4125 4127 4128
f 4125 4129 4339
f 4125 4339 4335
f 4128 4338 4340
f 4128 4340 4130
f 4125 4335 4338
f 4125 4338 4128
f 4335 4339 4340
f 4335 4340 4338
f 4339 4129 4130
f 4339 4130 4340
f 4129 4125 4128
f 4129 4128 4130
f 4132 4131 4341
f 4132 4341 4342
f 4133 4343 4344
f 4133 4344 4134
f 4132 4342 4343
f 4132 4343 4133
f 4342 4341 4344
f 4342 4344 4343
f 4341 4131 4134
f 4341 4134 4344
f 4131 4132 4133
f 4131 4133 4134
f 4131 4135 4345
f 4131 4345 4341
f 4134 4344 4346
f 4134 4346 4136
f 4131 4341 4344
f 4131 4344 4134
f 4341 4345 4346
f 4341 4346 4344
f 4345 4135 4136
f 4345 4136 4346
f 4135 4131 4134
f 4135 4134 4136
f 4138 4137 4347
f 4138 4347 4348
f 4139 4349 4350
f 4139 4350 4140
f 4138 4348 4349
f 4138 4349 4139
f 4348 4347 4350
f 4348 4350 4349
f 4347 4137 4140
f 4347 4140 4350
f 4137 4138 4139
f 4137 4139 4140
f 4137 4141 4351
f 4137 4351 4347
f 4140 4350 4352
f 4140 4352 4142
f 4137 4347 4350
f 4137 4350 4140
f 4347 4351 4352
f 4347 4352 4350
f 4351 4141 4142
f 4351 4142 4352
f 4141 4137 4140
f 4141 4140 4142
f 4141 4143 4353
f 4141 4353 4351
f 4142 4352 4354
f 4142 4354 4144
f 4141 4351 4352
f 4141 4352 4142
f 4351 4353 4354
f 4351 4354 4352
f 4353 4143 4144
f 4353 4144 4354
f 4143 4141 4142
f 4143 4142 4144
f 4146 4145 4355
f 4146 4355 4356
f 4147 4357 4358
f 4147 4358 4148
f 4146 4356 4357
f 4146 4357 4147
f 4356 4355 4358
f 4356 4358 4357
f 4355 4145 4148
f 4355 4148 4358
f 4145 4146 4147
f 4145 4147 4148
f 4145 4149 4359
f 4145 4359 4355
f 4148 4358 4360
f 4148 4360 4150
f 4145 4355 4358
f 4145 4358 4148
f 4355 4359 4360
f 4355 4360 4358
f 4359 4149 4150
f 4359 4150 4360
f 4149 4145 4148
f 4149 4148 4150
f 4149 4151 4361
f 4149 4361 4359
f 4150 4360 4362
f 4150 4362 4152
f 4149 4359 4360
f 4149 4360 4150
f 4359 4361 4362
f 4359 4362 4360
f 4361 4151 4152
f 4361 4152 4362
f 4151 4149 4150
f 4151 4150 4152
f 4154 4153 4363
f 4154 4363 4364
f 4155 4365 4366
f 4155 4366 4156
f 4154 4364 4365
f 4154 4365 4155
f 4364 4363 4366
f 4364 4366 4365
f 4363 4153 4156
f 4363 4156 4366
f 4153 4154 4155
f 4153 4155 4156
f 4153 4157 4367
f 4153 4367 4363
f 4156 4366 4368
f 4156 4368 4158
f 4153 4363 4366
f 4153 4366 4156
f 4363 4367 4368
f 4363 4368 4366
f 4367 4157 4158
f 4367 4158 4368
f 4157 4153 4156
f 4157 4156 4158
f 4157 4160 4369
f 4157 4369 4367
f 4158 4368 4370
f 4158 4370 4161
f 4157 4367 4368
f 4157 4368 4158
f 4367 4369 4370
f 4367 4370 4368
f 4369 4160 4161
f 4369 4161 4370
f 4160 4157 4158
f 4160 4158 4161
f 4166 4165 4371
f 4166 4371 4372
f 4168 4373 4374
f 4168 4374 4169
f 4166 4372 4373
f 4166 4373 4168
f 4372 4371 4374
f 4372 4374 4373
f 4371 4165 4169
f 4371 4169 4374
f 4165 4166 4168
f 4165 4168 4169
f 4174 4173 4375
f 4174 4375 4376
f 4176 4377 4378
f 4176 4378 4177
f 4174 4376 4377
f 4174 4377 4176
f 4376 4375 4378
f 4376 4378 4377
f 4375 4173 4177
f 4375 4177 4378
f 4173 4174 4176
f 4173 4176 4177
f 4182 4181 4379
f 4182 4379 4380
f 4184 4381 4382
f 4184 4382 4185
f 4182 4380 4381
f 4182 4381 4184
f 4380 4379 4382
f 4380 4382 4381
f 4379 4181 4185
f 4379 4185 4382
f 4181 4182 4184
f 4181 4184 4185
f 4190 4189 4383
f 4190 4383 4384
f 4192 4385 4386
f 4192 4386 4193
f 4190 4384 4385
f 4190 4385 4192
f 4384 4383 4386
f 4384 4386 4385
f 4383 4189 4193
f 4383 4193 4386
f 4189 4190 4192
f 4189 4192 4193
f 4198 4197 4387
f 4198 4387 4388
f 4200 4389 4390
f 4200 4390 4201
f 4198 4388 4389
f 4198 4389 4200
f 4388 4387 4390
f 4388 4390 4389
f 4387 4197 4201
f 4387 4201 4390
f 4197 4198 4200
f 4197 4200 4201
f 4206 4205 4391
f 4206 4391 4392
f 4208 4393 4394
f 4208 4394 4209
f 4206 4392 4393
f 4206 4393 4208
f 4392 4391 4394
f 4392 4394 4393
f 4391 4205 4209
f 4391 4209 4394
f 4205 4206 4208
f 4205 4208 4209
f 4214 4213 4395
f 4214 4395 4396
f 4216 4397 4398
f 4216 4398 4217
f 4214 4396 4397
f 4214 4397 4216
f 4396 4395 4398
f 4396 4398 4397
f 4395 4213 4217
f 4395 4217 4398
f 4213 4214 4216
f 4213 4216 4217
f 4222 4221 4399
f 4222 4399 4400
f 4224 4401 4402
f 4224 4402 4225
f 4222 4400 4401
f 4222 4401 4224
f 4400 4399 4402
f 4400 4402 4401
f 4399 4221 4225
f 4399 4225 4402
f 4221 4222 4224
f 4221 4224 4225
f 4228 4227 4403
f 4228 4403 4404
f 4229 4405 4406
f 4229 4406 4230
f 4228 4404 4405
f 4228 4405 4229
f 4404 4403 4406
f 4404 4406 4405
f 4403 4227 4230
f 4403 4230 4406
f 4227 4228 4229
f 4227 4229 4230
f 4232 4231 4407
f 4232 4407 4408
f 4233 4409 4410
f 4233 4410 4234
f 4232 4408 4409
f 4232 4409 4233
f 4408 4407 4410
f 4408 4410 4409
f 4407 4231 4234
f 4407 4234 4410
f 4231 4232 4233
f 4231 4233 4234
f 4236 4235 4411
f 4236 4411 4412
f 4237 4413 4414
f 4237 4414 4238
f 4236 4412 4413
f 4236 4413 4237
f 4412 4411 4414
f 4412 4414 4413
f 4411 4235 4238
f 4411 4238 4414
f 4235 4236 4237
f 4235 4237 4238
f 4240 4239 4415
f 4240 4415 4416
f 4241 4417 4418
f 4241 4418 4242
f 4240 4416 4417
f 4240 4417 4241
f 4416 4415 4418
f 4416 4418 4417
f 4415 4239 4242
f 4415 4242 4418
f 4239 4240 4241
f 4239 4241 4242
f 4244 4243 4419
f 4244 4419 4420
f 4245 4421 4422
f 4245 4422 4246
f 4244 4420 4421
f 4244 4421 4245
f 4420 4419 4422
f 4420 4422 4421
f 4419 4243 4246
f 4419 4246 4422
f 4243 4244 4245
f 4243 4245 4246
f 4248 4247 4423
f 4248 4423 4424
f 4249 4425 4426
f 4249 4426 4250
f 4248 4424 4425
f 4248 4425 4249
f 4424 4423 4426
f 4424 4426 4425
f 4423 4247 4250
f 4423 4250 4426
f 4247 4248 4249
f 4247 4249 4250
f 4252 4251 4427
f 4252 4427 4428
f 4253 4429 4430
f 4253 4430 4254
f 4252 4428 4429
f 4252 4429 4253
f 4428 4427 4430
f 4428 4430 4429
f 4427 4251 4254
f 4427 4254 4430
f 4251 4252 4253
f 4251 4253 4254
f 4256 4255 4431
f 4256 4431 4432
f 4257 4433 4434
f 4257 4434 4258
f 4256 4432 4433
f 4256 4433 4257
f 4432 4431 4434
f 4432 4434 4433
f 4431 4255 4258
f 4431 4258 4434
f 4255 4256 4257
f 4255 4257 4258
f 4260 4259 4435
f 4260 4435 4436
f 4261 4437 4438
f 4261 4438 4262
f 4260 4436 4437
f 4260 4437 4261
f 4436 4435 4438
f 4436 4438 4437
f 4435 4259 4262
f 4435 4262 4438
f 4259 4260 4261
f 4259 4261 4262
f 4264 4263 4439
f 4264 4439 4440
f 4265 4441 4442
f 4265 4442 4266
f 4264 4440 4441
f 4264 4441 4265
f 4440 4439 4442
f 4440 4442 4441
f 4439 4263 4266
f 4439 4266 4442
f 4263 4264 4265
f 4263 4265 4266
f 4268 4267 4443
f 4268 4443 4444
f 4269 4445 4446
f 4269 4446 4270
f 4268 4444 4445
f 4268 4445 4269
f 4444 4443 4446
f 4444 4446 4445
f 4443 4267 4270
f 4443 4270 4446
f 4267 4268 4269
f 4267 4269 4270
f 4272 4271 4447
f 4272 4447 4448
f 4273 4449 4450
f 4273 4450 4274
f 4272 4448 4449
f 4272 4449 4273
f 4448 4447 4450
f 4448 4450 4449
f 4447 4271 4274
f 4447 4274 4450
f 4271 4272 4273
f 4271 4273 4274
f 4276 4275 4451
f 4276 4451 4452
f 4277 4453 4454
f 4277 4454 4278
f 4276 4452 4453
f 4276 4453 4277
f 4452 4451 4454
f 4452 4454 4453
f 4451 4275 4278
f 4451 4278 4454
f 4275 4276 4277
f 4275 4277 4278
f 4280 4279 4455
f 4280 4455 4456
f 4281 4457 4458
f 4281 4458 4282
f 4280 4456 4457
f 4280 4457 4281
f 4456 4455 4458
f 4456 4458 4457
f 4455 4279 4282
f 4455 4282 4458
f 4279 4280 4281
f 4279 4281 4282
f 4284 4283 4459
f 4284 4459 4460
f 4285 4461 4462
f 4285 4462 4286
f 4284 4460 4461
f 4284 4461 4285
f 4460 4459 4462
f 4460 4462 4461
f 4459 4283 4286
f 4459 4286 4462
f 4283 4284 4285
f 4283 4285 4286
f 4288 4287 4463
f 4288 4463 4464
f 4289 4465 4466
f 4289 4466 4290
f 4288 4464 4465
f 4288 4465 4289
f 4464 4463 4466
f 4464 4466 4465
f 4463 4287 4290
f 4463 4290 4466
f 4287 4288 4289
f 4287 4289 4290
f 4292 4291 4467
f 4292 4467 4468
f 4293 4469 4470
f 4293 4470 4294
f 4292 4468 4469
f 4292 4469 4293
f 4468 4467 4470
f 4468 4470 4469
f 4467 4291 4294
f 4467 4294 4470
f 4291 4292 4293
f 4291 4293 4294
f 4296 4295 4471
f 4296 4471 4472
f 4297 4473 4474
f 4297 4474 4298
f 4296 4472 4473
f 4296 4473 4297
f 4472 4471 4474
f 4472 4474 4473
f 4471 4295 4298
f 4471 4298 4474
f 4295 4296 4297
f 4295 4297 4298
f 4300 4299 4475
f 4300 4475 4476
f 4301 4477 4478
f 4301 4478 4302
f 4300 4476 4477
f 4300 4477 4301
f 4476 4475 4478
f 4476 4478 4477
f 4475 4299 4302
f 4475 4302 4478
f 4299 4300 4301
f 4299 4301 4302
f 4304 4303 4479
f 4304 4479 4480
f 4305 4481 4482
f 4305 4482 4306
f 4304 4480 4481
f 4304 4481 4305
f 4480 4479 4482
f 4480 4482 4481
f 4479 4303 4306
f 4479 4306 4482
f 4303 4304 4305
f 4303 4305 4306
f 4308 4307 4483
f 4308 4483 4484
f 4309 4485 4486
f 4309 4486 4310
f 4308 4484 4485
f 4308 4485 4309
f 4484 4483 4486
f 4484 4486 4485
f 4483 4307 4310
f 4483 4310 4486
f 4307 4308 4309
f 4307 4309 4310
f 4312 4311 4487
f 4312 4487 4488
f 4313 4489 4490
f 4313 4490 4314
f 4312 4488 4489
f 4312 4489 4313
f 4488 4487 4490
f 4488 4490 4489
f 4487 4311 4314
f 4487 4314 4490
f 4311 4312 4313
f 4311 4313 4314
f 4316 4315 4491
f 4316 4491 4492
f 4317 4493 4494
f 4317 4494 4318
f 4316 4492 4493
f 4316 4493 4317
f 4492 4491 4494
f 4492 4494 4493
f 4491 4315 4318
f 4491 4318 4494
f 4315 4316 4317
f 4315 4317 4318
f 4320 4319 4495
f 4320 4495 4496
f 4321 4497 4498
f 4321 4498 4322
f 4320 4496 4497
f 4320 4497 4321
f 4496 4495 4498
f 4496 4498 4497
f 4495 4319 4322
f 4495 4322 4498
f 4319 4320 4321
f 4319 4321 4322
f 4324 4323 4499
f 4324 4499 4500
f 4325 4501 4502
f 4325 4502 4326
f 4324 4500 4501
f 4324 4501 4325
f 4500 4499 4502
f 4500 4502 4501
f 4499 4323 4326
f 4499 4326 4502
f 4323 4324 4325
f 4323 4325 4326
f 4323 4327 4503
f 4323 4503 4499
f 4326 4502 4504
f 4326 4504 4328
f 4323 4499 4502
f 4323 4502 4326
f 4499 4503 4504
f 4499 4504 4502
f 4503 4327 4328
f 4503 4328 4504
f 4327 4323 4326
f 4327 4326 4328
f 4327 4329 4505
f 4327 4505 4503
f 4328 4504 4506
f 4328 4506 4330
f 4327 4503 4504
f 4327 4504 4328
f 4503 4505 4506
f 4503 4506 4504
f 4505 4329 4330
f 4505 4330 4506
f 4329 4327 4328
f 4329 4328 4330
f 4332 4331 4507
f 4332 4507 4508
f 4333 4509 4510
f 4333 4510 4334
f 4332 4508 4509
f 4332 4509 4333
f 4508 4507 4510
f 4508 4510 4509
f 4507 4331 4334
f 4507 4334 4510
f 4331 4332 4333
f 4331 4333 4334
f 4336 4335 4511
f 4336 4511 4512
f 4337 4513 4514
f 4337 4514 4338
f 4336 4512 4513
f 4336 4513 4337
f 4512 4511 4514
f 4512 4514 4513
f 4511 4335 4338
f 4511 4338 4514
f 4335 4336 4337
f 4335 4337 4338
f 4335 4339 4515
f 4335 4515 4511
f 4338 4514 4516
f 4338 4516 4340
f 4335 4511 4514
f 4335 4514 4338
f 4511 4515 4516
f 4511 4516 4514
f 4515 4339 4340
f 4515 4340 4516
f 4339 4335 4338
f 4339 4338 4340
f 4342 4341 4517
f 4342 4517 4518
f 4343 4519 4520
f 4343 4520 4344
f 4342 4518 4519
f 4342 4519 4343
f 4518 4517 4520
f 4518 4520 4519
f 4517 4341 4344
f 4517 4344 4520
f 4341 4342 4343
f 4341 4343 4344
f 4341 4345 4521
f 4341 4521 4517
f 4344 4520 4522
f 4344 4522 4346
f 4341 4517 4520
f 4341 4520 4344
f 4517 4521 4522
f 4517 4522 4520
f 4521 4345 4346
f 4521 4346 4522
f 4345 4341 4344
f 4345 4344 4346
f 4348 4347 4523
f 4348 4523 4524
f 4349 4525 4526
f 4349 4526 4350
f 4348 4524 4525
f 4348 4525 4349
f 4524 4523 4526
f 4524 4526 4525
f 4523 4347 4350
f 4523 4350 4526
f 4347 4348 4349
f 4347 4349 4350
f 4347 4351 4527
f 4347 4527 4523
f 4350 4526 4528
f 4350 4528 4352
f 4347 4523 4526
f 4347 4526 4350
f 4523 4527 4528
f 4523 4528 4526
f 4527 4351 4352
f 4527 4352 4528
f 4351 4347 4350
f 4351 4350 4352
f 4351 4353 4529
f 4351 4529 4527
f 4352 4528 4530
f 4352 4530 4354
f 4351 4527 4528
f 4351 4528 4352
f 4527 4529 4530
f 4527 4530 4528
f 4529 4353 4354
f 4529 4354 4530
f 4353 4351 4352
f 4353 4352 4354
f 4356 4355 4531
f 4356 4531 4532
f 4357 4533 4534
f 4357 4534 4358
f 4356 4532 4533
f 4356 4533 4357
f 4532 4531 4534
f 4532 4534 4533
f 4531 4355 4358
f 4531 4358 4534
f 4355 4356 4357
f 4355 4357 4358
f 4355 4359 4535
f 4355 4535 4531
f 4358 4534 4536
f 4358 4536 4360
f 4355 4531 4534
f 4355 4534 4358
f 4531 4535 4536
f 4531 4536 4534
f 4535 4359 4360
f 4535 4360 4536
f 4359 4355 4358
f 4359 4358 4360
f 4359 4361 4537
f 4359 4537 4535
f 4360 4536 4538
f 4360 4538 4362
f 4359 4535 4536
f 4359 4536 4360
f 4535 4537 4538
f 4535 4538 4536
f 4537 4361 4362
f 4537 4362 4538
f 4361 4359 4360
f 4361 4360 4362
f 4364 4363 4539
f 4364 4539 4540
f 4365 4541 4542
f 4365 4542 4366
f 4364 4540 4541
f 4364 4541 4365
f 4540 4539 4542
f 4540 4542 4541
f 4539 4363 4366
f 4539 4366 4542
f 4363 4364 4365
f 4363 4365 4366
f 4363 4367 4543
f 4363 4543 4539
f 4366 4542 4544
f 4366 4544 4368
f 4363 4539 4542
f 4363 4542 4366
f 4539 4543 4544
f 4539 4544 4542
f 4543 4367 4368
f 4543 4368 4544
f 4367 4363 4366
f 4367 4366 4368
f 4367 4369 4545
f 4367 4545 4543
f 4368 4544 4546
f 4368 4546 4370
f 4367 4543 4544
f 4367 4544 4368
f 4543 4545 4546
f 4543 4546 4544
f 4545 4369 4370
f 4545 4370 4546
f 4369 4367 4368
f 4369 4368 4370
f 4372 4371 4547
f 4372 4547 4548
f 4373 4549 4550
f 4373 4550 4374
f 4372 4548 4549
f 4372 4549 4373
f 4548 4547 4550
f 4548 4550 4549
f 4547 4371 4374
f 4547 4374 4550
f 4371 4372 4373
f 4371 4373 4374
f 4376 4375 4551
f 4376 4551 4552
f 4377 4553 4554
f 4377 4554 4378
f 4376 4552 4553
f 4376 4553 4377
f 4552 4551 4554
f 4552 4554 4553
f 4551 4375 4378
f 4551 4378 4554
f 4375 4376 4377
f 4375 4377 4378
f 4380 4379 4555
f 4380 4555 4556
f 4381 4557 4558
f 4381 4558 4382
f 4380 4556 4557
f 4380 4557 4381
f 4556 4555 4558
f 4556 4558 4557
f 4555 4379 4382
f 4555 4382 4558
f 4379 4380 4381
f 4379 4381 4382
f 4384 4383 4559
f 4384 4559 4560
f 4385 4561 4562
f 4385 4562 4386
f 4384 4560 4561
f 4384 4561 4385
f 4560 4559 4562
f 4560 4562 4561
f 4559 4383 4386
f 4559 4386 4562
f 4383 4384 4385
f 4383 4385 4386
f 4388 4387 4563
f 4388 4563 4564
f 4389 4565 4566
f 4389 4566 4390
f 4388 4564 4565
f 4388 4565 4389
f 4564 4563 4566
f 4564 4566 4565
f 4563 4387 4390
f 4563 4390 4566
f 4387 4388 4389
f 4387 4389 4390
f 4392 4391 4567
f 4392 4567 4568
f 4393 4569 4570
f 4393 4570 4394
f 4392 4568 4569
f 4392 4569 4393
f 4568 4567 4570
f 4568 4570 4569
f 4567 4391 4394
f 4567 4394 4570
f 4391 4392 4393
f 4391 4393 4394
f 4396 4395 4571
f 4396 4571 4572
f 4397 4573 4574
f 4397 4574 4398
f 4396 4572 4573
f 4396 4573 4397
f 4572 4571 4574
f 4572 4574 4573
f 4571 4395 4398
f 4571 4398 4574
f 4395 4396 4397
f 4395 4397 4398
f 4400 4399 4575
f 4400 4575 4576
f 4401 4577 4578
f 4401 4578 4402
f 4400 4576 4577
f 4400 4577 4401
f 4576 4575 4578
f 4576 4578 4577
f 4575 4399 4402
f 4575 4402 4578
f 4399 4400 4401
f 4399 4401 4402
f 4404 4403 4579
f 4404 4579 4580
f 4405 4581 4582
f 4405 4582 4406
f 4404 4580 4581
f 4404 4581 4405
f 4580 4579 4582
f 4580 4582 4581
f 4579 4403 4406
f 4579 4406 4582
f 4403 4404 4405
f 4403 4405 4406
f 4408 4407 4583
f 4408 4583 4584
f 4409 4585 4586
f 4409 4586 4410
f 4408 4584 4585
f 4408 4585 4409
f 4584 4583 4586
f 4584 4586 4585
f 4583 4407 4410
f 4583 4410 4586
f 4407 4408 4409
f 4407 4409 4410
f 4412 4411 4587
f 4412 4587 4588
f 4413 4589 4590
f 4413 4590 4414
f 4412 4588 4589
f 4412 4589 4413
f 4588 4587 4590
f 4588 4590 4589
f 4587 4411 4414
f 4587 4414 4590
f 4411 4412 4413
f 4411 4413 4414
f 4416 4415 4591
f 4416 4591 4592
f 4417 4593 4594
f 4417 4594 4418
f 4416 4592 4593
f 4416 4593 4417
f 4592 4591 4594
f 4592 4594 4593
f 4591 4415 4418
f 4591 4418 4594
f 4415 4416 4417
f 4415 4417 4418
f 4420 4419 4595
f 4420 4595 4596
f 4421 4597 4598
f 4421 4598 4422
f 4420 4596 4597
f 4420 4597 4421
f 4596 4595 4598
f 4596 4598 4597
f 4595 4419 4422
f 4595 4422 4598
f 4419 4420 4421
f 4419 4421 4422
f 4424 4423 4599
f 4424 4599 4600
f 4425 4601 4602
f 4425 4602 4426
f 4424 4600 4601
f 4424 4601 4425
f 4600 4599 4602
f 4600 4602 4601
f 4599 4423 4426
f 4599 4426 4602
f 4423 4424 4425
f 4423 4425 4426
f 4428 4427 4603
f 4428 4603 4604
f 4429 4605 4606
f 4429 4606 4430
f 4428 4604 4605
f 4428 4605 4429
f 4604 4603 4606
f 4604 4606 4605
f 4603 4427 4430
f 4603 4430 4606
f 4427 4428 4429
f 4427 4429 4430
f 4432 4431 4607
f 4432 4607 4608
f 4433 4609 4610
f 4433 4610 4434
f 4432 4608 4609
f 4432 4609 4433
f 4608 4607 4610
f 4608 4610 4609
f 4607 4431 4434
f 4607 4434 4610
f 4431 4432 4433
f 4431 4433 4434
f 4436 4435 4611
f 4436 4611 4612
f 4437 4613 4614
f 4437 4614 4438
f 4436 4612 4613
f 4436 4613 4437
f 4612 4611 4614
f 4612 4614 4613
f 4611 4435 4438
f 4611 4438 4614
f 4435 4436 4437
f 4435 4437 4438
f 4440 4439 4615
f 4440 4615 4616
f 4441 4617 4618
f 4441 4618 4442
f 4440 4616 4617
f 4440 4617 4441
f 4616 4615 4618
f 4616 4618 4617
f 4615 4439 4442
f 4615 4442 4618
f 4439 4440 4441
f 4439 4441 4442
f 4444 4443 4619
f 4444 4619 4620
f 4445 4621 4622
f 4445 4622 4446
f 4444 4620 4621
f 4444 4621 4445
f 4620 4619 4622
f 4620 4622 4621
f 4619 4443 4446
f 4619 4446 4622
f 4443 4444 4445
f 4443 4445 4446
f 4448 4447 4623
f 4448 4623 4624
f 4449 4625 4626
f 4449 4626 4450
f 4448 4624 4625
f 4448 4625 4449
f 4624 4623 4626
f 4624 4626 4625
f 4623 4447 4450
f 4623 4450 4626
f 4447 4448 4449
f 4447 4449 4450
f 4452 4451 4627
f 4452 4627 4628
f 4453 4629 4630
f 4453 4630 4454
f 4452 4628 4629
f 4452 4629 4453
f 4628 4627 4630
f 4628 4630 4629
f 4627 4451 4454
f 4627 4454 4630
f 4451 4452 4453
f 4451 4453 4454
f 4456 4455 4631
f 4456 4631 4632
f 4457 4633 4634
f 4457 4634 4458
f 4456 4632 4633
f 4456 4633 4457
f 4632 4631 4634
f 4632 4634 4633
f 4631 4455 4458
f 4631 4458 4634
f 4455 4456 4457
f 4455 4457 4458
f 4460 4459 4635
f 4460 4635 4636
f 4461 4637 4638
f 4461 4638 4462
f 4460 4636 4637
f 4460 4637 4461
f 4636 4635 4638
f 4636 4638 4637
f 4635 4459 4462
f 4635 4462 4638
f 4459 4460 4461
f 4459 4461 4462
f 4464 4463 4639
f 4464 4639 4640
f 4465 4641 4642
f 4465 4642 4466
f 4464 4640 4641
f 4464 4641 4465
f 4640 4639 4642
f 4640 4642 4641
f 4639 4463 4466
f 4639 4466 4642
f 4463 4464 4465
f 4463 4465 4466
f 4468 4467 4643
f 4468 4643 4644
f 4469 4645 4646
f 4469 4646 4470
f 4468 4644 4645
f 4468 4645 4469
f 4644 4643 4646
f 4644 4646 4645
f 4643 4467 4470
f 4643 4470 4646
f 4467 4468 4469
f 4467 4469 4470
f 4472 4471 4647
f 4472 4647 4648
f 4473 4649 4650
f 4473 4650 4474
f 4472 4648 4649
f 4472 4649 4473
f 4648 4647 4650
f 4648 4650 4649
f 4647 4471 4474
f 4647 4474 4650
f 4471 4472 4473
f 4471 4473 4474
f 4476 4475 4651
f 4476 4651 4652
f 4477 4653 4654
f 4477 4654 4478
f 4476 4652 4653
f 4476 4653 4477
f 4652 4651 4654
f 4652 4654 4653
f 4651 4475 4478
f 4651 4478 4654
f 4475 4476 4477
f 4475 4477 4478
f 4480 4479 4655
f 4480 4655 4656
f 4481 4657 4658
f 4481 4658 4482
f 4480 4656 4657
f 4480 4657 4481
f 4656 4655 4658
f 4656 4658 4657
f 4655 4479 4482
f 4655 4482 4658
f 4479 4480 4481
f 4479 4481 4482
f 4484 4483 4659
f 4484 4659 4660
f 4485 4661 4662
f 4485 4662 4486
f 4484 4660 4661
f 4484 4661 4485
f 4660 4659 4662
f 4660 4662 4661
f 4659 4483 4486
f 4659 4486 4662
f 4483 4484 4485
f 4483 4485 4486
f 4488 4487 4663
f 4488 4663 4664
f 4489 4665 4666
f 4489 4666 4490
f 4488 4664 4665
f 4488 4665 4489
f 4664 4663 4666
f 4664 4666 4665
f 4663 4487 4490
f 4663 4490 4666
f 4487 4488 4489
f 4487 4489 4490
f 4492 4491 4667
f 4492 4667 4668
f 4493 4669 4670
f 4493 4670 4494
f 4492 4668 4669
f 4492 4669 4493
f 4668 4667 4670
f 4668 4670 4669
f 4667 4491 4494
f 4667 4494 4670
f 4491 4492 4493
f 4491 4493 4494
f 4496 4495 4671
f 4496 4671 4672
f 4497 4673 4674
f 4497 4674 4498
f 4496 4672 4673
f 4496 4673 4497
f 4672 4671 4674
f 4672 4674 4673
f 4671 4495 4498
f 4671 4498 4674
f 4495 4496 4497
f 4495 4497 4498
f 4500 4499 4675
f 4500 4675 4676
f 4501 4677 4678
f 4501 4678 4502
f 4500 4676 4677
f 4500 4677 4501
f 4676 4675 4678
f 4676 4678 4677
f 4675 4499 4502
f 4675 4502 4678
f 4499 4500 4501
f 4499 4501 4502
f 4499 4503 4679
f 4499 4679 4675
f 4502 4678 4680
f 4502 4680 4504
f 4499 4675 4678
f 4499 4678 4502
f 4675 4679 4680
f 4675 4680 4678
f 4679 4503 4504
f 4679 4504 4680
f 4503 4499 4502
f 4503 4502 4504
f 4503 4505 4681
f 4503 4681 4679
f 4504 4680 4682
f 4504 4682 4506
f 4503 4679 4680
f 4503 4680 4504
f 4679 4681 4682
f 4679 4682 4680
f 4681 4505 4506
f 4681 4506 4682
f 4505 4503 4504
f 4505 4504 4506
f 4508 4507 4683
f 4508 4683 4684
f 4509 4685 4686
f 4509 4686 4510
f 4508 4684 4685
f 4508 4685 4509
f 4684 4683 4686
f 4684 4686 4685
f 4683 4507 4510
f 4683 4510 4686
f 4507 4508 4509
f 4507 4509 4510
f 4512 4511 4687
f 4512 4687 4688
f 4513 4689 4690
f 4513 4690 4514
f 4512 4688 4689
f 4512 4689 4513
f 4688 4687 4690
f 4688 4690 4689
f 4687 4511 4514
f 4687 4514 4690
f 4511 4512 4513
f 4511 4513 4514
f 4511 4515 4691
f 4511 4691 4687
f 4514 4690 4692
f 4514 4692 4516
f 4511 4687 4690
f 4511 4690 4514
f 4687 4691 4692
f 4687 4692 4690
f 4691 4515 4516
f 4691 4516 4692
f 4515 4511 4514
f 4515 4514 4516
f 4518 4517 4693
f 4518 4693 4694
f 4519 4695 4696
f 4519 4696 4520
f 4518 4694 4695
f 4518 4695 4519
f 4694 4693 4696
f 4694 4696 4695
f 4693 4517 4520
f 4693 4520 4696
f 4517 4518 4519
f 4517 4519 4520
f 4517 4521 4697
f 4517 4697 4693
f 4520 4696 4698
f 4520 4698 4522
f 4517 4693 4696
f 4517 4696 4520
f 4693 4697 4698
f 4693 4698 4696
f 4697 4521 4522
f 4697 4522 4698
f 4521 4517 4520
f 4521 4520 4522
f 4524 4523 4699
f 4524 4699 4700
f 4525 4701 4702
f 4525 4702 4526
f 4524 4700 4701
f 4524 4701 4525
f 4700 4699 4702
f 4700 4702 4701
f 4699 4523 4526
f 4699 4526 4702
f 4523 4524 4525
f 4523 4525 4526
f 4523 4527 4703
f 4523 4703 4699
f 4526 4702 4704
f 4526 4704 4528
f 4523 4699 4702
f 4523 4702 4526
f 4699 4703 4704
f 4699 4704 4702
f 4703 4527 4528
f 4703 4528 4704
f 4527 4523 4526
f 4527 4526 4528
f 4527 4529 4705
f 4527 4705 4703
f 4528 4704 4706
f 4528 4706 4530
f 4527 4703 4704
f 4527 4704 4528
f 4703 4705 4706
f 4703 4706 4704
f 4705 4529 4530
f 4705 4530 4706
f 4529 4527 4528
f 4529 4528 4530
f 4532 4531 4707
f 4532 4707 4708
f 4533 4709 4710
f 4533 4710 4534
f 4532 4708 4709
f 4532 4709 4533
f 4708 4707 4710
f 4708 4710 4709
f 4707 4531 4534
f 4707 4534 4710
f 4531 4532 4533
f 4531 4533 4534
f 4531 4535 4711
f 4531 4711 4707
f 4534 4710 4712
f 4534 4712 4536
f 4531 4707 4710
f 4531 4710 4534
f 4707 4711 4712
f 4707 4712 4710
f 4711 4535 4536
f 4711 4536 4712
f 4535 4531 4534
f 4535 4534 4536
f 4535 4537 4713
f 4535 4713 4711
f 4536 4712 4714
f 4536 4714 4538
f 4535 4711 4712
f 4535 4712 4536
f 4711 4713 4714
f 4711 4714 4712
f 4713 4537 4538
f 4713 4538 4714
f 4537 4535 4536
f 4537 4536 4538
f 4540 4539 4715
f 4540 4715 4716
f 4541 4717 4718
f 4541 4718 4542
f 4540 4716 4717
f 4540 4717 4541
f 4716 4715 4718
f 4716 4718 4717
f 4715 4539 4542
f 4715 4542 4718
f 4539 4540 4541
f 4539 4541 4542
f 4539 4543 4719
f 4539 4719 4715
f 4542 4718 4720
f 4542 4720 4544
f 4539 4715 4718
f 4539 4718 4542
f 4715 4719 4720
f 4715 4720 4718
f 4719 4543 4544
f 4719 4544 4720
f 4543 4539 4542
f 4543 4542 4544
f 4543 4545 4721
f 4543 4721 4719
f 4544 4720 4722
f 4544 4722 4546
f 4543 4719 4720
f 4543 4720 4544
f 4719 4721 4722
f 4719 4722 4720
f 4721 4545 4546
f 4721 4546 4722
f 4545 4543 4544
f 4545 4544 4546
f 4548 4547 4723
f 4548 4723 4724
f 4549 4725 4726
f 4549 4726 4550
f 4548 4724 4725
f 4548 4725 4549
f 4724 4723 4726
f 4724 4726 4725
f 4723 4547 4550
f 4723 4550 4726
f 4547 4548 4549
f 4547 4549 4550
f 4552 4551 4727
f 4552 4727 4728
f 4553 4729 4730
f 4553 4730 4554
f 4552 4728 4729
f 4552 4729 4553
f 4728 4727 4730
f 4728 4730 4729
f 4727 4551 4554
f 4727 4554 4730
f 4551 4552 4553
f 4551 4553 4554
f 4556 4555 4731
f 4556 4731 4732
f 4557 4733 4734
f 4557 4734 4558
f 4556 4732 4733
f 4556 4733 4557
f 4732 4731 4734
f 4732 4734 4733
f 4731 4555 4558
f 4731 4558 4734
f 4555 4556 4557
f 4555 4557 4558
f 4560 4559 4735
f 4560 4735 4736
f 4561 4737 4738
f 4561 4738 4562
f 4560 4736 4737
f 4560 4737 4561
f 4736 4735 4738
f 4736 4738 4737
f 4735 4559 4562
f 4735 4562 4738
f 4559 4560 4561
f 4559 4561 4562
f 4564 4563 4739
f 4564 4739 4740
f 4565 4741 4742
f 4565 4742 4566
f 4564 4740 4741
f 4564 4741 4565
f 4740 4739 4742
f 4740 4742 4741
f 4739 4563 4566
f 4739 4566 4742
f 4563 4564 4565
f 4563 4565 4566
f 4568 4567 4743
f 4568 4743 4744
f 4569 4745 4746
f 4569 4746 4570
f 4568 4744 4745
f 4568 4745 4569
f 4744 4743 4746
f 4744 4746 4745
f 4743 4567 4570
f 4743 4570 4746
f 4567 4568 4569
f 4567 4569 4570
f 4572 4571 4747
f 4572 4747 4748
f 4573 4749 4750
f 4573 4750 4574
f 4572 4748 4749
f 4572 4749 4573
f 4748 4747 4750
f 4748 4750 4749
f 4747 4571 4574
f 4747 4574 4750
f 4571 4572 4573
f 4571 4573 4574
f 4576 4575 4751
f 4576 4751 4752
f 4577 4753 4754
f 4577 4754 4578
f 4576 4752 4753
f 4576 4753 4577
f 4752 4751 4754
f 4752 4754 4753
f 4751 4575 4578
f 4751 4578 4754
f 4575 4576 4577
f 4575 4577 4578
f 4580 4579 4755
f 4580 4755 4756
f 4581 4757 4758
f 4581 4758 4582
f 4580 4756 4757
f 4580 4757 4581
f 4756 4755 4758
f 4756 4758 4757
f 4755 4579 4582
f 4755 4582 4758
f 4579 4580 4581
f 4579 4581 4582
f 4584 4583 4759
f 4584 4759 4760
f 4585 4761 4762
f 4585 4762 4586
f 4584 4760 4761
f 4584 4761 4585
f 4760 4759 4762
f 4760 4762 4761
f 4759 4583 4586
f 4759 4586 4762
f 4583 4584 4585
f 4583 4585 4586
f 4588 4587 4763
f 4588 4763 4764
f 4589 4765 4766
f 4589 4766 4590
f 4588 4764 4765
f 4588 4765 4589
f 4764 4763 4766
f 4764 4766 4765
f 4763 4587 4590
f 4763 4590 4766
f 4587 4588 4589
f 4587 4589 4590
f 4592 4591 4767
f 4592 4767 4768
f 4593 4769 4770
f 4593 4770 4594
f 4592 4768 4769
f 4592 4769 4593
f 4768 4767 4770
f 4768 4770 4769
f 4767 4591 4594
f 4767 4594 4770
f 4591 4592 4593
f 4591 4593 4594
f 4596 4595 4771
f 4596 4771 4772
f 4597 4773 4774
f 4597 4774 4598
f 4596 4772 4773
f 4596 4773 4597
f 4772 4771 4774
f 4772 4774 4773
f 4771 4595 4598
f 4771 4598 4774
f 4595 4596 4597
f 4595 4597 4598
f 4600 4599 4775
f 4600 4775 4776
f 4601 4777 4778
f 4601 4778 4602
f 4600 4776 4777
f 4600 4777 4601
f 4776 4775 4778
f 4776 4778 4777
f 4775 4599 4602
f 4775 4602 4778
f 4599 4600 4601
f 4599 4601 4602
f 4604 4603 4779
f 4604 4779 4780
f 4605 4781 4782
f 4605 4782 4606
f 4604 4780 4781
f 4604 4781 4605
f 4780 4779 4782
f 4780 4782 4781
f 4779 4603 4606
f 4779 4606 4782
f 4603 4604 4605
f 4603 4605 4606
f 4608 4607 4783
f 4608 4783 4784
f 4609 4785 4786
f 4609 4786 4610
f 4608 4784 4785
f 4608 4785 4609
f 4784 4783 4786
f 4784 4786 4785
f 4783 4607 4610
f 4783 4610 4786
f 4607 4608 4609
f 4607 4609 4610
f 4612 4611 4787
f 4612 4787 4788
f 4613 4789 4790
f 4613 4790 4614
f 4612 4788 4789
f 4612 4789 4613
f 4788 4787 4790
f 4788 4790 4789
f 4787 4611 4614
f 4787 4614 4790
f 4611 4612 4613
f 4611 4613 4614
f 4616 4615 4791
f 4616 4791 4792
f 4617 4793 4794
f 4617 4794 4618
f 4616 4792 4793
f 4616 4793 4617
f 4792 4791 4794
f 4792 4794 4793
f 4791 4615 4618
f 4791 4618 4794
f 4615 4616 4617
f 4615 4617 4618
f 4620 4619 4795
f 4620 4795 4796
f 4621 4797 4798
f 4621 4798 4622
f 4620 4796 4797
f 4620 4797 4621
f 4796 4795 4798
f 4796 4798 4797
f 4795 4619 4622
f 4795 4622 4798
f 4619 4620 4621
f 4619 4621 4622
f 4624 4623 4799
f 4624 4799 4800
f 4625 4801 4802
f 4625 4802 4626
f 4624 4800 4801
f 4624 4801 4625
f 4800 4799 4802
f 4800 4802 4801
f 4799 4623 4626
f 4799 4626 4802
f 4623 4624 4625
f 4623 4625 4626
f 4628 4627 4803
f 4628 4803 4804
f 4629 4805 4806
f 4629 4806 4630
f 4628 4804 4805
f 4628 4805 4629
f 4804 4803 4806
f 4804 4806 4805
f 4803 4627 4630
f 4803 4630 4806
f 4627 4628 4629
f 4627 4629 4630
f 4632 4631 4807
f 4632 4807 4808
f 4633 4809 4810
f 4633 4810 4634
f 4632 4808 4809
f 4632 4809 4633
f 4808 4807 4810
f 4808 4810 4809
f 4807 4631 4634
f 4807 4634 4810
f 4631 4632 4633
f 4631 4633 4634
f 4636 4635 4811
f 4636 4811 4812
f 4637 4813 4814
f 4637 4814 4638
f 4636 4812 4813
f 4636 4813 4637
f 4812 4811 4814
f 4812 4814 4813
f 4811 4635 4638
f 4811 4638 4814
f 4635 4636 4637
f 4635 4637 4638
f 4640 4639 4815
f 4640 4815 4816
f 4641 4817 4818
f 4641 4818 4642
f 4640 4816 4817
f 4640 4817 4641
f 4816 4815 4818
f 4816 4818 4817
f 4815 4639 4642
f 4815 4642 4818
f 4639 4640 4641
f 4639 4641 4642
f 4644 4643 4819
f 4644 4819 4820
f 4645 4821 4822
f 4645 4822 4646
f 4644 4820 4821
f 4644 4821 4645
f 4820 4819 4822
f 4820 4822 4821
f 4819 4643 4646
f 4819 4646 4822
f 4643 4644 4645
f 4643 4645 4646
f 4648 4647 4823
f 4648 4823 4824
f 4649 4825 4826
f 4649 4826 4650
f 4648 4824 4825
f 4648 4825 4649
f 4824 4823 4826
f 4824 4826 4825
f 4823 4647 4650
f 4823 4650 4826
f 4647 4648 4649
f 4647 4649 4650
f 4652 4651 4827
f 4652 4827 4828
f 4653 4829 4830
f 4653 4830 4654
f 4652 4828 4829
f 4652 4829 4653
f 4828 4827 4830
f 4828 4830 4829
f 4827 4651 4654
f 4827 4654 4830
f 4651 4652 4653
f 4651 4653 4654
f 4656 4655 4831
f 4656 4831 4832
f 4657 4833 4834
f 4657 4834 4658
f 4656 4832 4833
f 4656 4833 4657
f 4832 4831 4834
f 4832 4834 4833
f 4831 4655 4658
f 4831 4658 4834
f 4655 4656 4657
f 4655 4657 4658
f 4660 4659 4835
f 4660 4835 4836
f 4661 4837 4838
f 4661 4838 4662
f 4660 4836 4837
f 4660 4837 4661
f 4836 4835 4838
f 4836 4838 4837
f 4835 4659 4662
f 4835 4662 4838
f 4659 4660 4661
f 4659 4661 4662
f 4664 4663 4839
f 4664 4839 4840
f 4665 4841 4842
f 4665 4842 4666
f 4664 4840 4841
f 4664 4841 4665
f 4840 4839 4842
f 4840 4842 4841
f 4839 4663 4666
f 4839 4666 4842
f 4663 4664 4665
f 4663 4665 4666
f 4668 4667 4843
f 4668 4843 4844
f 4669 4845 4846
f 4669 4846 4670
f 4668 4844 4845
f 4668 4845 4669
f 4844 4843 4846
f 4844 4846 4845
f 4843 4667 4670
f 4843 4670 4846
f 4667 4668 4669
f 4667 4669 4670
f 4672 4671 4847
f 4672 4847 4848
f 4673 4849 4850
f 4673 4850 4674
f 4672 4848 4849
f 4672 4849 4673
f 4848 4847 4850
f 4848 4850 4849
f 4847 4671 4674
f 4847 4674 4850
f 4671 4672 4673
f 4671 4673 4674
f 4676 4675 4851
f 4676 4851 4852
f 4677 4853 4854
f 4677 4854 4678
f 4676 4852 4853
f 4676 4853 4677
f 4852 4851 4854
f 4852 4854 4853
f 4851 4675 4678
f 4851 4678 4854
f 4675 4676 4677
f 4675 4677 4678
f 4675 4679 4855
f 4675 4855 4851
f 4678 4854 4856
f 4678 4856 4680
f 4675 4851 4854
f 4675 4854 4678
f 4851 4855 4856
f 4851 4856 4854
f 4855 4679 4680
f 4855 4680 4856
f 4679 4675 4678
f 4679 4678 4680
f 4679 4681 4857
f 4679 4857 4855
f 4680 4856 4858
f 4680 4858 4682
f 4679 4855 4856
f 4679 4856 4680
f 4855 4857 4858
f 4855 4858 4856
f 4857 4681 4682
f 4857 4682 4858
f 4681 4679 4680
f 4681 4680 4682
f 4684 4683 4859
f 4684 4859 4860
f 4685 4861 4862
f 4685 4862 4686
f 4684 4860 4861
f 4684 4861 4685
f 4860 4859 4862
f 4860 4862 4861
f 4859 4683 4686
f 4859 4686 4862
f 4683 4684 4685
f 4683 4685 4686
f 4688 4687 4863
f 4688 4863 4864
f 4689 4865 4866
f 4689 4866 4690
f 4688 4864 4865
f 4688 4865 4689
f 4864 4863 4866
f 4864 4866 4865
f 4863 4687 4690
f 4863 4690 4866
f 4687 4688 4689
f 4687 4689 4690
f 4687 4691 4867
f 4687 4867 4863
f 4690 4866 4868
f 4690 4868 4692
f 4687 4863 4866
f 4687 4866 4690
f 4863 4867 4868
f 4863 4868 4866
f 4867 4691 4692
f 4867 4692 4868
f 4691 4687 4690
f 4691 4690 4692
f 4694 4693 4869
f 4694 4869 4870
f 4695 4871 4872
f 4695 4872 4696
f 4694 4870 4871
f 4694 4871 4695
f 4870 4869 4872
f 4870 4872 4871
f 4869 4693 4696
f 4869 4696 4872
f 4693 4694 4695
f 4693 4695 4696
f 4693 4697 4873
f 4693 4873 4869
f 4696 4872 4874
f 4696 4874 4698
f 4693 4869 4872
f 4693 4872 4696
f 4869 4873 4874
f 4869 4874 4872
f 4873 4697 4698
f 4873 4698 4874
f 4697 4693 4696
f 4697 4696 4698
f 4700 4699 4875
f 4700 4875 4876
f 4701 4877 4878
f 4701 4878 4702
f 4700 4876 4877
f 4700 4877 4701
f 4876 4875 4878
f 4876 4878 4877
f 4875 4699 4702
f 4875 4702 4878
f 4699 4700 4701
f 4699 4701 4702
f 4699 4703 4879
f 4699 4879 4875
f 4702 4878 4880
f 4702 4880 4704
f 4699 4875 4878
f 4699 4878 4702
f 4875 4879 4880
f 4875 4880 4878
f 4879 4703 4704
f 4879 4704 4880
f 4703 4699 4702
f 4703 4702 4704
f 4703 4705 4881
f 4703 4881 4879
f 4704 4880 4882
f 4704 4882 4706
f 4703 4879 4880
f 4703 4880 4704
f 4879 4881 4882
f 4879 4882 4880
f 4881 4705 4706
f 4881 4706 4882
f 4705 4703 4704
f 4705 4704 4706
f 4708 4707 4883
f 4708 4883 4884
f 4709 4885 4886
f 4709 4886 4710
f 4708 4884 4885
f 4708 4885 4709
f 4884 4883 4886
f 4884 4886 4885
f 4883 4707 4710
f 4883 4710 4886
f 4707 4708 4709
f 4707 4709 4710
f 4707 4711 4887
f 4707 4887 4883
f 4710 4886 4888
f 4710 4888 4712
f 4707 4883 4886
f 4707 4886 4710
f 4883 4887 4888
f 4883 4888 4886
f 4887 4711 4712
f 4887 4712 4888
f 4711 4707 4710
f 4711 4710 4712
f 4711 4713 4889
f 4711 4889 4887
f 4712 4888 4890
f 4712 4890 4714
f 4711 4887 4888
f 4711 4888 4712
f 4887 4889 4890
f 4887 4890 4888
f 4889 4713 4714
f 4889 4714 4890
f 4713 4711 4712
f 4713 4712 4714
f 4716 4715 4891
f 4716 4891 4892
f 4717 4893 4894
f 4717 4894 4718
f 4716 4892 4893
f 4716 4893 4717
f 4892 4891 4894
f 4892 4894 4893
f 4891 4715 4718
f 4891 4718 4894
f 4715 4716 4717
f 4715 4717 4718
f 4715 4719 4895
f 4715 4895 4891
f 4718 4894 4896
f 4718 4896 4720
f 4715 4891 4894
f 4715 4894 4718
f 4891 4895 4896
f 4891 4896 4894
f 4895 4719 4720
f 4895 4720 4896
f 4719 4715 4718
f 4719 4718 4720
f 4719 4721 4897
f 4719 4897 4895
f 4720 4896 4898
f 4720 4898 4722
f 4719 4895 4896
f 4719 4896 4720
f 4895 4897 4898
f 4895 4898 4896
f 4897 4721 4722
f 4897 4722 4898
f 4721 4719 4720
f 4721 4720 4722
f 4724 4723 4899
f 4724 4899 4900
f 4725 4901 4902
f 4725 4902 4726
f 4724 4900 4901
f 4724 4901 4725
f 4900 4899 4902
f 4900 4902 4901
f 4899 4723 4726
f 4899 4726 4902
f 4723 4724 4725
f 4723 4725 4726
f 4728 4727 4903
f 4728 4903 4904
f 4729 4905 4906
f 4729 4906 4730
f 4728 4904 4905
f 4728 4905 4729
f 4904 4903 4906
f 4904 4906 4905
f 4903 4727 4730
f 4903 4730 4906
f 4727 4728 4729
f 4727 4729 4730
f 4732 4731 4907
f 4732 4907 4908
f 4733 4909 4910
f 4733 4910 4734
f 4732 4908 4909
f 4732 4909 4733
f 4908 4907 4910
f 4908 4910 4909
f 4907 4731 4734
f 4907 4734 4910
f 4731 4732 4733
f 4731 4733 4734
f 4736 4735 4911
f 4736 4911 4912
f 4737 4913 4914
f 4737 4914 4738
f 4736 4912 4913
f 4736 4913 4737
f 4912 4911 4914
f 4912 4914 4913
f 4911 4735 4738
f 4911 4738 4914
f 4735 4736 4737
f 4735 4737 4738
f 4740 4739 4915
f 4740 4915 4916
f 4741 4917 4918
f 4741 4918 4742
f 4740 4916 4917
f 4740 4917 4741
f 4916 4915 4918
f 4916 4918 4917
f 4915 4739 4742
f 4915 4742 4918
f 4739 4740 4741
f 4739 4741 4742
f 4744 4743 4919
f 4744 4919 4920
f 4745 4921 4922
f 4745 4922 4746
f 4744 4920 4921
f 4744 4921 4745
f 4920 4919 4922
f 4920 4922 4921
f 4919 4743 4746
f 4919 4746 4922
f 4743 4744 4745
f 4743 4745 4746
f 4748 4747 4923
f 4748 4923 4924
f 4749 4925 4926
f 4749 4926 4750
f 4748 4924 4925
f 4748 4925 4749
f 4924 4923 4926
f 4924 4926 4925
f 4923 4747 4750
f 4923 4750 4926
f 4747 4748 4749
f 4747 4749 4750
f 4752 4751 4927
f 4752 4927 4928
f 4753 4929 4930
f 4753 4930 4754
f 4752 4928 4929
f 4752 4929 4753
f 4928 4927 4930
f 4928 4930 4929
f 4927 4751 4754
f 4927 4754 4930
f 4751 4752 4753
f 4751 4753 4754
f 4756 4755 4931
f 4756 4931 4932
f 4757 4933 4934
f 4757 4934 4758
f 4756 4932 4933
f 4756 4933 4757
f 4932 4931 4934
f 4932 4934 4933
f 4931 4755 4758
f 4931 4758 4934
f 4755 4756 4757
f 4755 4757 4758
f 4760 4759 4935
f 4760 4935 4936
f 4761 4937 4938
f 4761 4938 4762
f 4760 4936 4937
f 4760 4937 4761
f 4936 4935 4938
f 4936 4938 4937
f 4935 4759 4762
f 4935 4762 4938
f 4759 4760 4761
f 4759 4761 4762
f 4764 4763 4939
f 4764 4939 4940
f 4765 4941 4942
f 4765 4942 4766
f 4764 4940 4941
f 4764 4941 4765
f 4940 4939 4942
f 4940 4942 4941
f 4939 4763 4766
f 4939 4766 4942
f 4763 4764 4765
f 4763 4765 4766
f 4768 4767 4943
f 4768 4943 4944
f 4769 4945 4946
f 4769 4946 4770
f 4768 4944 4945
f 4768 4945 4769
f 4944 4943 4946
f 4944 4946 4945
f 4943 4767 4770
f 4943 4770 4946
f 4767 4768 4769
f 4767 4769 4770
f 4772 4771 4947
f 4772 4947 4948
f 4773 4949 4950
f 4773 4950 4774
f 4772 4948 4949
f 4772 4949 4773
f 4948 4947 4950
f 4948 4950 4949
f 4947 4771 4774
f 4947 4774 4950
f 4771 4772 4773
f 4771 4773 4774
f 4776 4775 4951
f 4776 4951 4952
f 4777 4953 4954
f 4777 4954 4778
f 4776 4952 4953
f 4776 4953 4777
f 4952 4951 4954
f 4952 4954 4953
f 4951 4775 4778
f 4951 4778 4954
f 4775 4776 4777
f 4775 4777 4778
f 4780 4779 4955
f 4780 4955 4956
f 4781 4957 4958
f 4781 4958 4782
f 4780 4956 4957
f 4780 4957 4781
f 4956 4955 4958
f 4956 4958 4957
f 4955 4779 4782
f 4955 4782 4958
f 4779 4780 4781
f 4779 4781 4782
f 4784 4783 4959
f 4784 4959 4960
f 4785 4961 4962
f 4785 4962 4786
f 4784 4960 4961
f 4784 4961 4785
f 4960 4959 4962
f 4960 4962 4961
f 4959 4783 4786
f 4959 4786 4962
f 4783 4784 4785
f 4783 4785 4786
f 4788 4787 4963
f 4788 4963 4964
f 4789 4965 4966
f 4789 4966 4790
f 4788 4964 4965
f 4788 4965 4789
f 4964 4963 4966
f 4964 4966 4965
f 4963 4787 4790
f 4963 4790 4966
f 4787 4788 4789
f 4787 4789 4790
f 4792 4791 4967
f 4792 4967 4968
f 4793 4969 4970
f 4793 4970 4794
f 4792 4968 4969
f 4792 4969 4793
f 4968 4967 4970
f 4968 4970 4969
f 4967 4791 4794
f 4967 4794 4970
f 4791 4792 4793
f 4791 4793 4794
f 4796 4795 4971
f 4796 4971 4972
f 4797 4973 4974
f 4797 4974 4798
f 4796 4972 4973
f 4796 4973 4797
f 4972 4971 4974
f 4972 4974 4973
f 4971 4795 4798
f 4971 4798 4974
f 4795 4796 4797
f 4795 4797 4798
f 4800 4799 4975
f 4800 4975 4976
f 4801 4977 4978
f 4801 4978 4802
f 4800 4976 4977
f 4800 4977 4801
f 4976 4975 4978
f 4976 4978 4977
f 4975 4799 4802
f 4975 4802 4978
f 4799 4800 4801
f 4799 4801 4802
f 4804 4803 4979
f 4804 4979 4980
f 4805 4981 4982
f 4805 4982 4806
f 4804 4980 4981
f 4804 4981 4805
f 4980 4979 4982
f 4980 4982 4981
f 4979 4803 4806
f 4979 4806 4982
f 4803 4804 4805
f 4803 4805 4806
f 4808 4807 4983
f 4808 4983 4984
f 4809 4985 4986
f 4809 4986 4810
f 4808 4984 4985
f 4808 4985 4809
f 4984 4983 4986
f 4984 4986 4985
f 4983 4807 4810
f 4983 4810 4986
f 4807 4808 4809
f 4807 4809 4810
f 4812 4811 4987
f 4812 4987 4988
f 4813 4989 4990
f 4813 4990 4814
f 4812 4988 4989
f 4812 4989 4813
f 4988 4987 4990
f 4988 4990 4989
f 4987 4811 4814
f 4987 4814 4990
f 4811 4812 4813
f 4811 4813 4814
f 4816 4815 4991
f 4816 4991 4992
f 4817 4993 4994
f 4817 4994 4818
f 4816 4992 4993
f 4816 4993 4817
f 4992 4991 4994
f 4992 4994 4993
f 4991 4815 4818
f 4991 4818 4994
f 4815 4816 4817
f 4815 4817 4818
f 4820 4819 4995
f 4820 4995 4996
f 4821 4997 4998
f 4821 4998 4822
f 4820 4996 4997
f 4820 4997 4821
f 4996 4995 4998
f 4996 4998 4997
f 4995 4819 4822
f 4995 4822 4998
f 4819 4820 4821
f 4819 4821 4822
f 4824 4823 4999
f 4824 4999 5000
f 4825 5001 5002
f 4825 5002 4826
f 4824 5000 5001
f 4824 5001 4825
f 5000 4999 5002
f 5000 5002 5001
f 4999 4823 4826
f 4999 4826 5002
f 4823 4824 4825
f 4823 4825 4826
f 4828 4827 5003
f 4828 5003 5004
f 4829 5005 5006
f 4829 5006 4830
f 4828 5004 5005
f 4828 5005 4829
f 5004 5003 5006
f 5004 5006 5005
f 5003 4827 4830
f 5003 4830 5006
f 4827 4828 4829
f 4827 4829 4830
f 4832 4831 5007
f 4832 5007 5008
f 4833 5009 5010
f 4833 5010 4834
f 4832 5008 5009
f 4832 5009 4833
f 5008 5007 5010
f 5008 5010 5009
f 5007 4831 4834
f 5007 4834 5010
f 4831 4832 4833
f 4831 4833 4834
f 4836 4835 5011
f 4836 5011 5012
f 4837 5013 5014
f 4837 5014 4838
f 4836 5012 5013
f 4836 5013 4837
f 5012 5011 5014
f 5012 5014 5013
f 5011 4835 4838
f 5011 4838 5014
f 4835 4836 4837
f 4835 4837 4838
f 4840 4839 5015
f 4840 5015 5016
f 4841 5017 5018
f 4841 5018 4842
f 4840 5016 5017
f 4840 5017 4841
f 5016 5015 5018
f 5016 5018 5017
f 5015 4839 4842
f 5015 4842 5018
f 4839 4840 4841
f 4839 4841 4842
f 4844 4843 5019
f 4844 5019 5020
f 4845 5021 5022
f 4845 5022 4846
f 4844 5020 5021
f 4844 5021 4845
f 5020 5019 5022
f 5020 5022 5021
f 5019 4843 4846
f 5019 4846 5022
f 4843 4844 4845
f 4843 4845 4846
f 4848 4847 5023
f 4848 5023 5024
f 4849 5025 5026
f 4849 5026 4850
f 4848 5024 5025
f 4848 5025 4849
f 5024 5023 5026
f 5024 5026 5025
f 5023 4847 4850
f 5023 4850 5026
f 4847 4848 4849
f 4847 4849 4850
f 4852 4851 5027
f 4852 5027 5028
f 4853 5029 5030
f 4853 5030 4854
f 4852 5028 5029
f 4852 5029 4853
f 5028 5027 5030
f 5028 5030 5029
f 5027 4851 4854
f 5027 4854 5030
f 4851 4852 4853
f 4851 4853 4854
f 4851 4855 5031
f 4851 5031 5027
f 4854 5030 5032
f 4854 5032 4856
f 4851 5027 5030
f 4851 5030 4854
f 5027 5031 5032
f 5027 5032 5030
f 5031 4855 4856
f 5031 4856 5032
f 4855 4851 4854
f 4855 4854 4856
f 4855 4857 5033
f 4855 5033 5031
f 4856 5032 5034
f 4856 5034 4858
f 4855 5031 5032
f 4855 5032 4856
f 5031 5033 5034
f 5031 5034 5032
f 5033 4857 4858
f 5033 4858 5034
f 4857 4855 4856
f 4857 4856 4858
f 4860 4859 5035
f 4860 5035 5036
f 4861 5037 5038
f 4861 5038 4862
f 4860 5036 5037
f 4860 5037 4861
f 5036 5035 5038
f 5036 5038 5037
f 5035 4859 4862
f 5035 4862 5038
f 4859 4860 4861
f 4859 4861 4862
f 4864 4863 5039
f 4864 5039 5040
f 4865 5041 5042
f 4865 5042 4866
f 4864 5040 5041
f 4864 5041 4865
f 5040 5039 5042
f 5040 5042 5041
f 5039 4863 4866
f 5039 4866 5042
f 4863 4864 4865
f 4863 4865 4866
f 4863 4867 5043
f 4863 5043 5039
f 4866 5042 5044
f 4866 5044 4868
f 4863 5039 5042
f 4863 5042 4866
f 5039 5043 5044
f 5039 5044 5042
f 5043 4867 4868
f 5043 4868 5044
f 4867 4863 4866
f 4867 4866 4868
f 4870 4869 5045
f 4870 5045 5046
f 4871 5047 5048
f 4871 5048 4872
f 4870 5046 5047
f 4870 5047 4871
f 5046 5045 5048
f 5046 5048 5047
f 5045 4869 4872
f 5045 4872 5048
f 4869 4870 4871
f 4869 4871 4872
f 4869 4873 5049
f 4869 5049 5045
f 4872 5048 5050
f 4872 5050 4874
f 4869 5045 5048
f 4869 5048 4872
f 5045 5049 5050
f 5045 5050 5048
f 5049 4873 4874
f 5049 4874 5050
f 4873 4869 4872
f 4873 4872 4874
f 4876 4875 5051
f 4876 5051 5052
f 4877 5053 5054
f 4877 5054 4878
f 4876 5052 5053
f 4876 5053 4877
f 5052 5051 5054
f 5052 5054 5053
f 5051 4875 4878
f 5051 4878 5054
f 4875 4876 4877
f 4875 4877 4878
f 4875 4879 5055
f 4875 5055 5051
f 4878 5054 5056
f 4878 5056 4880
f 4875 5051 5054
f 4875 5054 4878
f 5051 5055 5056
f 5051 5056 5054
f 5055 4879 4880
f 5055 4880 5056
f 4879 4875 4878
f 4879 4878 4880
f 4879 4881 5057
f 4879 5057 5055
f 4880 5056 5058
f 4880 5058 4882
f 4879 5055 5056
f 4879 5056 4880
f 5055 5057 5058
f 5055 5058 5056
f 5057 4881 4882
f 5057 4882 5058
f 4881 4879 4880
f 4881 4880 4882
f 4884 4883 5059
f 4884 5059 5060
f 4885 5061 5062
f 4885 5062 4886
f 4884 5060 5061
f 4884 5061 4885
f 5060 5059 5062
f 5060 5062 5061
f 5059 4883 4886
f 5059 4886 5062
f 4883 4884 4885
f 4883 4885 4886
f 4883 4887 5063
f 4883 5063 5059
f 4886 5062 5064
f 4886 5064 4888
f 4883 5059 5062
f 4883 5062 4886
f 5059 5063 5064
f 5059 5064 5062
f 5063 4887 4888
f 5063 4888 5064
f 4887 4883 4886
f 4887 4886 4888
f 4887 4889 5065
f 4887 5065 5063
f 4888 5064 5066
f 4888 5066 4890
f 4887 5063 5064
f 4887 5064 4888
f 5063 5065 5066
f 5063 5066 5064
f 5065 4889 4890
f 5065 4890 5066
f 4889 4887 4888
f 4889 4888 4890
f 4892 4891 5067
f 4892 5067 5068
f 4893 5069 5070
f 4893 5070 4894
f 4892 5068 5069
f 4892 5069 4893
f 5068 5067 5070
f 5068 5070 5069
f 5067 4891 4894
f 5067 4894 5070
f 4891 4892 4893
f 4891 4893 4894
f 4891 4895 5071
f 4891 5071 5067
f 4894 5070 5072
f 4894 5072 4896
f 4891 5067 5070
f 4891 5070 4894
f 5067 5071 5072
f 5067 5072 5070
f 5071 4895 4896
f 5071 4896 5072
f 4895 4891 4894
f 4895 4894 4896
f 4895 4897 5073
f 4895 5073 5071
f 4896 5072 5074
f 4896 5074 4898
f 4895 5071 5072
f 4895 5072 4896
f 5071 5073 5074
f 5071 5074 5072
f 5073 4897 4898
f 5073 4898 5074
f 4897 4895 4896
f 4897 4896 4898
f 4900 4899 5075
f 4900 5075 5076
f 4901 5077 5078
f 4901 5078 4902
f 4900 5076 5077
f 4900 5077 4901
f 5076 5075 5078
f 5076 5078 5077
f 5075 4899 4902
f 5075 4902 5078
f 4899 4900 4901
f 4899 4901 4902
f 4904 4903 5079
f 4904 5079 5080
f 4905 5081 5082
f 4905 5082 4906
f 4904 5080 5081
f 4904 5081 4905
f 5080 5079 5082
f 5080 5082 5081
f 5079 4903 4906
f 5079 4906 5082
f 4903 4904 4905
f 4903 4905 4906
f 4908 4907 5083
f 4908 5083 5084
f 4909 5085 5086
f 4909 5086 4910
f 4908 5084 5085
f 4908 5085 4909
f 5084 5083 5086
f 5084 5086 5085
f 5083 4907 4910
f 5083 4910 5086
f 4907 4908 4909
f 4907 4909 4910
f 4912 4911 5087
f 4912 5087 5088
f 4913 5089 5090
f 4913 5090 4914
f 4912 5088 5089
f 4912 5089 4913
f 5088 5087 5090
f 5088 5090 5089
f 5087 4911 4914
f 5087 4914 5090
f 4911 4912 4913
f 4911 4913 4914
f 4916 4915 5091
f 4916 5091 5092
f 4917 5093 5094
f 4917 5094 4918
f 4916 5092 5093
f 4916 5093 4917
f 5092 5091 5094
f 5092 5094 5093
f 5091 4915 4918
f 5091 4918 5094
f 4915 4916 4917
f 4915 4917 4918
f 4920 4919 5095
f 4920 5095 5096
f 4921 5097 5098
f 4921 5098 4922
f 4920 5096 5097
f 4920 5097 4921
f 5096 5095 5098
f 5096 5098 5097
f 5095 4919 4922
f 5095 4922 5098
f 4919 4920 4921
f 4919 4921 4922
f 4924 4923 5099
f 4924 5099 5100
f 4925 5101 5102
f 4925 5102 4926
f 4924 5100 5101
f 4924 5101 4925
f 5100 5099 5102
f 5100 5102 5101
f 5099 4923 4926
f 5099 4926 5102
f 4923 4924 4925
f 4923 4925 4926
f 4928 4927 5103
f 4928 5103 5104
f 4929 5105 5106
f 4929 5106 4930
f 4928 5104 5105
f 4928 5105 4929
f 5104 5103 5106
f 5104 5106 5105
f 5103 4927 4930
f 5103 4930 5106
f 4927 4928 4929
f 4927 4929 4930
f 4932 4931 5107
f 4932 5107 5108
f 4933 5109 5110
f 4933 5110 4934
f 4932 5108 5109
f 4932 5109 4933
f 5108 5107 5110
f 5108 5110 5109
f 5107 4931 4934
f 5107 4934 5110
f 4931 4932 4933
f 4931 4933 4934
f 4936 4935 5111
f 4936 5111 5112
f 4937 5113 5114
f 4937 5114 4938
f 4936 5112 5113
f 4936 5113 4937
f 5112 5111 5114
f 5112 5114 5113
f 5111 4935 4938
f 5111 4938 5114
f 4935 4936 4937
f 4935 4937 4938
f 4940 4939 5115
f 4940 5115 5116
f 4941 5117 5118
f 4941 5118 4942
f 4940 5116 5117
f 4940 5117 4941
f 5116 5115 5118
f 5116 5118 5117
f 5115 4939 4942
f 5115 4942 5118
f 4939 4940 4941
f 4939 4941 4942
f 4944 4943 5119
f 4944 5119 5120
f 4945 5121 5122
f 4945 5122 4946
f 4944 5120 5121
f 4944 5121 4945
f 5120 5119 5122
f 5120 5122 5121
f 5119 4943 4946
f 5119 4946 5122
f 4943 4944 4945
f 4943 4945 4946
f 4948 4947 5123
f 4948 5123 5124
f 4949 5125 5126
f 4949 5126 4950
f 4948 5124 5125
f 4948 5125 4949
f 5124 5123 5126
f 5124 5126 5125
f 5123 4947 4950
f 5123 4950 5126
f 4947 4948 4949
f 4947 4949 4950
f 4952 4951 5127
f 4952 5127 5128
f 4953 5129 5130
f 4953 5130 4954
f 4952 5128 5129
f 4952 5129 4953
f 5128 5127 5130
f 5128 5130 5129
f 5127 4951 4954
f 5127 4954 5130
f 4951 4952 4953
f 4951 4953 4954
f 4956 4955 5131
f 4956 5131 5132
f 4957 5133 5134
f 4957 5134 4958
f 4956 5132 5133
f 4956 5133 4957
f 5132 5131 5134
f 5132 5134 5133
f 5131 4955 4958
f 5131 4958 5134
f 4955 4956 4957
f 4955 4957 4958
f 4960 4959 5135
f 4960 5135 5136
f 4961 5137 5138
f 4961 5138 4962
f 4960 5136 5137
f 4960 5137 4961
f 5136 5135 5138
f 5136 5138 5137
f 5135 4959 4962
f 5135 4962 5138
f 4959 4960 4961
f 4959 4961 4962
f 4964 4963 5139
f 4964 5139 5140
f 4965 5141 5142
f 4965 5142 4966
f 4964 5140 5141
f 4964 5141 4965
f 5140 5139 5142
f 5140 5142 5141
f 5139 4963 4966
f 5139 4966 5142
f 4963 4964 4965
f 4963 4965 4966
f 4968 4967 5143
f 4968 5143 5144
f 4969 5145 5146
f 4969 5146 4970
f 4968 5144 5145
f 4968 5145 4969
f 5144 5143 5146
f 5144 5146 5145
f 5143 4967 4970
f 5143 4970 5146
f 4967 4968 4969
f 4967 4969 4970
f 4972 4971 5147
f 4972 5147 5148
f 4973 5149 5150
f 4973 5150 4974
f 4972 5148 5149
f 4972 5149 4973
f 5148 5147 5150
f 5148 5150 5149
f 5147 4971 4974
f 5147 4974 5150
f 4971 4972 4973
f 4971 4973 4974
f 4976 4975 5151
f 4976 5151 5152
f 4977 5153 5154
f 4977 5154 4978
f 4976 5152 5153
f 4976 5153 4977
f 5152 5151 5154
f 5152 5154 5153
f 5151 4975 4978
f 5151 4978 5154
f 4975 4976 4977
f 4975 4977 4978
f 4980 4979 5155
f 4980 5155 5156
f 4981 5157 5158
f 4981 5158 4982
f 4980 5156 5157
f 4980 5157 4981
f 5156 5155 5158
f 5156 5158 5157
f 5155 4979 4982
f 5155 4982 5158
f 4979 4980 4981
f 4979 4981 4982
f 4984 4983 5159
f 4984 5159 5160
f 4985 5161 5162
f 4985 5162 4986
f 4984 5160 5161
f 4984 5161 4985
f 5160 5159 5162
f 5160 5162 5161
f 5159 4983 4986
f 5159 4986 5162
f 4983 4984 4985
f 4983 4985 4986
f 4988 4987 5163
f 4988 5163 5164
f 4989 5165 5166
f 4989 5166 4990
f 4988 5164 5165
f 4988 5165 4989
f 5164 5163 5166
f 5164 5166 5165
f 5163 4987 4990
f 5163 4990 5166
f 4987 4988 4989
f 4987 4989 4990
f 4992 4991 5167
f 4992 5167 5168
f 4993 5169 5170
f 4993 5170 4994
f 4992 5168 5169
f 4992 5169 4993
f 5168 5167 5170
f 5168 5170 5169
f 5167 4991 4994
f 5167 4994 5170
f 4991 4992 4993
f 4991 4993 4994
f 4996 4995 5171
f 4996 5171 5172
f 4997 5173 5174
f 4997 5174 4998
f 4996 5172 5173
f 4996 5173 4997
f 5172 5171 5174
f 5172 5174 5173
f 5171 4995 4998
f 5171 4998 5174
f 4995 4996 4997
f 4995 4997 4998
f 5000 4999 5175
f 5000 5175 5176
f 5001 5177 5178
f 5001 5178 5002
f 5000 5176 5177
f 5000 5177 5001
f 5176 5175 5178
f 5176 5178 5177
f 5175 4999 5002
f 5175 5002 5178
f 4999 5000 5001
f 4999 5001 5002
f 5004 5003 5179
f 5004 5179 5180
f 5005 5181 5182
f 5005 5182 5006
f 5004 5180 5181
f 5004 5181 5005
f 5180 5179 5182
f 5180 5182 5181
f 5179 5003 5006
f 5179 5006 5182
f 5003 5004 5005
f 5003 5005 5006
f 5008 5007 5183
f 5008 5183 5184
f 5009 5185 5186
f 5009 5186 5010
f 5008 5184 5185
f 5008 5185 5009
f 5184 5183 5186
f 5184 5186 5185
f 5183 5007 5010
f 5183 5010 5186
f 5007 5008 5009
f 5007 5009 5010
f 5012 5011 5187
f 5012 5187 5188
f 5013 5189 5190
f 5013 5190 5014
f 5012 5188 5189
f 5012 5189 5013
f 5188 5187 5190
f 5188 5190 5189
f 5187 5011 5014
f 5187 5014 5190
f 5011 5012 5013
f 5011 5013 5014
f 5016 5015 5191
f 5016 5191 5192
f 5017 5193 5194
f 5017 5194 5018
f 5016 5192 5193
f 5016 5193 5017
f 5192 5191 5194
f 5192 5194 5193
f 5191 5015 5018
f 5191 5018 5194
f 5015 5016 5017
f 5015 5017 5018
f 5020 5019 5195
f 5020 5195 5196
f 5021 5197 5198
f 5021 5198 5022
f 5020 5196 5197
f 5020 5197 5021
f 5196 5195 5198
f 5196 5198 5197
f 5195 5019 5022
f 5195 5022 5198
f 5019 5020 5021
f 5019 5021 5022
f 5024 5023 5199
f 5024 5199 5200
f 5025 5201 5202
f 5025 5202 5026
f 5024 5200 5201
f 5024 5201 5025
f 5200 5199 5202
f 5200 5202 5201
f 5199 5023 5026
f 5199 5026 5202
f 5023 5024 5025
f 5023 5025 5026
f 5028 5027 5203
f 5028 5203 5204
f 5029 5205 5206
f 5029 5206 5030
f 5028 5204 5205
f 5028 5205 5029
f 5204 5203 5206
f 5204 5206 5205
f 5203 5027 5030
f 5203 5030 5206
f 5027 5028 5029
f 5027 5029 5030
f 5027 5031 5207
f 5027 5207 5203
f 5030 5206 5208
f 5030 5208 5032
f 5027 5203 5206
f 5027 5206 5030
f 5203 5207 5208
f 5203 5208 5206
f 5207 5031 5032
f 5207 5032 5208
f 5031 5027 5030
f 5031 5030 5032
f 5031 5033 5209
f 5031 5209 5207
f 5032 5208 5210
f 5032 5210 5034
f 5031 5207 5208
f 5031 5208 5032
f 5207 5209 5210
f 5207 5210 5208
f 5209 5033 5034
f 5209 5034 5210
f 5033 5031 5032
f 5033 5032 5034
f 5036 5035 5211
f 5036 5211 5212
f 5037 5213 5214
f 5037 5214 5038
f 5036 5212 5213
f 5036 5213 5037
f 5212 5211 5214
f 5212 5214 5213
f 5211 5035 5038
f 5211 5038 5214
f 5035 5036 5037
f 5035 5037 5038
f 5040 5039 5215
f 5040 5215 5216
f 5041 5217 5218
f 5041 5218 5042
f 5040 5216 5217
f 5040 5217 5041
f 5216 5215 5218
f 5216 5218 5217
f 5215 5039 5042
f 5215 5042 5218
f 5039 5040 5041
f 5039 5041 5042
f 5039 5043 5219
f 5039 5219 5215
f 5042 5218 5220
f 5042 5220 5044
f 5039 5215 5218
f 5039 5218 5042
f 5215 5219 5220
f 5215 5220 5218
f 5219 5043 5044
f 5219 5044 5220
f 5043 5039 5042
f 5043 5042 5044
f 5046 5045 5221
f 5046 5221 5222
f 5047 5223 5224
f 5047 5224 5048
f 5046 5222 5223
f 5046 5223 5047
f 5222 5221 5224
f 5222 5224 5223
f 5221 5045 5048
f 5221 5048 5224
f 5045 5046 5047
f 5045 5047 5048
f 5045 5049 5225
f 5045 5225 5221
f 5048 5224 5226
f 5048 5226 5050
f 5045 5221 5224
f 5045 5224 5048
f 5221 5225 5226
f 5221 5226 5224
f 5225 5049 5050
f 5225 5050 5226
f 5049 5045 5048
f 5049 5048 5050
f 5052 5051 5227
f 5052 5227 5228
f 5053 5229 5230
f 5053 5230 5054
f 5052 5228 5229
f 5052 5229 5053
f 5228 5227 5230
f 5228 5230 5229
f 5227 5051 5054
f 5227 5054 5230
f 5051 5052 5053
f 5051 5053 5054
f 5067 5071 5231
f 5067 5231 5232
f 5070 5233 5234
f 5070 5234 5072
f 5067 5232 5233
f 5067 5233 5070
f 5232 5231 5234
f 5232 5234 5233
f 5231 5071 5072
f 5231 5072 5234
f 5071 5067 5070
f 5071 5070 5072
f 5096 5095 5235
f 5096 5235 5236
f 5097 5237 5238
f 5097 5238 5098
f 5096 5236 5237
f 5096 5237 5097
f 5236 5235 5238
f 5236 5238 5237
f 5235 5095 5098
f 5235 5098 5238
f 5095 5096 5097
f 5095 5097 5098
f 5100 5099 5239
f 5100 5239 5240
f 5101 5241 5242
f 5101 5242 5102
f 5100 5240 5241
f 5100 5241 5101
f 5240 5239 5242
f 5240 5242 5241
f 5239 5099 5102
f 5239 5102 5242
f 5099 5100 5101
f 5099 5101 5102
f 5104 5103 5243
f 5104 5243 5244
f 5105 5245 5246
f 5105 5246 5106
f 5104 5244 5245
f 5104 5245 5105
f 5244 5243 5246
f 5244 5246 5245
f 5243 5103 5106
f 5243 5106 5246
f 5103 5104 5105
f 5103 5105 5106
f 5108 5107 5247
f 5108 5247 5248
f 5109 5249 5250
f 5109 5250 5110
f 5108 5248 5249
f 5108 5249 5109
f 5248 5247 5250
f 5248 5250 5249
f 5247 5107 5110
f 5247 5110 5250
f 5107 5108 5109
f 5107 5109 5110
f 5112 5111 5251
f 5112 5251 5252
f 5113 5253 5254
f 5113 5254 5114
f 5112 5252 5253
f 5112 5253 5113
f 5252 5251 5254
f 5252 5254 5253
f 5251 5111 5114
f 5251 5114 5254
f 5111 5112 5113
f 5111 5113 5114
f 5116 5115 5255
f 5116 5255 5256
f 5117 5257 5258
f 5117 5258 5118
f 5116 5256 5257
f 5116 5257 5117
f 5256 5255 5258
f 5256 5258 5257
f 5255 5115 5118
f 5255 5118 5258
f 5115 5116 5117
f 5115 5117 5118
f 5120 5119 5259
f 5120 5259 5260
f 5121 5261 5262
f 5121 5262 5122
f 5120 5260 5261
f 5120 5261 5121
f 5260 5259 5262
f 5260 5262 5261
f 5259 5119 5122
f 5259 5122 5262
f 5119 5120 5121
f 5119 5121 5122
f 5124 5123 5263
f 5124 5263 5264
f 5125 5265 5266
f 5125 5266 5126
f 5124 5264 5265
f 5124 5265 5125
f 5264 5263 5266
f 5264 5266 5265
f 5263 5123 5126
f 5263 5126 5266
f 5123 5124 5125
f 5123 5125 5126
f 5128 5127 5267
f 5128 5267 5268
f 5129 5269 5270
f 5129 5270 5130
f 5128 5268 5269
f 5128 5269 5129
f 5268 5267 5270
f 5268 5270 5269
f 5267 5127 5130
f 5267 5130 5270
f 5127 5128 5129
f 5127 5129 5130
f 5132 5131 5271
f 5132 5271 5272
f 5133 5273 5274
f 5133 5274 5134
f 5132 5272 5273
f 5132 5273 5133
f 5272 5271 5274
f 5272 5274 5273
f 5271 5131 5134
f 5271 5134 5274
f 5131 5132 5133
f 5131 5133 5134
f 5136 5135 5275
f 5136 5275 5276
f 5137 5277 5278
f 5137 5278 5138
f 5136 5276 5277
f 5136 5277 5137
f 5276 5275 5278
f 5276 5278 5277
f 5275 5135 5138
f 5275 5138 5278
f 5135 5136 5137
f 5135 5137 5138
f 5140 5139 5279
f 5140 5279 5280
f 5141 5281 5282
f 5141 5282 5142
f 5140 5280 5281
f 5140 5281 5141
f 5280 5279 5282
f 5280 5282 5281
f 5279 5139 5142
f 5279 5142 5282
f 5139 5140 5141
f 5139 5141 5142
f 5144 5143 5283
f 5144 5283 5284
f 5145 5285 5286
f 5145 5286 5146
f 5144 5284 5285
f 5144 5285 5145
f 5284 5283 5286
f 5284 5286 5285
f 5283 5143 5146
f 5283 5146 5286
f 5143 5144 5145
f 5143 5145 5146
f 5148 5147 5287
f 5148 5287 5288
f 5149 5289 5290
f 5149 5290 5150
f 5148 5288 5289
f 5148 5289 5149
f 5288 5287 5290
f 5288 5290 5289
f 5287 5147 5150
f 5287 5150 5290
f 5147 5148 5149
f 5147 5149 5150
f 5152 5151 5291
f 5152 5291 5292
f 5153 5293 5294
f 5153 5294 5154
f 5152 5292 5293
f 5152 5293 5153
f 5292 5291 5294
f 5292 5294 5293
f 5291 5151 5154
f 5291 5154 5294
f 5151 5152 5153
f 5151 5153 5154
f 5156 5155 5295
f 5156 5295 5296
f 5157 5297 5298
f 5157 5298 5158
f 5156 5296 5297
f 5156 5297 5157
f 5296 5295 5298
f 5296 5298 5297
f 5295 5155 5158
f 5295 5158 5298
f 5155 5156 5157
f 5155 5157 5158
f 5160 5159 5299
f 5160 5299 5300
f 5161 5301 5302
f 5161 5302 5162
f 5160 5300 5301
f 5160 5301 5161
f 5300 5299 5302
f 5300 5302 5301
f 5299 5159 5162
f 5299 5162 5302
f 5159 5160 5161
f 5159 5161 5162
f 5164 5163 5303
f 5164 5303 5304
f 5165 5305 5306
f 5165 5306 5166
f 5164 5304 5305
f 5164 5305 5165
f 5304 5303 5306
f 5304 5306 5305
f 5303 5163 5166
f 5303 5166 5306
f 5163 5164 5165
f 5163 5165 5166
f 5168 5167 5307
f 5168 5307 5308
f 5169 5309 5310
f 5169 5310 5170
f 5168 5308 5309
f 5168 5309 5169
f 5308 5307 5310
f 5308 5310 5309
f 5307 5167 5170
f 5307 5170 5310
f 5167 5168 5169
f 5167 5169 5170
f 5172 5171 5311
f 5172 5311 5312
f 5173 5313 5314
f 5173 5314 5174
f 5172 5312 5313
f 5172 5313 5173
f 5312 5311 5314
f 5312 5314 5313
f 5311 5171 5174
f 5311 5174 5314
f 5171 5172 5173
f 5171 5173 5174
f 5176 5175 5315
f 5176 5315 5316
f 5177 5317 5318
f 5177 5318 5178
f 5176 5316 5317
f 5176 5317 5177
f 5316 5315 5318
f 5316 5318 5317
f 5315 5175 5178
f 5315 5178 5318
f 5175 5176 5177
f 5175 5177 5178
f 5180 5179 5319
f 5180 5319 5320
f 5181 5321 5322
f 5181 5322 5182
f 5180 5320 5321
f 5180 5321 5181
f 5320 5319 5322
f 5320 5322 5321
f 5319 5179 5182
f 5319 5182 5322
f 5179 5180 5181
f 5179 5181 5182
f 5184 5183 5323
f 5184 5323 5324
f 5185 5325 5326
f 5185 5326 5186
f 5184 5324 5325
f 5184 5325 5185
f 5324 5323 5326
f 5324 5326 5325
f 5323 5183 5186
f 5323 5186 5326
f 5183 5184 5185
f 5183 5185 5186
f 5188 5187 5327
f 5188 5327 5328
f 5189 5329 5330
f 5189 5330 5190
f 5188 5328 5329
f 5188 5329 5189
f 5328 5327 5330
f 5328 5330 5329
f 5327 5187 5190
f 5327 5190 5330
f 5187 5188 5189
f 5187 5189 5190
f 5192 5191 5331
f 5192 5331 5332
f 5193 5333 5334
f 5193 5334 5194
f 5192 5332 5333
f 5192 5333 5193
f 5332 5331 5334
f 5332 5334 5333
f 5331 5191 5194
f 5331 5194 5334
f 5191 5192 5193
f 5191 5193 5194
f 5196 5195 5335
f 5196 5335 5336
f 5197 5337 5338
f 5197 5338 5198
f 5196 5336 5337
f 5196 5337 5197
f 5336 5335 5338
f 5336 5338 5337
f 5335 5195 5198
f 5335 5198 5338
f 5195 5196 5197
f 5195 5197 5198
f 5200 5199 5339
f 5200 5339 5340
f 5201 5341 5342
f 5201 5342 5202
f 5200 5340 5341
f 5200 5341 5201
f 5340 5339 5342
f 5340 5342 5341
f 5339 5199 5202
f 5339 5202 5342
f 5199 5200 5201
f 5199 5201 5202
f 5204 5203 5343
f 5204 5343 5344
f 5205 5345 5346
f 5205 5346 5206
f 5204 5344 5345
f 5204 5345 5205
f 5344 5343 5346
f 5344 5346 5345
f 5343 5203 5206
f 5343 5206 5346
f 5203 5204 5205
f 5203 5205 5206
f 5203 5207 5347
f 5203 5347 5343
f 5206 5346 5348
f 5206 5348 5208
f 5203 5343 5346
f 5203 5346 5206
f 5343 5347 5348
f 5343 5348 5346
f 5347 5207 5208
f 5347 5208 5348
f 5207 5203 5206
f 5207 5206 5208
f 5207 5209 5349
f 5207 5349 5347
f 5208 5348 5350
f 5208 5350 5210
f 5207 5347 5348
f 5207 5348 5208
f 5347 5349 5350
f 5347 5350 5348
f 5349 5209 5210
f 5349 5210 5350
f 5209 5207 5208
f 5209 5208 5210
f 5212 5211 5351
f 5212 5351 5352
f 5213 5353 5354
f 5213 5354 5214
f 5212 5352 5353
f 5212 5353 5213
f 5352 5351 5354
f 5352 5354 5353
f 5351 5211 5214
f 5351 5214 5354
f 5211 5212 5213
f 5211 5213 5214
f 5216 5215 5355
f 5216 5355 5356
f 5217 5357 5358
f 5217 5358 5218
f 5216 5356 5357
f 5216 5357 5217
f 5356 5355 5358
f 5356 5358 5357
f 5355 5215 5218
f 5355 5218 5358
f 5215 5216 5217
f 5215 5217 5218
f 5215 5219 5359
f 5215 5359 5355
f 5218 5358 5360
f 5218 5360 5220
f 5215 5355 5358
f 5215 5358 5218
f 5355 5359 5360
f 5355 5360 5358
f 5359 5219 5220
f 5359 5220 5360
f 5219 5215 5218
f 5219 5218 5220
f 5222 5221 5361
f 5222 5361 5362
f 5223 5363 5364
f 5223 5364 5224
f 5222 5362 5363
f 5222 5363 5223
f 5362 5361 5364
f 5362 5364 5363
f 5361 5221 5224
f 5361 5224 5364
f 5221 5222 5223
f 5221 5223 5224
f 5221 5225 5365
f 5221 5365 5361
f 5224 5364 5366
f 5224 5366 5226
f 5221 5361 5364
f 5221 5364 5224
f 5361 5365 5366
f 5361 5366 5364
f 5365 5225 5226
f 5365 5226 5366
f 5225 5221 5224
f 5225 5224 5226
f 5228 5227 5367
f 5228 5367 5368
f 5229 5369 5370
f 5229 5370 5230
f 5228 5368 5369
f 5228 5369 5229
f 5368 5367 5370
f 5368 5370 5369
f 5367 5227 5230
f 5367 5230 5370
f 5227 5228 5229
f 5227 5229 5230
f 5232 5231 5371
f 5232 5371 5372
f 5233 5373 5374
f 5233 5374 5234
f 5232 5372 5373
f 5232 5373 5233
f 5372 5371 5374
f 5372 5374 5373
f 5371 5231 5234
f 5371 5234 5374
f 5231 5232 5233
f 5231 5233 5234
f 5236 5235 5375
f 5236 5375 5376
f 5237 5377 5378
f 5237 5378 5238
f 5236 5376 5377
f 5236 5377 5237
f 5376 5375 5378
f 5376 5378 5377
f 5375 5235 5238
f 5375 5238 5378
f 5235 5236 5237
f 5235 5237 5238
f 5240 5239 5379
f 5240 5379 5380
f 5241 5381 5382
f 5241 5382 5242
f 5240 5380 5381
f 5240 5381 5241
f 5380 5379 5382
f 5380 5382 5381
f 5379 5239 5242
f 5379 5242 5382
f 5239 5240 5241
f 5239 5241 5242
f 5244 5243 5383
f 5244 5383 5384
f 5245 5385 5386
f 5245 5386 5246
f 5244 5384 5385
f 5244 5385 5245
f 5384 5383 5386
f 5384 5386 5385
f 5383 5243 5246
f 5383 5246 5386
f 5243 5244 5245
f 5243 5245 5246
f 5248 5247 5387
f 5248 5387 5388
f 5249 5389 5390
f 5249 5390 5250
f 5248 5388 5389
f 5248 5389 5249
f 5388 5387 5390
f 5388 5390 5389
f 5387 5247 5250
f 5387 5250 5390
f 5247 5248 5249
f 5247 5249 5250
f 5252 5251 5391
f 5252 5391 5392
f 5253 5393 5394
f 5253 5394 5254
f 5252 5392 5393
f 5252 5393 5253
f 5392 5391 5394
f 5392 5394 5393
f 5391 5251 5254
f 5391 5254 5394
f 5251 5252 5253
f 5251 5253 5254
f 5256 5255 5395
f 5256 5395 5396
f 5257 5397 5398
f 5257 5398 5258
f 5256 5396 5397
f 5256 5397 5257
f 5396 5395 5398
f 5396 5398 5397
f 5395 5255 5258
f 5395 5258 5398
f 5255 5256 5257
f 5255 5257 5258
f 5260 5259 5399
f 5260 5399 5400
f 5261 5401 5402
f 5261 5402 5262
f 5260 5400 5401
f 5260 5401 5261
f 5400 5399 5402
f 5400 5402 5401
f 5399 5259 5262
f 5399 5262 5402
f 5259 5260 5261
f 5259 5261 5262
f 5264 5263 5403
f 5264 5403 5404
f 5265 5405 5406
f 5265 5406 5266
f 5264 5404 5405
f 5264 5405 5265
f 5404 5403 5406
f 5404 5406 5405
f 5403 5263 5266
f 5403 5266 5406
f 5263 5264 5265
f 5263 5265 5266
f 5268 5267 5407
f 5268 5407 5408
f 5269 5409 5410
f 5269 5410 5270
f 5268 5408 5409
f 5268 5409 5269
f 5408 5407 5410
f 5408 5410 5409
f 5407 5267 5270
f 5407 5270 5410
f 5267 5268 5269
f 5267 5269 5270
f 5272 5271 5411
f 5272 5411 5412
f 5273 5413 5414
f 5273 5414 5274
f 5272 5412 5413
f 5272 5413 5273
f 5412 5411 5414
f 5412 5414 5413
f 5411 5271 5274
f 5411 5274 5414
f 5271 5272 5273
f 5271 5273 5274
f 5276 5275 5415
f 5276 5415 5416
f 5277 5417 5418
f 5277 5418 5278
f 5276 5416 5417
f 5276 5417 5277
f 5416 5415 5418
f 5416 5418 5417
f 5415 5275 5278
f 5415 5278 5418
f 5275 5276 5277
f 5275 5277 5278
f 5280 5279 5419
f 5280 5419 5420
f 5281 5421 5422
f 5281 5422 5282
f 5280 5420 5421
f 5280 5421 5281
f 5420 5419 5422
f 5420 5422 5421
f 5419 5279 5282
f 5419 5282 5422
f 5279 5280 5281
f 5279 5281 5282
f 5284 5283 5423
f 5284 5423 5424
f 5285 5425 5426
f 5285 5426 5286
f 5284 5424 5425
f 5284 5425 5285
f 5424 5423 5426
f 5424 5426 5425
f 5423 5283 5286
f 5423 5286 5426
f 5283 5284 5285
f 5283 5285 5286
f 5288 5287 5427
f 5288 5427 5428
f 5289 5429 5430
f 5289 5430 5290
f 5288 5428 5429
f 5288 5429 5289
f 5428 5427 5430
f 5428 5430 5429
f 5427 5287 5290
f 5427 5290 5430
f 5287 5288 5289
f 5287 5289 5290
f 5292 5291 5431
f 5292 5431 5432
f 5293 5433 5434
f 5293 5434 5294
f 5292 5432 5433
f 5292 5433 5293
f 5432 5431 5434
f 5432 5434 5433
f 5431 5291 5294
f 5431 5294 5434
f 5291 5292 5293
f 5291 5293 5294
f 5296 5295 5435
f 5296 5435 5436
f 5297 5437 5438
f 5297 5438 5298
f 5296 5436 5437
f 5296 5437 5297
f 5436 5435 5438
f 5436 5438 5437
f 5435 5295 5298
f 5435 5298 5438
f 5295 5296 5297
f 5295 5297 5298
f 5300 5299 5439
f 5300 5439 5440
f 5301 5441 5442
f 5301 5442 5302
f 5300 5440 5441
f 5300 5441 5301
f 5440 5439 5442
f 5440 5442 5441
f 5439 5299 5302
f 5439 5302 5442
f 5299 5300 5301
f 5299 5301 5302
f 5304 5303 5443
f 5304 5443 5444
f 5305 5445 5446
f 5305 5446 5306
f 5304 5444 5445
f 5304 5445 5305
f 5444 5443 5446
f 5444 5446 5445
f 5443 5303 5306
f 5443 5306 5446
f 5303 5304 5305
f 5303 5305 5306
f 5308 5307 5447
f 5308 5447 5448
f 5309 5449 5450
f 5309 5450 5310
f 5308 5448 5449
f 5308 5449 5309
f 5448 5447 5450
f 5448 5450 5449
f 5447 5307 5310
f 5447 5310 5450
f 5307 5308 5309
f 5307 5309 5310
f 5312 5311 5451
f 5312 5451 5452
f 5313 5453 5454
f 5313 5454 5314
f 5312 5452 5453
f 5312 5453 5313
f 5452 5451 5454
f 5452 5454 5453
f 5451 5311 5314
f 5451 5314 5454
f 5311 5312 5313
f 5311 5313 5314
f 5316 5315 5455
f 5316 5455 5456
f 5317 5457 5458
f 5317 5458 5318
f 5316 5456 5457
f 5316 5457 5317
f 5456 5455 5458
f 5456 5458 5457
f 5455 5315 5318
f 5455 5318 5458
f 5315 5316 5317
f 5315 5317 5318
f 5320 5319 5459
f 5320 5459 5460
f 5321 5461 5462
f 5321 5462 5322
f 5320 5460 5461
f 5320 5461 5321
f 5460 5459 5462
f 5460 5462 5461
f 5459 5319 5322
f 5459 5322 5462
f 5319 5320 5321
f 5319 5321 5322
f 5324 5323 5463
f 5324 5463 5464
f 5325 5465 5466
f 5325 5466 5326
f 5324 5464 5465
f 5324 5465 5325
f 5464 5463 5466
f 5464 5466 5465
f 5463 5323 5326
f 5463 5326 5466
f 5323 5324 5325
f 5323 5325 5326
f 5328 5327 5467
f 5328 5467 5468
f 5329 5469 5470
f 5329 5470 5330
f 5328 5468 5469
f 5328 5469 5329
f 5468 5467 5470
f 5468 5470 5469
f 5467 5327 5330
f 5467 5330 5470
f 5327 5328 5329
f 5327 5329 5330
f 5332 5331 5471
f 5332 5471 5472
f 5333 5473 5474
f 5333 5474 5334
f 5332 5472 5473
f 5332 5473 5333
f 5472 5471 5474
f 5472 5474 5473
f 5471 5331 5334
f 5471 5334 5474
f 5331 5332 5333
f 5331 5333 5334
f 5336 5335 5475
f 5336 5475 5476
f 5337 5477 5478
f 5337 5478 5338
f 5336 5476 5477
f 5336 5477 5337
f 5476 5475 5478
f 5476 5478 5477
f 5475 5335 5338
f 5475 5338 5478
f 5335 5336 5337
f 5335 5337 5338
f 5340 5339 5479
f 5340 5479 5480
f 5341 5481 5482
f 5341 5482 5342
f 5340 5480 5481
f 5340 5481 5341
f 5480 5479 5482
f 5480 5482 5481
f 5479 5339 5342
f 5479 5342 5482
f 5339 5340 5341
f 5339 5341 5342
f 5344 5343 5483
f 5344 5483 5484
f 5345 5485 5486
f 5345 5486 5346
f 5344 5484 5485
f 5344 5485 5345
f 5484 5483 5486
f 5484 5486 5485
f 5483 5343 5346
f 5483 5346 5486
f 5343 5344 5345
f 5343 5345 5346
f 5343 5347 5487
f 5343 5487 5483
f 5346 5486 5488
f 5346 5488 5348
f 5343 5483 5486
f 5343 5486 5346
f 5483 5487 5488
f 5483 5488 5486
f 5487 5347 5348
f 5487 5348 5488
f 5347 5343 5346
f 5347 5346 5348
f 5347 5349 5489
f 5347 5489 5487
f 5348 5488 5490
f 5348 5490 5350
f 5347 5487 5488
f 5347 5488 5348
f 5487 5489 5490
f 5487 5490 5488
f 5489 5349 5350
f 5489 5350 5490
f 5349 5347 5348
f 5349 5348 5350
f 5352 5351 5491
f 5352 5491 5492
f 5353 5493 5494
f 5353 5494 5354
f 5352 5492 5493
f 5352 5493 5353
f 5492 5491 5494
f 5492 5494 5493
f 5491 5351 5354
f 5491 5354 5494
f 5351 5352 5353
f 5351 5353 5354
f 5356 5355 5495
f 5356 5495 5496
f 5357 5497 5498
f 5357 5498 5358
f 5356 5496 5497
f 5356 5497 5357
f 5496 5495 5498
f 5496 5498 5497
f 5495 5355 5358
f 5495 5358 5498
f 5355 5356 5357
f 5355 5357 5358
f 5355 5359 5499
f 5355 5499 5495
f 5358 5498 5500
f 5358 5500 5360
f 5355 5495 5498
f 5355 5498 5358
f 5495 5499 5500
f 5495 5500 5498
f 5499 5359 5360
f 5499 5360 5500
f 5359 5355 5358
f 5359 5358 5360
f 5362 5361 5501
f 5362 5501 5502
f 5363 5503 5504
f 5363 5504 5364
f 5362 5502 5503
f 5362 5503 5363
f 5502 5501 5504
f 5502 5504 5503
f 5501 5361 5364
f 5501 5364 5504
f 5361 5362 5363
f 5361 5363 5364
f 5361 5365 5505
f 5361 5505 5501
f 5364 5504 5506
f 5364 5506 5366
f 5361 5501 5504
f 5361 5504 5364
f 5501 5505 5506
f 5501 5506 5504
f 5505 5365 5366
f 5505 5366 5506
f 5365 5361 5364
f 5365 5364 5366
f 5368 5367 5507
f 5368 5507 5508
f 5369 5509 5510
f 5369 5510 5370
f 5368 5508 5509
f 5368 5509 5369
f 5508 5507 5510
f 5508 5510 5509
f 5507 5367 5370
f 5507 5370 5510
f 5367 5368 5369
f 5367 5369 5370
f 5372 5371 5511
f 5372 5511 5512
f 5373 5513 5514
f 5373 5514 5374
f 5372 5512 5513
f 5372 5513 5373
f 5512 5511 5514
f 5512 5514 5513
f 5511 5371 5374
f 5511 5374 5514
f 5371 5372 5373
f 5371 5373 5374
f 5376 5375 5515
f 5376 5515 5516
f 5377 5517 5518
f 5377 5518 5378
f 5376 5516 5517
f 5376 5517 5377
f 5516 5515 5518
f 5516 5518 5517
f 5515 5375 5378
f 5515 5378 5518
f 5375 5376 5377
f 5375 5377 5378
f 5380 5379 5519
f 5380 5519 5520
f 5381 5521 5522
f 5381 5522 5382
f 5380 5520 5521
f 5380 5521 5381
f 5520 5519 5522
f 5520 5522 5521
f 5519 5379 5382
f 5519 5382 5522
f 5379 5380 5381
f 5379 5381 5382
f 5384 5383 5523
f 5384 5523 5524
f 5385 5525 5526
f 5385 5526 5386
f 5384 5524 5525
f 5384 5525 5385
f 5524 5523 5526
f 5524 5526 5525
f 5523 5383 5386
f 5523 5386 5526
f 5383 5384 5385
f 5383 5385 5386
f 5388 5387 5527
f 5388 5527 5528
f 5389 5529 5530
f 5389 5530 5390
f 5388 5528 5529
f 5388 5529 5389
f 5528 5527 5530
f 5528 5530 5529
f 5527 5387 5390
f 5527 5390 5530
f 5387 5388 5389
f 5387 5389 5390
f 5392 5391 5531
f 5392 5531 5532
f 5393 5533 5534
f 5393 5534 5394
f 5392 5532 5533
f 5392 5533 5393
f 5532 5531 5534
f 5532 5534 5533
f 5531 5391 5394
f 5531 5394 5534
f 5391 5392 5393
f 5391 5393 5394
f 5396 5395 5535
f 5396 5535 5536
f 5397 5537 5538
f 5397 5538 5398
f 5396 5536 5537
f 5396 5537 5397
f 5536 5535 5538
f 5536 5538 5537
f 5535 5395 5398
f 5535 5398 5538
f 5395 5396 5397
f 5395 5397 5398
f 5400 5399 5539
f 5400 5539 5540
f 5401 5541 5542
f 5401 5542 5402
f 5400 5540 5541
f 5400 5541 5401
f 5540 5539 5542
f 5540 5542 5541
f 5539 5399 5402
f 5539 5402 5542
f 5399 5400 5401
f 5399 5401 5402
f 5404 5403 5543
f 5404 5543 5544
f 5405 5545 5546
f 5405 5546 5406
f 5404 5544 5545
f 5404 5545 5405
f 5544 5543 5546
f 5544 5546 5545
f 5543 5403 5406
f 5543 5406 5546
f 5403 5404 5405
f 5403 5405 5406
f 5408 5407 5547
f 5408 5547 5548
f 5409 5549 5550
f 5409 5550 5410
f 5408 5548 5549
f 5408 5549 5409
f 5548 5547 5550
f 5548 5550 5549
f 5547 5407 5410
f 5547 5410 5550
f 5407 5408 5409
f 5407 5409 5410
f 5412 5411 5551
f 5412 5551 5552
f 5413 5553 5554
f 5413 5554 5414
f 5412 5552 5553
f 5412 5553 5413
f 5552 5551 5554
f 5552 5554 5553
f 5551 5411 5414
f 5551 5414 5554
f 5411 5412 5413
f 5411 5413 5414
f 5416 5415 5555
f 5416 5555 5556
f 5417 5557 5558
f 5417 5558 5418
f 5416 5556 5557
f 5416 5557 5417
f 5556 5555 5558
f 5556 5558 5557
f 5555 5415 5418
f 5555 5418 5558
f 5415 5416 5417
f 5415 5417 5418
f 5420 5419 5559
f 5420 5559 5560
f 5421 5561 5562
f 5421 5562 5422
f 5420 5560 5561
f 5420 5561 5421
f 5560 5559 5562
f 5560 5562 5561
f 5559 5419 5422
f 5559 5422 5562
f 5419 5420 5421
f 5419 5421 5422
f 5424 5423 5563
f 5424 5563 5564
f 5425 5565 5566
f 5425 5566 5426
f 5424 5564 5565
f 5424 5565 5425
f 5564 5563 5566
f 5564 5566 5565
f 5563 5423 5426
f 5563 5426 5566
f 5423 5424 5425
f 5423 5425 5426
f 5428 5427 5567
f 5428 5567 5568
f 5429 5569 5570
f 5429 5570 5430
f 5428 5568 5569
f 5428 5569 5429
f 5568 5567 5570
f 5568 5570 5569
f 5567 5427 5430
f 5567 5430 5570
f 5427 5428 5429
f 5427 5429 5430
f 5432 5431 5571
f 5432 5571 5572
f 5433 5573 5574
f 5433 5574 5434
f 5432 5572 5573
f 5432 5573 5433
f 5572 5571 5574
f 5572 5574 5573
f 5571 5431 5434
f 5571 5434 5574
f 5431 5432 5433
f 5431 5433 5434
f 5436 5435 5575
f 5436 5575 5576
f 5437 5577 5578
f 5437 5578 5438
f 5436 5576 5577
f 5436 5577 5437
f 5576 5575 5578
f 5576 5578 5577
f 5575 5435 5438
f 5575 5438 5578
f 5435 5436 5437
f 5435 5437 5438
f 5440 5439 5579
f 5440 5579 5580
f 5441 5581 5582
f 5441 5582 5442
f 5440 5580 5581
f 5440 5581 5441
f 5580 5579 5582
f 5580 5582 5581
f 5579 5439 5442
f 5579 5442 5582
f 5439 5440 5441
f 5439 5441 5442
f 5444 5443 5583
f 5444 5583 5584
f 5445 5585 5586
f 5445 5586 5446
f 5444 5584 5585
f 5444 5585 5445
f 5584 5583 5586
f 5584 5586 5585
f 5583 5443 5446
f 5583 5446 5586
f 5443 5444 5445
f 5443 5445 5446
f 5448 5447 5587
f 5448 5587 5588
f 5449 5589 5590
f 5449 5590 5450
f 5448 5588 5589
f 5448 5589 5449
f 5588 5587 5590
f 5588 5590 5589
f 5587 5447 5450
f 5587 5450 5590
f 5447 5448 5449
f 5447 5449 5450
f 5452 5451 5591
f 5452 5591 5592
f 5453 5593 5594
f 5453 5594 5454
f 5452 5592 5593
f 5452 5593 5453
f 5592 5591 5594
f 5592 5594 5593
f 5591 5451 5454
f 5591 5454 5594
f 5451 5452 5453
f 5451 5453 5454
f 5456 5455 5595
f 5456 5595 5596
f 5457 5597 5598
f 5457 5598 5458
f 5456 5596 5597
f 5456 5597 5457
f 5596 5595 5598
f 5596 5598 5597
f 5595 5455 5458
f 5595 5458 5598
f 5455 5456 5457
f 5455 5457 5458
f 5460 5459 5599
f 5460 5599 5600
f 5461 5601 5602
f 5461 5602 5462
f 5460 5600 5601
f 5460 5601 5461
f 5600 5599 5602
f 5600 5602 5601
f 5599 5459 5462
f 5599 5462 5602
f 5459 5460 5461
f 5459 5461 5462
f 5464 5463 5603
f 5464 5603 5604
f 5465 5605 5606
f 5465 5606 5466
f 5464 5604 5605
f 5464 5605 5465
f 5604 5603 5606
f 5604 5606 5605
f 5603 5463 5466
f 5603 5466 5606
f 5463 5464 5465
f 5463 5465 5466
f 5468 5467 5607
f 5468 5607 5608
f 5469 5609 5610
f 5469 5610 5470
f 5468 5608 5609
f 5468 5609 5469
f 5608 5607 5610
f 5608 5610 5609
f 5607 5467 5470
f 5607 5470 5610
f 5467 5468 5469
f 5467 5469 5470
f 5472 5471 5611
f 5472 5611 5612
f 5473 5613 5614
f 5473 5614 5474
f 5472 5612 5613
f 5472 5613 5473
f 5612 5611 5614
f 5612 5614 5613
f 5611 5471 5474
f 5611 5474 5614
f 5471 5472 5473
f 5471 5473 5474
f 5476 5475 5615
f 5476 5615 5616
f 5477 5617 5618
f 5477 5618 5478
f 5476 5616 5617
f 5476 5617 5477
f 5616 5615 5618
f 5616 5618 5617
f 5615 5475 5478
f 5615 5478 5618
f 5475 5476 5477
f 5475 5477 5478
f 5480 5479 5619
f 5480 5619 5620
f 5481 5621 5622
f 5481 5622 5482
f 5480 5620 5621
f 5480 5621 5481
f 5620 5619 5622
f 5620 5622 5621
f 5619 5479 5482
f 5619 5482 5622
f 5479 5480 5481
f 5479 5481 5482
f 5484 5483 5623
f 5484 5623 5624
f 5485 5625 5626
f 5485 5626 5486
f 5484 5624 5625
f 5484 5625 5485
f 5624 5623 5626
f 5624 5626 5625
f 5623 5483 5486
f 5623 5486 5626
f 5483 5484 5485
f 5483 5485 5486
f 5483 5487 5627
f 5483 5627 5623
f 5486 5626 5628
f 5486 5628 5488
f 5483 5623 5626
f 5483 5626 5486
f 5623 5627 5628
f 5623 5628 5626
f 5627 5487 5488
f 5627 5488 5628
f 5487 5483 5486
f 5487 5486 5488
f 5487 5489 5629
f 5487 5629 5627
f 5488 5628 5630
f 5488 5630 5490
f 5487 5627 5628
f 5487 5628 5488
f 5627 5629 5630
f 5627 5630 5628
f 5629 5489 5490
f 5629 5490 5630
f 5489 5487 5488
f 5489 5488 5490
f 5492 5491 5631
f 5492 5631 5632
f 5493 5633 5634
f 5493 5634 5494
f 5492 5632 5633
f 5492 5633 5493
f 5632 5631 5634
f 5632 5634 5633
f 5631 5491 5494
f 5631 5494 5634
f 5491 5492 5493
f 5491 5493 5494
f 5496 5495 5635
f 5496 5635 5636
f 5497 5637 5638
f 5497 5638 5498
f 5496 5636 5637
f 5496 5637 5497
f 5636 5635 5638
f 5636 5638 5637
f 5635 5495 5498
f 5635 5498 5638
f 5495 5496 5497
f 5495 5497 5498
f 5495 5499 5639
f 5495 5639 5635
f 5498 5638 5640
f 5498 5640 5500
f 5495 5635 5638
f 5495 5638 5498
f 5635 5639 5640
f 5635 5640 5638
f 5639 5499 5500
f 5639 5500 5640
f 5499 5495 5498
f 5499 5498 5500
f 5502 5501 5641
f 5502 5641 5642
f 5503 5643 5644
f 5503 5644 5504
f 5502 5642 5643
f 5502 5643 5503
f 5642 5641 5644
f 5642 5644 5643
f 5641 5501 5504
f 5641 5504 5644
f 5501 5502 5503
f 5501 5503 5504
f 5501 5505 5645
f 5501 5645 5641
f 5504 5644 5646
f 5504 5646 5506
f 5501 5641 5644
f 5501 5644 5504
f 5641 5645 5646
f 5641 5646 5644
f 5645 5505 5506
f 5645 5506 5646
f 5505 5501 5504
f 5505 5504 5506
f 5508 5507 5647
f 5508 5647 5648
f 5509 5649 5650
f 5509 5650 5510
f 5508 5648 5649
f 5508 5649 5509
f 5648 5647 5650
f 5648 5650 5649
f 5647 5507 5510
f 5647 5510 5650
f 5507 5508 5509
f 5507 5509 5510
f 5512 5511 5651
f 5512 5651 5652
f 5513 5653 5654
f 5513 5654 5514
f 5512 5652 5653
f 5512 5653 5513
f 5652 5651 5654
f 5652 5654 5653
f 5651 5511 5514
f 5651 5514 5654
f 5511 5512 5513
f 5511 5513 5514
f 5516 5515 5655
f 5516 5655 5656
f 5517 5657 5658
f 5517 5658 5518
f 5516 5656 5657
f 5516 5657 5517
f 5656 5655 5658
f 5656 5658 5657
f 5655 5515 5518
f 5655 5518 5658
f 5515 5516 5517
f 5515 5517 5518
f 5520 5519 5659
f 5520 5659 5660
f 5521 5661 5662
f 5521 5662 5522
f 5520 5660 5661
f 5520 5661 5521
f 5660 5659 5662
f 5660 5662 5661
f 5659 5519 5522
f 5659 5522 5662
f 5519 5520 5521
f 5519 5521 5522
f 5524 5523 5663
f 5524 5663 5664
f 5525 5665 5666
f 5525 5666 5526
f 5524 5664 5665
f 5524 5665 5525
f 5664 5663 5666
f 5664 5666 5665
f 5663 5523 5526
f 5663 5526 5666
f 5523 5524 5525
f 5523 5525 5526
f 5528 5527 5667
f 5528 5667 5668
f 5529 5669 5670
f 5529 5670 5530
f 5528 5668 5669
f 5528 5669 5529
f 5668 5667 5670
f 5668 5670 5669
f 5667 5527 5530
f 5667 5530 5670
f 5527 5528 5529
f 5527 5529 5530
f 5532 5531 5671
f 5532 5671 5672
f 5533 5673 5674
f 5533 5674 5534
f 5532 5672 5673
f 5532 5673 5533
f 5672 5671 5674
f 5672 5674 5673
f 5671 5531 5534
f 5671 5534 5674
f 5531 5532 5533
f 5531 5533 5534
f 5536 5535 5675
f 5536 5675 5676
f 5537 5677 5678
f 5537 5678 5538
f 5536 5676 5677
f 5536 5677 5537
f 5676 5675 5678
f 5676 5678 5677
f 5675 5535 5538
f 5675 5538 5678
f 5535 5536 5537
f 5535 5537 5538
f 5540 5539 5679
f 5540 5679 5680
f 5541 5681 5682
f 5541 5682 5542
f 5540 5680 5681
f 5540 5681 5541
f 5680 5679 5682
f 5680 5682 5681
f 5679 5539 5542
f 5679 5542 5682
f 5539 5540 5541
f 5539 5541 5542
f 5544 5543 5683
f 5544 5683 5684
f 5545 5685 5686
f 5545 5686 5546
f 5544 5684 5685
f 5544 5685 5545
f 5684 5683 5686
f 5684 5686 5685
f 5683 5543 5546
f 5683 5546 5686
f 5543 5544 5545
f 5543 5545 5546
f 5548 5547 5687
f 5548 5687 5688
f 5549 5689 5690
f 5549 5690 5550
f 5548 5688 5689
f 5548 5689 5549
f 5688 5687 5690
f 5688 5690 5689
f 5687 5547 5550
f 5687 5550 5690
f 5547 5548 5549
f 5547 5549 5550
f 5552 5551 5691
f 5552 5691 5692
f 5553 5693 5694
f 5553 5694 5554
f 5552 5692 5693
f 5552 5693 5553
f 5692 5691 5694
f 5692 5694 5693
f 5691 5551 5554
f 5691 5554 5694
f 5551 5552 5553
f 5551 5553 5554
f 5556 5555 5695
f 5556 5695 5696
f 5557 5697 5698
f 5557 5698 5558
f 5556 5696 5697
f 5556 5697 5557
f 5696 5695 5698
f 5696 5698 5697
f 5695 5555 5558
f 5695 5558 5698
f 5555 5556 5557
f 5555 5557 5558
f 5560 5559 5699
f 5560 5699 5700
f 5561 5701 5702
f 5561 5702 5562
f 5560 5700 5701
f 5560 5701 5561
f 5700 5699 5702
f 5700 5702 5701
f 5699 5559 5562
f 5699 5562 5702
f 5559 5560 5561
f 5559 5561 5562
f 5564 5563 5703
f 5564 5703 5704
f 5565 5705 5706
f 5565 5706 5566
f 5564 5704 5705
f 5564 5705 5565
f 5704 5703 5706
f 5704 5706 5705
f 5703 5563 5566
f 5703 5566 5706
f 5563 5564 5565
f 5563 5565 5566
f 5568 5567 5707
f 5568 5707 5708
f 5569 5709 5710
f 5569 5710 5570
f 5568 5708 5709
f 5568 5709 5569
f 5708 5707 5710
f 5708 5710 5709
f 5707 5567 5570
f 5707 5570 5710
f 5567 5568 5569
f 5567 5569 5570
f 5572 5571 5711
f 5572 5711 5712
f 5573 5713 5714
f 5573 5714 5574
f 5572 5712 5713
f 5572 5713 5573
f 5712 5711 5714
f 5712 5714 5713
f 5711 5571 5574
f 5711 5574 5714
f 5571 5572 5573
f 5571 5573 5574
f 5576 5575 5715
f 5576 5715 5716
f 5577 5717 5718
f 5577 5718 5578
f 5576 5716 5717
f 5576 5717 5577
f 5716 5715 5718
f 5716 5718 5717
f 5715 5575 5578
f 5715 5578 5718
f 5575 5576 5577
f 5575 5577 5578
f 5580 5579 5719
f 5580 5719 5720
f 5581 5721 5722
f 5581 5722 5582
f 5580 5720 5721
f 5580 5721 5581
f 5720 5719 5722
f 5720 5722 5721
f 5719 5579 5582
f 5719 5582 5722
f 5579 5580 5581
f 5579 5581 5582
f 5584 5583 5723
f 5584 5723 5724
f 5585 5725 5726
f 5585 5726 5586
f 5584 5724 5725
f 5584 5725 5585
f 5724 5723 5726
f 5724 5726 5725
f 5723 5583 5586
f 5723 5586 5726
f 5583 5584 5585
f 5583 5585 5586
f 5588 5587 5727
f 5588 5727 5728
f 5589 5729 5730
f 5589 5730 5590
f 5588 5728 5729
f 5588 5729 5589
f 5728 5727 5730
f 5728 5730 5729
f 5727 5587 5590
f 5727 5590 5730
f 5587 5588 5589
f 5587 5589 5590
f 5592 5591 5731
f 5592 5731 5732
f 5593 5733 5734
f 5593 5734 5594
f 5592 5732 5733
f 5592 5733 5593
f 5732 5731 5734
f 5732 5734 5733
f 5731 5591 5594
f 5731 5594 5734
f 5591 5592 5593
f 5591 5593 5594
f 5596 5595 5735
f 5596 5735 5736
f 5597 5737 5738
f 5597 5738 5598
f 5596 5736 5737
f 5596 5737 5597
f 5736 5735 5738
f 5736 5738 5737
f 5735 5595 5598
f 5735 5598 5738
f 5595 5596 5597
f 5595 5597 5598
f 5600 5599 5739
f 5600 5739 5740
f 5601 5741 5742
f 5601 5742 5602
f 5600 5740 5741
f 5600 5741 5601
f 5740 5739 5742
f 5740 5742 5741
f 5739 5599 5602
f 5739 5602 5742
f 5599 5600 5601
f 5599 5601 5602
f 5604 5603 5743
f 5604 5743 5744
f 5605 5745 5746
f 5605 5746 5606
f 5604 5744 5745
f 5604 5745 5605
f 5744 5743 5746
f 5744 5746 5745
f 5743 5603 5606
f 5743 5606 5746
f 5603 5604 5605
f 5603 5605 5606
f 5608 5607 5747
f 5608 5747 5748
f 5609 5749 5750
f 5609 5750 5610
f 5608 5748 5749
f 5608 5749 5609
f 5748 5747 5750
f 5748 5750 5749
f 5747 5607 5610
f 5747 5610 5750
f 5607 5608 5609
f 5607 5609 5610
f 5612 5611 5751
f 5612 5751 5752
f 5613 5753 5754
f 5613 5754 5614
f 5612 5752 5753
f 5612 5753 5613
f 5752 5751 5754
f 5752 5754 5753
f 5751 5611 5614
f 5751 5614 5754
f 5611 5612 5613
f 5611 5613 5614
f 5616 5615 5755
f 5616 5755 5756
f 5617 5757 5758
f 5617 5758 5618
f 5616 5756 5757
f 5616 5757 5617
f 5756 5755 5758
f 5756 5758 5757
f 5755 5615 5618
f 5755 5618 5758
f 5615 5616 5617
f 5615 5617 5618
f 5620 5619 5759
f 5620 5759 5760
f 5621 5761 5762
f 5621 5762 5622
f 5620 5760 5761
f 5620 5761 5621
f 5760 5759 5762
f 5760 5762 5761
f 5759 5619 5622
f 5759 5622 5762
f 5619 5620 5621
f 5619 5621 5622
f 5624 5623 5763
f 5624 5763 5764
f 5625 5765 5766
f 5625 5766 5626
f 5624 5764 5765
f 5624 5765 5625
f 5764 5763 5766
f 5764 5766 5765
f 5763 5623 5626
f 5763 5626 5766
f 5623 5624 5625
f 5623 5625 5626
f 5623 5627 5767
f 5623 5767 5763
f 5626 5766 5768
f 5626 5768 5628
f 5623 5763 5766
f 5623 5766 5626
f 5763 5767 5768
f 5763 5768 5766
f 5767 5627 5628
f 5767 5628 5768
f 5627 5623 5626
f 5627 5626 5628
f 5627 5629 5769
f 5627 5769 5767
f 5628 5768 5770
f 5628 5770 5630
f 5627 5767 5768
f 5627 5768 5628
f 5767 5769 5770
f 5767 5770 5768
f 5769 5629 5630
f 5769 5630 5770
f 5629 5627 5628
f 5629 5628 5630
f 5632 5631 5771
f 5632 5771 5772
f 5633 5773 5774
f 5633 5774 5634
f 5632 5772 5773
f 5632 5773 5633
f 5772 5771 5774
f 5772 5774 5773
f 5771 5631 5634
f 5771 5634 5774
f 5631 5632 5633
f 5631 5633 5634
f 5636 5635 5775
f 5636 5775 5776
f 5637 5777 5778
f 5637 5778 5638
f 5636 5776 5777
f 5636 5777 5637
f 5776 5775 5778
f 5776 5778 5777
f 5775 5635 5638
f 5775 5638 5778
f 5635 5636 5637
f 5635 5637 5638
f 5635 5639 5779
f 5635 5779 5775
f 5638 5778 5780
f 5638 5780 5640
f 5635 5775 5778
f 5635 5778 5638
f 5775 5779 5780
f 5775 5780 5778
f 5779 5639 5640
f 5779 5640 5780
f 5639 5635 5638
f 5639 5638 5640
f 5642 5641 5781
f 5642 5781 5782
f 5643 5783 5784
f 5643 5784 5644
f 5642 5782 5783
f 5642 5783 5643
f 5782 5781 5784
f 5782 5784 5783
f 5781 5641 5644
f 5781 5644 5784
f 5641 5642 5643
f 5641 5643 5644
f 5641 5645 5785
f 5641 5785 5781
f 5644 5784 5786
f 5644 5786 5646
f 5641 5781 5784
f 5641 5784 5644
f 5781 5785 5786
f 5781 5786 5784
f 5785 5645 5646
f 5785 5646 5786
f 5645 5641 5644
f 5645 5644 5646
f 5648 5647 5787
f 5648 5787 5788
f 5649 5789 5790
f 5649 5790 5650
f 5648 5788 5789
f 5648 5789 5649
f 5788 5787 5790
f 5788 5790 5789
f 5787 5647 5650
f 5787 5650 5790
f 5647 5648 5649
f 5647 5649 5650
f 5652 5651 5791
f 5652 5791 5792
f 5653 5793 5794
f 5653 5794 5654
f 5652 5792 5793
f 5652 5793 5653
f 5792 5791 5794
f 5792 5794 5793
f 5791 5651 5654
f 5791 5654 5794
f 5651 5652 5653
f 5651 5653 5654
f 5656 5655 5795
f 5656 5795 5796
f 5657 5797 5798
f 5657 5798 5658
f 5656 5796 5797
f 5656 5797 5657
f 5796 5795 5798
f 5796 5798 5797
f 5795 5655 5658
f 5795 5658 5798
f 5655 5656 5657
f 5655 5657 5658
f 5660 5659 5799
f 5660 5799 5800
f 5661 5801 5802
f 5661 5802 5662
f 5660 5800 5801
f 5660 5801 5661
f 5800 5799 5802
f 5800 5802 5801
f 5799 5659 5662
f 5799 5662 5802
f 5659 5660 5661
f 5659 5661 5662
f 5664 5663 5803
f 5664 5803 5804
f 5665 5805 5806
f 5665 5806 5666
f 5664 5804 5805
f 5664 5805 5665
f 5804 5803 5806
f 5804 5806 5805
f 5803 5663 5666
f 5803 5666 5806
f 5663 5664 5665
f 5663 5665 5666
f 5668 5667 5807
f 5668 5807 5808
f 5669 5809 5810
f 5669 5810 5670
f 5668 5808 5809
f 5668 5809 5669
f 5808 5807 5810
f 5808 5810 5809
f 5807 5667 5670
f 5807 5670 5810
f 5667 5668 5669
f 5667 5669 5670
f 5672 5671 5811
f 5672 5811 5812
f 5673 5813 5814
f 5673 5814 5674
f 5672 5812 5813
f 5672 5813 5673
f 5812 5811 5814
f 5812 5814 5813
f 5811 5671 5674
f 5811 5674 5814
f 5671 5672 5673
f 5671 5673 5674
f 5676 5675 5815
f 5676 5815 5816
f 5677 5817 5818
f 5677 5818 5678
f 5676 5816 5817
f 5676 5817 5677
f 5816 5815 5818
f 5816 5818 5817
f 5815 5675 5678
f 5815 5678 5818
f 5675 5676 5677
f 5675 5677 5678
f 5680 5679 5819
f 5680 5819 5820
f 5681 5821 5822
f 5681 5822 5682
f 5680 5820 5821
f 5680 5821 5681
f 5820 5819 5822
f 5820 5822 5821
f 5819 5679 5682
f 5819 5682 5822
f 5679 5680 5681
f 5679 5681 5682
f 5684 5683 5823
f 5684 5823 5824
f 5685 5825 5826
f 5685 5826 5686
f 5684 5824 5825
f 5684 5825 5685
f 5824 5823 5826
f 5824 5826 5825
f 5823 5683 5686
f 5823 5686 5826
f 5683 5684 5685
f 5683 5685 5686
f 5688 5687 5827
f 5688 5827 5828
f 5689 5829 5830
f 5689 5830 5690
f 5688 5828 5829
f 5688 5829 5689
f 5828 5827 5830
f 5828 5830 5829
f 5827 5687 5690
f 5827 5690 5830
f 5687 5688 5689
f 5687 5689 5690
f 5692 5691 5831
f 5692 5831 5832
f 5693 5833 5834
f 5693 5834 5694
f 5692 5832 5833
f 5692 5833 5693
f 5832 5831 5834
f 5832 5834 5833
f 5831 5691 5694
f 5831 5694 5834
f 5691 5692 5693
f 5691 5693 5694
f 5696 5695 5835
f 5696 5835 5836
f 5697 5837 5838
f 5697 5838 5698
f 5696 5836 5837
f 5696 5837 5697
f 5836 5835 5838
f 5836 5838 5837
f 5835 5695 5698
f 5835 5698 5838
f 5695 5696 5697
f 5695 5697 5698
f 5700 5699 5839
f 5700 5839 5840
f 5701 5841 5842
f 5701 5842 5702
f 5700 5840 5841
f 5700 5841 5701
f 5840 5839 5842
f 5840 5842 5841
f 5839 5699 5702
f 5839 5702 5842
f 5699 5700 5701
f 5699 5701 5702
f 5704 5703 5843
f 5704 5843 5844
f 5705 5845 5846
f 5705 5846 5706
f 5704 5844 5845
f 5704 5845 5705
f 5844 5843 5846
f 5844 5846 5845
f 5843 5703 5706
f 5843 5706 5846
f 5703 5704 5705
f 5703 5705 5706
f 5708 5707 5847
f 5708 5847 5848
f 5709 5849 5850
f 5709 5850 5710
f 5708 5848 5849
f 5708 5849 5709
f 5848 5847 5850
f 5848 5850 5849
f 5847 5707 5710
f 5847 5710 5850
f 5707 5708 5709
f 5707 5709 5710
f 5712 5711 5851
f 5712 5851 5852
f 5713 5853 5854
f 5713 5854 5714
f 5712 5852 5853
f 5712 5853 5713
f 5852 5851 5854
f 5852 5854 5853
f 5851 5711 5714
f 5851 5714 5854
f 5711 5712 5713
f 5711 5713 5714
f 5716 5715 5855
f 5716 5855 5856
f 5717 5857 5858
f 5717 5858 5718
f 5716 5856 5857
f 5716 5857 5717
f 5856 5855 5858
f 5856 5858 5857
f 5855 5715 5718
f 5855 5718 5858
f 5715 5716 5717
f 5715 5717 5718
f 5720 5719 5859
f 5720 5859 5860
f 5721 5861 5862
f 5721 5862 5722
f 5720 5860 5861
f 5720 5861 5721
f 5860 5859 5862
f 5860 5862 5861
f 5859 5719 5722
f 5859 5722 5862
f 5719 5720 5721
f 5719 5721 5722
f 5724 5723 5863
f 5724 5863 5864
f 5725 5865 5866
f 5725 5866 5726
f 5724 5864 5865
f 5724 5865 5725
f 5864 5863 5866
f 5864 5866 5865
f 5863 5723 5726
f 5863 5726 5866
f 5723 5724 5725
f 5723 5725 5726
f 5728 5727 5867
f 5728 5867 5868
f 5729 5869 5870
f 5729 5870 5730
f 5728 5868 5869
f 5728 5869 5729
f 5868 5867 5870
f 5868 5870 5869
f 5867 5727 5730
f 5867 5730 5870
f 5727 5728 5729
f 5727 5729 5730
f 5732 5731 5871
f 5732 5871 5872
f 5733 5873 5874
f 5733 5874 5734
f 5732 5872 5873
f 5732 5873 5733
f 5872 5871 5874
f 5872 5874 5873
f 5871 5731 5734
f 5871 5734 5874
f 5731 5732 5733
f 5731 5733 5734
f 5736 5735 5875
f 5736 5875 5876
f 5737 5877 5878
f 5737 5878 5738
f 5736 5876 5877
f 5736 5877 5737
f 5876 5875 5878
f 5876 5878 5877
f 5875 5735 5738
f 5875 5738 5878
f 5735 5736 5737
f 5735 5737 5738
f 5740 5739 5879
f 5740 5879 5880
f 5741 5881 5882
f 5741 5882 5742
f 5740 5880 5881
f 5740 5881 5741
f 5880 5879 5882
f 5880 5882 5881
f 5879 5739 5742
f 5879 5742 5882
f 5739 5740 5741
f 5739 5741 5742
f 5744 5743 5883
f 5744 5883 5884
f 5745 5885 5886
f 5745 5886 5746
f 5744 5884 5885
f 5744 5885 5745
f 5884 5883 5886
f 5884 5886 5885
f 5883 5743 5746
f 5883 5746 5886
f 5743 5744 5745
f 5743 5745 5746
f 5748 5747 5887
f 5748 5887 5888
f 5749 5889 5890
f 5749 5890 5750
f 5748 5888 5889
f 5748 5889 5749
f 5888 5887 5890
f 5888 5890 5889
f 5887 5747 5750
f 5887 5750 5890
f 5747 5748 5749
f 5747 5749 5750
f 5752 5751 5891
f 5752 5891 5892
f 5753 5893 5894
f 5753 5894 5754
f 5752 5892 5893
f 5752 5893 5753
f 5892 5891 5894
f 5892 5894 5893
f 5891 5751 5754
f 5891 5754 5894
f 5751 5752 5753
f 5751 5753 5754
f 5756 5755 5895
f 5756 5895 5896
f 5757 5897 5898
f 5757 5898 5758
f 5756 5896 5897
f 5756 5897 5757
f 5896 5895 5898
f 5896 5898 5897
f 5895 5755 5758
f 5895 5758 5898
f 5755 5756 5757
f 5755 5757 5758
f 5760 5759 5899
f 5760 5899 5900
f 5761 5901 5902
f 5761 5902 5762
f 5760 5900 5901
f 5760 5901 5761
f 5900 5899 5902
f 5900 5902 5901
f 5899 5759 5762
f 5899 5762 5902
f 5759 5760 5761
f 5759 5761 5762
f 5764 5763 5903
f 5764 5903 5904
f 5765 5905 5906
f 5765 5906 5766
f 5764 5904 5905
f 5764 5905 5765
f 5904 5903 5906
f 5904 5906 5905
f 5903 5763 5766
f 5903 5766 5906
f 5763 5764 5765
f 5763 5765 5766
f 5763 5767 5907
f 5763 5907 5903
f 5766 5906 5908
f 5766 5908 5768
f 5763 5903 5906
f 5763 5906 5766
f 5903 5907 5908
f 5903 5908 5906
f 5907 5767 5768
f 5907 5768 5908
f 5767 5763 5766
f 5767 5766 5768
f 5767 5769 5909
f 5767 5909 5907
f 5768 5908 5910
f 5768 5910 5770
f 5767 5907 5908
f 5767 5908 5768
f 5907 5909 5910
f 5907 5910 5908
f 5909 5769 5770
f 5909 5770 5910
f 5769 5767 5768
f 5769 5768 5770
f 5772 5771 5911
f 5772 5911 5912
f 5773 5913 5914
f 5773 5914 5774
f 5772 5912 5913
f 5772 5913 5773
f 5912 5911 5914
f 5912 5914 5913
f 5911 5771 5774
f 5911 5774 5914
f 5771 5772 5773
f 5771 5773 5774
f 5776 5775 5915
f 5776 5915 5916
f 5777 5917 5918
f 5777 5918 5778
f 5776 5916 5917
f 5776 5917 5777
f 5916 5915 5918
f 5916 5918 5917
f 5915 5775 5778
f 5915 5778 5918
f 5775 5776 5777
f 5775 5777 5778
f 5775 5779 5919
f 5775 5919 5915
f 5778 5918 5920
f 5778 5920 5780
f 5775 5915 5918
f 5775 5918 5778
f 5915 5919 5920
f 5915 5920 5918
f 5919 5779 5780
f 5919 5780 5920
f 5779 5775 5778
f 5779 5778 5780
f 5782 5781 5921
f 5782 5921 5922
f 5783 5923 5924
f 5783 5924 5784
f 5782 5922 5923
f 5782 5923 5783
f 5922 5921 5924
f 5922 5924 5923
f 5921 5781 5784
f 5921 5784 5924
f 5781 5782 5783
f 5781 5783 5784
f 5781 5785 5925
f 5781 5925 5921
f 5784 5924 5926
f 5784 5926 5786
f 5781 5921 5924
f 5781 5924 5784
f 5921 5925 5926
f 5921 5926 5924
f 5925 5785 5786
f 5925 5786 5926
f 5785 5781 5784
f 5785 5784 5786
f 5788 5787 5927
f 5788 5927 5928
f 5789 5929 5930
f 5789 5930 5790
f 5788 5928 5929
f 5788 5929 5789
f 5928 5927 5930
f 5928 5930 5929
f 5927 5787 5790
f 5927 5790 5930
f 5787 5788 5789
f 5787 5789 5790
f 5792 5791 5931
f 5792 5931 5932
f 5793 5933 5934
f 5793 5934 5794
f 5792 5932 5933
f 5792 5933 5793
f 5932 5931 5934
f 5932 5934 5933
f 5931 5791 5794
f 5931 5794 5934
f 5791 5792 5793
f 5791 5793 5794
f 5796 5795 5935
f 5796 5935 5936
f 5797 5937 5938
f 5797 5938 5798
f 5796 5936 5937
f 5796 5937 5797
f 5936 5935 5938
f 5936 5938 5937
f 5935 5795 5798
f 5935 5798 5938
f 5795 5796 5797
f 5795 5797 5798
f 5800 5799 5939
f 5800 5939 5940
f 5801 5941 5942
f 5801 5942 5802
f 5800 5940 5941
f 5800 5941 5801
f 5940 5939 5942
f 5940 5942 5941
f 5939 5799 5802
f 5939 5802 5942
f 5799 5800 5801
f 5799 5801 5802
f 5804 5803 5943
f 5804 5943 5944
f 5805 5945 5946
f 5805 5946 5806
f 5804 5944 5945
f 5804 5945 5805
f 5944 5943 5946
f 5944 5946 5945
f 5943 5803 5806
f 5943 5806 5946
f 5803 5804 5805
f 5803 5805 5806
f 5808 5807 5947
f 5808 5947 5948
f 5809 5949 5950
f 5809 5950 5810
f 5808 5948 5949
f 5808 5949 5809
f 5948 5947 5950
f 5948 5950 5949
f 5947 5807 5810
f 5947 5810 5950
f 5807 5808 5809
f 5807 5809 5810
f 5812 5811 5951
f 5812 5951 5952
f 5813 5953 5954
f 5813 5954 5814
f 5812 5952 5953
f 5812 5953 5813
f 5952 5951 5954
f 5952 5954 5953
f 5951 5811 5814
f 5951 5814 5954
f 5811 5812 5813
f 5811 5813 5814
f 5816 5815 5955
f 5816 5955 5956
f 5817 5957 5958
f 5817 5958 5818
f 5816 5956 5957
f 5816 5957 5817
f 5956 5955 5958
f 5956 5958 5957
f 5955 5815 5818
f 5955 5818 5958
f 5815 5816 5817
f 5815 5817 5818
f 5820 5819 5959
f 5820 5959 5960
f 5821 5961 5962
f 5821 5962 5822
f 5820 5960 5961
f 5820 5961 5821
f 5960 5959 5962
f 5960 5962 5961
f 5959 5819 5822
f 5959 5822 5962
f 5819 5820 5821
f 5819 5821 5822
f 5824 5823 5963
f 5824 5963 5964
f 5825 5965 5966
f 5825 5966 5826
f 5824 5964 5965
f 5824 5965 5825
f 5964 5963 5966
f 5964 5966 5965
f 5963 5823 5826
f 5963 5826 5966
f 5823 5824 5825
f 5823 5825 5826
f 5828 5827 5967
f 5828 5967 5968
f 5829 5969 5970
f 5829 5970 5830
f 5828 5968 5969
f 5828 5969 5829
f 5968 5967 5970
f 5968 5970 5969
f 5967 5827 5830
f 5967 5830 5970
f 5827 5828 5829
f 5827 5829 5830
f 5832 5831 5971
f 5832 5971 5972
f 5833 5973 5974
f 5833 5974 5834
f 5832 5972 5973
f 5832 5973 5833
f 5972 5971 5974
f 5972 5974 5973
f 5971 5831 5834
f 5971 5834 5974
f 5831 5832 5833
f 5831 5833 5834
f 5836 5835 5975
f 5836 5975 5976
f 5837 5977 5978
f 5837 5978 5838
f 5836 5976 5977
f 5836 5977 5837
f 5976 5975 5978
f 5976 5978 5977
f 5975 5835 5838
f 5975 5838 5978
f 5835 5836 5837
f 5835 5837 5838
f 5840 5839 5979
f 5840 5979 5980
f 5841 5981 5982
f 5841 5982 5842
f 5840 5980 5981
f 5840 5981 5841
f 5980 5979 5982
f 5980 5982 5981
f 5979 5839 5842
f 5979 5842 5982
f 5839 5840 5841
f 5839 5841 5842
f 5844 5843 5983
f 5844 5983 5984
f 5845 5985 5986
f 5845 5986 5846
f 5844 5984 5985
f 5844 5985 5845
f 5984 5983 5986
f 5984 5986 5985
f 5983 5843 5846
f 5983 5846 5986
f 5843 5844 5845
f 5843 5845 5846
f 5848 5847 5987
f 5848 5987 5988
f 5849 5989 5990
f 5849 5990 5850
f 5848 5988 5989
f 5848 5989 5849
f 5988 5987 5990
f 5988 5990 5989
f 5987 5847 5850
f 5987 5850 5990
f 5847 5848 5849
f 5847 5849 5850
f 5852 5851 5991
f 5852 5991 5992
f 5853 5993 5994
f 5853 5994 5854
f 5852 5992 5993
f 5852 5993 5853
f 5992 5991 5994
f 5992 5994 5993
f 5991 5851 5854
f 5991 5854 5994
f 5851 5852 5853
f 5851 5853 5854
f 5856 5855 5995
f 5856 5995 5996
f 5857 5997 5998
f 5857 5998 5858
f 5856 5996 5997
f 5856 5997 5857
f 5996 5995 5998
f 5996 5998 5997
f 5995 5855 5858
f 5995 5858 5998
f 5855 5856 5857
f 5855 5857 5858
f 5860 5859 5999
f 5860 5999 6000
f 5861 6001 6002
f 5861 6002 5862
f 5860 6000 6001
f 5860 6001 5861
f 6000 5999 6002
f 6000 6002 6001
f 5999 5859 5862
f 5999 5862 6002
f 5859 5860 5861
f 5859 5861 5862
f 5864 5863 6003
f 5864 6003 6004
f 5865 6005 6006
f 5865 6006 5866
f 5864 6004 6005
f 5864 6005 5865
f 6004 6003 6006
f 6004 6006 6005
f 6003 5863 5866
f 6003 5866 6006
f 5863 5864 5865
f 5863 5865 5866
f 5868 5867 6007
f 5868 6007 6008
f 5869 6009 6010
f 5869 6010 5870
f 5868 6008 6009
f 5868 6009 5869
f 6008 6007 6010
f 6008 6010 6009
f 6007 5867 5870
f 6007 5870 6010
f 5867 5868 5869
f 5867 5869 5870
f 5872 5871 6011
f 5872 6011 6012
f 5873 6013 6014
f 5873 6014 5874
f 5872 6012 6013
f 5872 6013 5873
f 6012 6011 6014
f 6012 6014 6013
f 6011 5871 5874
f 6011 5874 6014
f 5871 5872 5873
f 5871 5873 5874
f 5876 5875 6015
f 5876 6015 6016
f 5877 6017 6018
f 5877 6018 5878
f 5876 6016 6017
f 5876 6017 5877
f 6016 6015 6018
f 6016 6018 6017
f 6015 5875 5878
f 6015 5878 6018
f 5875 5876 5877
f 5875 5877 5878
f 5880 5879 6019
f 5880 6019 6020
f 5881 6021 6022
f 5881 6022 5882
f 5880 6020 6021
f 5880 6021 5881
f 6020 6019 6022
f 6020 6022 6021
f 6019 5879 5882
f 6019 5882 6022
f 5879 5880 5881
f 5879 5881 5882
f 5884 5883 6023
f 5884 6023 6024
f 5885 6025 6026
f 5885 6026 5886
f 5884 6024 6025
f 5884 6025 5885
f 6024 6023 6026
f 6024 6026 6025
f 6023 5883 5886
f 6023 5886 6026
f 5883 5884 5885
f 5883 5885 5886
f 5888 5887 6027
f 5888 6027 6028
f 5889 6029 6030
f 5889 6030 5890
f 5888 6028 6029
f 5888 6029 5889
f 6028 6027 6030
f 6028 6030 6029
f 6027 5887 5890
f 6027 5890 6030
f 5887 5888 5889
f 5887 5889 5890
f 5892 5891 6031
f 5892 6031 6032
f 5893 6033 6034
f 5893 6034 5894
f 5892 6032 6033
f 5892 6033 5893
f 6032 6031 6034
f 6032 6034 6033
f 6031 5891 5894
f 6031 5894 6034
f 5891 5892 5893
f 5891 5893 5894
f 5896 5895 6035
f 5896 6035 6036
f 5897 6037 6038
f 5897 6038 5898
f 5896 6036 6037
f 5896 6037 5897
f 6036 6035 6038
f 6036 6038 6037
f 6035 5895 5898
f 6035 5898 6038
f 5895 5896 5897
f 5895 5897 5898
f 5900 5899 6039
f 5900 6039 6040
f 5901 6041 6042
f 5901 6042 5902
f 5900 6040 6041
f 5900 6041 5901
f 6040 6039 6042
f 6040 6042 6041
f 6039 5899 5902
f 6039 5902 6042
f 5899 5900 5901
f 5899 5901 5902
f 5904 5903 6043
f 5904 6043 6044
f 5905 6045 6046
f 5905 6046 5906
f 5904 6044 6045
f 5904 6045 5905
f 6044 6043 6046
f 6044 6046 6045
f 6043 5903 5906
f 6043 5906 6046
f 5903 5904 5905
f 5903 5905 5906
f 5903 5907 6047
f 5903 6047 6043
f 5906 6046 6048
f 5906 6048 5908
f 5903 6043 6046
f 5903 6046 5906
f 6043 6047 6048
f 6043 6048 6046
f 6047 5907 5908
f 6047 5908 6048
f 5907 5903 5906
f 5907 5906 5908
f 5907 5909 6049
f 5907 6049 6047
f 5908 6048 6050
f 5908 6050 5910
f 5907 6047 6048
f 5907 6048 5908
f 6047 6049 6050
f 6047 6050 6048
f 6049 5909 5910
f 6049 5910 6050
f 5909 5907 5908
f 5909 5908 5910
f 5912 5911 6051
f 5912 6051 6052
f 5913 6053 6054
f 5913 6054 5914
f 5912 6052 6053
f 5912 6053 5913
f 6052 6051 6054
f 6052 6054 6053
f 6051 5911 5914
f 6051 5914 6054
f 5911 5912 5913
f 5911 5913 5914
f 5916 5915 6055
f 5916 6055 6056
f 5917 6057 6058
f 5917 6058 5918
f 5916 6056 6057
f 5916 6057 5917
f 6056 6055 6058
f 6056 6058 6057
f 6055 5915 5918
f 6055 5918 6058
f 5915 5916 5917
f 5915 5917 5918
f 5915 5919 6059
f 5915 6059 6055
f 5918 6058 6060
f 5918 6060 5920
f 5915 6055 6058
f 5915 6058 5918
f 6055 6059 6060
f 6055 6060 6058
f 6059 5919 5920
f 6059 5920 6060
f 5919 5915 5918
f 5919 5918 5920
f 5922 5921 6061
f 5922 6061 6062
f 5923 6063 6064
f 5923 6064 5924
f 5922 6062 6063
f 5922 6063 5923
f 6062 6061 6064
f 6062 6064 6063
f 6061 5921 5924
f 6061 5924 6064
f 5921 5922 5923
f 5921 5923 5924
f 5921 5925 6065
f 5921 6065 6061
f 5924 6064 6066
f 5924 6066 5926
f 5921 6061 6064
f 5921 6064 5924
f 6061 6065 6066
f 6061 6066 6064
f 6065 5925 5926
f 6065 5926 6066
f 5925 5921 5924
f 5925 5924 5926
f 5928 5927 6067
f 5928 6067 6068
f 5929 6069 6070
f 5929 6070 5930
f 5928 6068 6069
f 5928 6069 5929
f 6068 6067 6070
f 6068 6070 6069
f 6067 5927 5930
f 6067 5930 6070
f 5927 5928 5929
f 5927 5929 5930
f 5932 5931 6071
f 5932 6071 6072
f 5933 6073 6074
f 5933 6074 5934
f 5932 6072 6073
f 5932 6073 5933
f 6072 6071 6074
f 6072 6074 6073
f 6071 5931 5934
f 6071 5934 6074
f 5931 5932 5933
f 5931 5933 5934
f 5936 5935 6075
f 5936 6075 6076
f 5937 6077 6078
f 5937 6078 5938
f 5936 6076 6077
f 5936 6077 5937
f 6076 6075 6078
f 6076 6078 6077
f 6075 5935 5938
f 6075 5938 6078
f 5935 5936 5937
f 5935 5937 5938
f 5940 5939 6079
f 5940 6079 6080
f 5941 6081 6082
f 5941 6082 5942
f 5940 6080 6081
f 5940 6081 5941
f 6080 6079 6082
f 6080 6082 6081
f 6079 5939 5942
f 6079 5942 6082
f 5939 5940 5941
f 5939 5941 5942
f 5944 5943 6083
f 5944 6083 6084
f 5945 6085 6086
f 5945 6086 5946
f 5944 6084 6085
f 5944 6085 5945
f 6084 6083 6086
f 6084 6086 6085
f 6083 5943 5946
f 6083 5946 6086
f 5943 5944 5945
f 5943 5945 5946
f 5948 5947 6087
f 5948 6087 6088
f 5949 6089 6090
f 5949 6090 5950
f 5948 6088 6089
f 5948 6089 5949
f 6088 6087 6090
f 6088 6090 6089
f 6087 5947 5950
f 6087 5950 6090
f 5947 5948 5949
f 5947 5949 5950
f 5952 5951 6091
f 5952 6091 6092
f 5953 6093 6094
f 5953 6094 5954
f 5952 6092 6093
f 5952 6093 5953
f 6092 6091 6094
f 6092 6094 6093
f 6091 5951 5954
f 6091 5954 6094
f 5951 5952 5953
f 5951 5953 5954
f 5956 5955 6095
f 5956 6095 6096
f 5957 6097 6098
f 5957 6098 5958
f 5956 6096 6097
f 5956 6097 5957
f 6096 6095 6098
f 6096 6098 6097
f 6095 5955 5958
f 6095 5958 6098
f 5955 5956 5957
f 5955 5957 5958
f 5960 5959 6099
f 5960 6099 6100
f 5961 6101 6102
f 5961 6102 5962
f 5960 6100 6101
f 5960 6101 5961
f 6100 6099 6102
f 6100 6102 6101
f 6099 5959 5962
f 6099 5962 6102
f 5959 5960 5961
f 5959 5961 5962
f 5964 5963 6103
f 5964 6103 6104
f 5965 6105 6106
f 5965 6106 5966
f 5964 6104 6105
f 5964 6105 5965
f 6104 6103 6106
f 6104 6106 6105
f 6103 5963 5966
f 6103 5966 6106
f 5963 5964 5965
f 5963 5965 5966
f 5968 5967 6107
f 5968 6107 6108
f 5969 6109 6110
f 5969 6110 5970
f 5968 6108 6109
f 5968 6109 5969
f 6108 6107 6110
f 6108 6110 6109
f 6107 5967 5970
f 6107 5970 6110
f 5967 5968 5969
f 5967 5969 5970
f 5972 5971 6111
f 5972 6111 6112
f 5973 6113 6114
f 5973 6114 5974
f 5972 6112 6113
f 5972 6113 5973
f 6112 6111 6114
f 6112 6114 6113
f 6111 5971 5974
f 6111 5974 6114
f 5971 5972 5973
f 5971 5973 5974
f 5976 5975 6115
f 5976 6115 6116
f 5977 6117 6118
f 5977 6118 5978
f 5976 6116 6117
f 5976 6117 5977
f 6116 6115 6118
f 6116 6118 6117
f 6115 5975 5978
f 6115 5978 6118
f 5975 5976 5977
f 5975 5977 5978
f 5980 5979 6119
f 5980 6119 6120
f 5981 6121 6122
f 5981 6122 5982
f 5980 6120 6121
f 5980 6121 5981
f 6120 6119 6122
f 6120 6122 6121
f 6119 5979 5982
f 6119 5982 6122
f 5979 5980 5981
f 5979 5981 5982
f 5984 5983 6123
f 5984 6123 6124
f 5985 6125 6126
f 5985 6126 5986
f 5984 6124 6125
f 5984 6125 5985
f 6124 6123 6126
f 6124 6126 6125
f 6123 5983 5986
f 6123 5986 6126
f 5983 5984 5985
f 5983 5985 5986
f 5988 5987 6127
f 5988 6127 6128
f 5989 6129 6130
f 5989 6130 5990
f 5988 6128 6129
f 5988 6129 5989
f 6128 6127 6130
f 6128 6130 6129
f 6127 5987 5990
f 6127 5990 6130
f 5987 5988 5989
f 5987 5989 5990
f 5992 5991 6131
f 5992 6131 6132
f 5993 6133 6134
f 5993 6134 5994
f 5992 6132 6133
f 5992 6133 5993
f 6132 6131 6134
f 6132 6134 6133
f 6131 5991 5994
f 6131 5994 6134
f 5991 5992 5993
f 5991 5993 5994
f 5996 5995 6135
f 5996 6135 6136
f 5997 6137 6138
f 5997 6138 5998
f 5996 6136 6137
f 5996 6137 5997
f 6136 6135 6138
f 6136 6138 6137
f 6135 5995 5998
f 6135 5998 6138
f 5995 5996 5997
f 5995 5997 5998
f 6000 5999 6139
f 6000 6139 6140
f 6001 6141 6142
f 6001 6142 6002
f 6000 6140 6141
f 6000 6141 6001
f 6140 6139 6142
f 6140 6142 6141
f 6139 5999 6002
f 6139 6002 6142
f 5999 6000 6001
f 5999 6001 6002
f 6004 6003 6143
f 6004 6143 6144
f 6005 6145 6146
f 6005 6146 6006
f 6004 6144 6145
f 6004 6145 6005
f 6144 6143 6146
f 6144 6146 6145
f 6143 6003 6006
f 6143 6006 6146
f 6003 6004 6005
f 6003 6005 6006
f 6008 6007 6147
f 6008 6147 6148
f 6009 6149 6150
f 6009 6150 6010
f 6008 6148 6149
f 6008 6149 6009
f 6148 6147 6150
f 6148 6150 6149
f 6147 6007 6010
f 6147 6010 6150
f 6007 6008 6009
f 6007 6009 6010
f 6012 6011 6151
f 6012 6151 6152
f 6013 6153 6154
f 6013 6154 6014
f 6012 6152 6153
f 6012 6153 6013
f 6152 6151 6154
f 6152 6154 6153
f 6151 6011 6014
f 6151 6014 6154
f 6011 6012 6013
f 6011 6013 6014
f 6016 6015 6155
f 6016 6155 6156
f 6017 6157 6158
f 6017 6158 6018
f 6016 6156 6157
f 6016 6157 6017
f 6156 6155 6158
f 6156 6158 6157
f 6155 6015 6018
f 6155 6018 6158
f 6015 6016 6017
f 6015 6017 6018
f 6020 6019 6159
f 6020 6159 6160
f 6021 6161 6162
f 6021 6162 6022
f 6020 6160 6161
f 6020 6161 6021
f 6160 6159 6162
f 6160 6162 6161
f 6159 6019 6022
f 6159 6022 6162
f 6019 6020 6021
f 6019 6021 6022
f 6024 6023 6163
f 6024 6163 6164
f 6025 6165 6166
f 6025 6166 6026
f 6024 6164 6165
f 6024 6165 6025
f 6164 6163 6166
f 6164 6166 6165
f 6163 6023 6026
f 6163 6026 6166
f 6023 6024 6025
f 6023 6025 6026
f 6028 6027 6167
f 6028 6167 6168
f 6029 6169 6170
f 6029 6170 6030
f 6028 6168 6169
f 6028 6169 6029
f 6168 6167 6170
f 6168 6170 6169
f 6167 6027 6030
f 6167 6030 6170
f 6027 6028 6029
f 6027 6029 6030
f 6032 6031 6171
f 6032 6171 6172
f 6033 6173 6174
f 6033 6174 6034
f 6032 6172 6173
f 6032 6173 6033
f 6172 6171 6174
f 6172 6174 6173
f 6171 6031 6034
f 6171 6034 6174
f 6031 6032 6033
f 6031 6033 6034
f 6036 6035 6175
f 6036 6175 6176
f 6037 6177 6178
f 6037 6178 6038
f 6036 6176 6177
f 6036 6177 6037
f 6176 6175 6178
f 6176 6178 6177
f 6175 6035 6038
f 6175 6038 6178
f 6035 6036 6037
f 6035 6037 6038
f 6040 6039 6179
f 6040 6179 6180
f 6041 6181 6182
f 6041 6182 6042
f 6040 6180 6181
f 6040 6181 6041
f 6180 6179 6182
f 6180 6182 6181
f 6179 6039 6042
f 6179 6042 6182
f 6039 6040 6041
f 6039 6041 6042
f 6044 6043 6183
f 6044 6183 6184
f 6045 6185 6186
f 6045 6186 6046
f 6044 6184 6185
f 6044 6185 6045
f 6184 6183 6186
f 6184 6186 6185
f 6183 6043 6046
f 6183 6046 6186
f 6043 6044 6045
f 6043 6045 6046
f 6043 6047 6187
f 6043 6187 6183
f 6046 6186 6188
f 6046 6188 6048
f 6043 6183 6186
f 6043 6186 6046
f 6183 6187 6188
f 6183 6188 6186
f 6187 6047 6048
f 6187 6048 6188
f 6047 6043 6046
f 6047 6046 6048
f 6047 6049 6189
f 6047 6189 6187
f 6048 6188 6190
f 6048 6190 6050
f 6047 6187 6188
f 6047 6188 6048
f 6187 6189 6190
f 6187 6190 6188
f 6189 6049 6050
f 6189 6050 6190
f 6049 6047 6048
f 6049 6048 6050
f 6052 6051 6191
f 6052 6191 6192
f 6053 6193 6194
f 6053 6194 6054
f 6052 6192 6193
f 6052 6193 6053
f 6192 6191 6194
f 6192 6194 6193
f 6191 6051 6054
f 6191 6054 6194
f 6051 6052 6053
f 6051 6053 6054
f 6056 6055 6195
f 6056 6195 6196
f 6057 6197 6198
f 6057 6198 6058
f 6056 6196 6197
f 6056 6197 6057
f 6196 6195 6198
f 6196 6198 6197
f 6195 6055 6058
f 6195 6058 6198
f 6055 6056 6057
f 6055 6057 6058
f 6055 6059 6199
f 6055 6199 6195
f 6058 6198 6200
f 6058 6200 6060
f 6055 6195 6198
f 6055 6198 6058
f 6195 6199 6200
f 6195 6200 6198
f 6199 6059 6060
f 6199 6060 6200
f 6059 6055 6058
f 6059 6058 6060
f 6062 6061 6201
f 6062 6201 6202
f 6063 6203 6204
f 6063 6204 6064
f 6062 6202 6203
f 6062 6203 6063
f 6202 6201 6204
f 6202 6204 6203
f 6201 6061 6064
f 6201 6064 6204
f 6061 6062 6063
f 6061 6063 6064
f 6061 6065 6205
f 6061 6205 6201
f 6064 6204 6206
f 6064 6206 6066
f 6061 6201 6204
f 6061 6204 6064
f 6201 6205 6206
f 6201 6206 6204
f 6205 6065 6066
f 6205 6066 6206
f 6065 6061 6064
f 6065 6064 6066
f 6068 6067 6207
f 6068 6207 6208
f 6069 6209 6210
f 6069 6210 6070
f 6068 6208 6209
f 6068 6209 6069
f 6208 6207 6210
f 6208 6210 6209
f 6207 6067 6070
f 6207 6070 6210
f 6067 6068 6069
f 6067 6069 6070
f 6072 6071 6211
f 6072 6211 6212
f 6073 6213 6214
f 6073 6214 6074
f 6072 6212 6213
f 6072 6213 6073
f 6212 6211 6214
f 6212 6214 6213
f 6211 6071 6074
f 6211 6074 6214
f 6071 6072 6073
f 6071 6073 6074
f 6076 6075 6215
f 6076 6215 6216
f 6077 6217 6218
f 6077 6218 6078
f 6076 6216 6217
f 6076 6217 6077
f 6216 6215 6218
f 6216 6218 6217
f 6215 6075 6078
f 6215 6078 6218
f 6075 6076 6077
f 6075 6077 6078
f 6080 6079 6219
f 6080 6219 6220
f 6081 6221 6222
f 6081 6222 6082
f 6080 6220 6221
f 6080 6221 6081
f 6220 6219 6222
f 6220 6222 6221
f 6219 6079 6082
f 6219 6082 6222
f 6079 6080 6081
f 6079 6081 6082
f 6084 6083 6223
f 6084 6223 6224
f 6085 6225 6226
f 6085 6226 6086
f 6084 6224 6225
f 6084 6225 6085
f 6224 6223 6226
f 6224 6226 6225
f 6223 6083 6086
f 6223 6086 6226
f 6083 6084 6085
f 6083 6085 6086
f 6088 6087 6227
f 6088 6227 6228
f 6089 6229 6230
f 6089 6230 6090
f 6088 6228 6229
f 6088 6229 6089
f 6228 6227 6230
f 6228 6230 6229
f 6227 6087 6090
f 6227 6090 6230
f 6087 6088 6089
f 6087 6089 6090
f 6092 6091 6231
f 6092 6231 6232
f 6093 6233 6234
f 6093 6234 6094
f 6092 6232 6233
f 6092 6233 6093
f 6232 6231 6234
f 6232 6234 6233
f 6231 6091 6094
f 6231 6094 6234
f 6091 6092 6093
f 6091 6093 6094
f 6096 6095 6235
f 6096 6235 6236
f 6097 6237 6238
f 6097 6238 6098
f 6096 6236 6237
f 6096 6237 6097
f 6236 6235 6238
f 6236 6238 6237
f 6235 6095 6098
f 6235 6098 6238
f 6095 6096 6097
f 6095 6097 6098
f 6100 6099 6239
f 6100 6239 6240
f 6101 6241 6242
f 6101 6242 6102
f 6100 6240 6241
f 6100 6241 6101
f 6240 6239 6242
f 6240 6242 6241
f 6239 6099 6102
f 6239 6102 6242
f 6099 6100 6101
f 6099 6101 6102
f 6104 6103 6243
f 6104 6243 6244
f 6105 6245 6246
f 6105 6246 6106
f 6104 6244 6245
f 6104 6245 6105
f 6244 6243 6246
f 6244 6246 6245
f 6243 6103 6106
f 6243 6106 6246
f 6103 6104 6105
f 6103 6105 6106
f 6108 6107 6247
f 6108 6247 6248
f 6109 6249 6250
f 6109 6250 6110
f 6108 6248 6249
f 6108 6249 6109
f 6248 6247 6250
f 6248 6250 6249
f 6247 6107 6110
f 6247 6110 6250
f 6107 6108 6109
f 6107 6109 6110
f 6112 6111 6251
f 6112 6251 6252
f 6113 6253 6254
f 6113 6254 6114
f 6112 6252 6253
f 6112 6253 6113
f 6252 6251 6254
f 6252 6254 6253
f 6251 6111 6114
f 6251 6114 6254
f 6111 6112 6113
f 6111 6113 6114
f 6116 6115 6255
f 6116 6255 6256
f 6117 6257 6258
f 6117 6258 6118
f 6116 6256 6257
f 6116 6257 6117
f 6256 6255 6258
f 6256 6258 6257
f 6255 6115 6118
f 6255 6118 6258
f 6115 6116 6117
f 6115 6117 6118
f 6120 6119 6259
f 6120 6259 6260
f 6121 6261 6262
f 6121 6262 6122
f 6120 6260 6261
f 6120 6261 6121
f 6260 6259 6262
f 6260 6262 6261
f 6259 6119 6122
f 6259 6122 6262
f 6119 6120 6121
f 6119 6121 6122
f 6124 6123 6263
f 6124 6263 6264
f 6125 6265 6266
f 6125 6266 6126
f 6124 6264 6265
f 6124 6265 6125
f 6264 6263 6266
f 6264 6266 6265
f 6263 6123 6126
f 6263 6126 6266
f 6123 6124 6125
f 6123 6125 6126
f 6128 6127 6267
f 6128 6267 6268
f 6129 6269 6270
f 6129 6270 6130
f 6128 6268 6269
f 6128 6269 6129
f 6268 6267 6270
f 6268 6270 6269
f 6267 6127 6130
f 6267 6130 6270
f 6127 6128 6129
f 6127 6129 6130
f 6132 6131 6271
f 6132 6271 6272
f 6133 6273 6274
f 6133 6274 6134
f 6132 6272 6273
f 6132 6273 6133
f 6272 6271 6274
f 6272 6274 6273
f 6271 6131 6134
f 6271 6134 6274
f 6131 6132 6133
f 6131 6133 6134
f 6136 6135 6275
f 6136 6275 6276
f 6137 6277 6278
f 6137 6278 6138
f 6136 6276 6277
f 6136 6277 6137
f 6276 6275 6278
f 6276 6278 6277
f 6275 6135 6138
f 6275 6138 6278
f 6135 6136 6137
f 6135 6137 6138
f 6140 6139 6279
f 6140 6279 6280
f 6141 6281 6282
f 6141 6282 6142
f 6140 6280 6281
f 6140 6281 6141
f 6280 6279 6282
f 6280 6282 6281
f 6279 6139 6142
f 6279 6142 6282
f 6139 6140 6141
f 6139 6141 6142
f 6144 6143 6283
f 6144 6283 6284
f 6145 6285 6286
f 6145 6286 6146
f 6144 6284 6285
f 6144 6285 6145
f 6284 6283 6286
f 6284 6286 6285
f 6283 6143 6146
f 6283 6146 6286
f 6143 6144 6145
f 6143 6145 6146
f 6148 6147 6287
f 6148 6287 6288
f 6149 6289 6290
f 6149 6290 6150
f 6148 6288 6289
f 6148 6289 6149
f 6288 6287 6290
f 6288 6290 6289
f 6287 6147 6150
f 6287 6150 6290
f 6147 6148 6149
f 6147 6149 6150
f 6152 6151 6291
f 6152 6291 6292
f 6153 6293 6294
f 6153 6294 6154
f 6152 6292 6293
f 6152 6293 6153
f 6292 6291 6294
f 6292 6294 6293
f 6291 6151 6154
f 6291 6154 6294
f 6151 6152 6153
f 6151 6153 6154
f 6156 6155 6295
f 6156 6295 6296
f 6157 6297 6298
f 6157 6298 6158
f 6156 6296 6297
f 6156 6297 6157
f 6296 6295 6298
f 6296 6298 6297
f 6295 6155 6158
f 6295 6158 6298
f 6155 6156 6157
f 6155 6157 6158
f 6160 6159 6299
f 6160 6299 6300
f 6161 6301 6302
f 6161 6302 6162
f 6160 6300 6301
f 6160 6301 6161
f 6300 6299 6302
f 6300 6302 6301
f 6299 6159 6162
f 6299 6162 6302
f 6159 6160 6161
f 6159 6161 6162
f 6164 6163 6303
f 6164 6303 6304
f 6165 6305 6306
f 6165 6306 6166
f 6164 6304 6305
f 6164 6305 6165
f 6304 6303 6306
f 6304 6306 6305
f 6303 6163 6166
f 6303 6166 6306
f 6163 6164 6165
f 6163 6165 6166
f 6168 6167 6307
f 6168 6307 6308
f 6169 6309 6310
f 6169 6310 6170
f 6168 6308 6309
f 6168 6309 6169
f 6308 6307 6310
f 6308 6310 6309
f 6307 6167 6170
f 6307 6170 6310
f 6167 6168 6169
f 6167 6169 6170
f 6172 6171 6311
f 6172 6311 6312
f 6173 6313 6314
f 6173 6314 6174
f 6172 6312 6313
f 6172 6313 6173
f 6312 6311 6314
f 6312 6314 6313
f 6311 6171 6174
f 6311 6174 6314
f 6171 6172 6173
f 6171 6173 6174
f 6176 6175 6315
f 6176 6315 6316
f 6177 6317 6318
f 6177 6318 6178
f 6176 6316 6317
f 6176 6317 6177
f 6316 6315 6318
f 6316 6318 6317
f 6315 6175 6178
f 6315 6178 6318
f 6175 6176 6177
f 6175 6177 6178
f 6180 6179 6319
f 6180 6319 6320
f 6181 6321 6322
f 6181 6322 6182
f 6180 6320 6321
f 6180 6321 6181
f 6320 6319 6322
f 6320 6322 6321
f 6319 6179 6182
f 6319 6182 6322
f 6179 6180 6181
f 6179 6181 6182
f 6184 6183 6323
f 6184 6323 6324
f 6185 6325 6326
f 6185 6326 6186
f 6184 6324 6325
f 6184 6325 6185
f 6324 6323 6326
f 6324 6326 6325
f 6323 6183 6186
f 6323 6186 6326
f 6183 6184 6185
f 6183 6185 6186
f 6183 6187 6327
f 6183 6327 6323
f 6186 6326 6328
f 6186 6328 6188
f 6183 6323 6326
f 6183 6326 6186
f 6323 6327 6328
f 6323 6328 6326
f 6327 6187 6188
f 6327 6188 6328
f 6187 6183 6186
f 6187 6186 6188
f 6187 6189 6329
f 6187 6329 6327
f 6188 6328 6330
f 6188 6330 6190
f 6187 6327 6328
f 6187 6328 6188
f 6327 6329 6330
f 6327 6330 6328
f 6329 6189 6190
f 6329 6190 6330
f 6189 6187 6188
f 6189 6188 6190
f 6192 6191 6331
f 6192 6331 6332
f 6193 6333 6334
f 6193 6334 6194
f 6192 6332 6333
f 6192 6333 6193
f 6332 6331 6334
f 6332 6334 6333
f 6331 6191 6194
f 6331 6194 6334
f 6191 6192 6193
f 6191 6193 6194
f 6196 6195 6335
f 6196 6335 6336
f 6197 6337 6338
f 6197 6338 6198
f 6196 6336 6337
f 6196 6337 6197
f 6336 6335 6338
f 6336 6338 6337
f 6335 6195 6198
f 6335 6198 6338
f 6195 6196 6197
f 6195 6197 6198
f 6195 6199 6339
f 6195 6339 6335
f 6198 6338 6340
f 6198 6340 6200
f 6195 6335 6338
f 6195 6338 6198
f 6335 6339 6340
f 6335 6340 6338
f 6339 6199 6200
f 6339 6200 6340
f 6199 6195 6198
f 6199 6198 6200
f 6202 6201 6341
f 6202 6341 6342
f 6203 6343 6344
f 6203 6344 6204
f 6202 6342 6343
f 6202 6343 6203
f 6342 6341 6344
f 6342 6344 6343
f 6341 6201 6204
f 6341 6204 6344
f 6201 6202 6203
f 6201 6203 6204
f 6201 6205 6345
f 6201 6345 6341
f 6204 6344 6346
f 6204 6346 6206
f 6201 6341 6344
f 6201 6344 6204
f 6341 6345 6346
f 6341 6346 6344
f 6345 6205 6206
f 6345 6206 6346
f 6205 6201 6204
f 6205 6204 6206
f 6208 6207 6347
f 6208 6347 6348
f 6209 6349 6350
f 6209 6350 6210
f 6208 6348 6349
f 6208 6349 6209
f 6348 6347 6350
f 6348 6350 6349
f 6347 6207 6210
f 6347 6210 6350
f 6207 6208 6209
f 6207 6209 6210
f 6212 6211 6351
f 6212 6351 6352
f 6213 6353 6354
f 6213 6354 6214
f 6212 6352 6353
f 6212 6353 6213
f 6352 6351 6354
f 6352 6354 6353
f 6351 6211 6214
f 6351 6214 6354
f 6211 6212 6213
f 6211 6213 6214
f 6216 6215 6355
f 6216 6355 6356
f 6217 6357 6358
f 6217 6358 6218
f 6216 6356 6357
f 6216 6357 6217
f 6356 6355 6358
f 6356 6358 6357
f 6355 6215 6218
f 6355 6218 6358
f 6215 6216 6217
f 6215 6217 6218
f 6220 6219 6359
f 6220 6359 6360
f 6221 6361 6362
f 6221 6362 6222
f 6220 6360 6361
f 6220 6361 6221
f 6360 6359 6362
f 6360 6362 6361
f 6359 6219 6222
f 6359 6222 6362
f 6219 6220 6221
f 6219 6221 6222
f 6224 6223 6363
f 6224 6363 6364
f 6225 6365 6366
f 6225 6366 6226
f 6224 6364 6365
f 6224 6365 6225
f 6364 6363 6366
f 6364 6366 6365
f 6363 6223 6226
f 6363 6226 6366
f 6223 6224 6225
f 6223 6225 6226
f 6228 6227 6367
f 6228 6367 6368
f 6229 6369 6370
f 6229 6370 6230
f 6228 6368 6369
f 6228 6369 6229
f 6368 6367 6370
f 6368 6370 6369
f 6367 6227 6230
f 6367 6230 6370
f 6227 6228 6229
f 6227 6229 6230
f 6232 6231 6371
f 6232 6371 6372
f 6233 6373 6374
f 6233 6374 6234
f 6232 6372 6373
f 6232 6373 6233
f 6372 6371 6374
f 6372 6374 6373
f 6371 6231 6234
f 6371 6234 6374
f 6231 6232 6233
f 6231 6233 6234
f 6236 6235 6375
f 6236 6375 6376
f 6237 6377 6378
f 6237 6378 6238
f 6236 6376 6377
f 6236 6377 6237
f 6376 6375 6378
f 6376 6378 6377
f 6375 6235 6238
f 6375 6238 6378
f 6235 6236 6237
f 6235 6237 6238
f 6240 6239 6379
f 6240 6379 6380
f 6241 6381 6382
f 6241 6382 6242
f 6240 6380 6381
f 6240 6381 6241
f 6380 6379 6382
f 6380 6382 6381
f 6379 6239 6242
f 6379 6242 6382
f 6239 6240 6241
f 6239 6241 6242
f 6244 6243 6383
f 6244 6383 6384
f 6245 6385 6386
f 6245 6386 6246
f 6244 6384 6385
f 6244 6385 6245
f 6384 6383 6386
f 6384 6386 6385
f 6383 6243 6246
f 6383 6246 6386
f 6243 6244 6245
f 6243 6245 6246
f 6248 6247 6387
f 6248 6387 6388
f 6249 6389 6390
f 6249 6390 6250
f 6248 6388 6389
f 6248 6389 6249
f 6388 6387 6390
f 6388 6390 6389
f 6387 6247 6250
f 6387 6250 6390
f 6247 6248 6249
f 6247 6249 6250
f 6252 6251 6391
f 6252 6391 6392
f 6253 6393 6394
f 6253 6394 6254
f 6252 6392 6393
f 6252 6393 6253
f 6392 6391 6394
f 6392 6394 6393
f 6391 6251 6254
f 6391 6254 6394
f 6251 6252 6253
f 6251 6253 6254
f 6256 6255 6395
f 6256 6395 6396
f 6257 6397 6398
f 6257 6398 6258
f 6256 6396 6397
f 6256 6397 6257
f 6396 6395 6398
f 6396 6398 6397
f 6395 6255 6258
f 6395 6258 6398
f 6255 6256 6257
f 6255 6257 6258
f 6260 6259 6399
f 6260 6399 6400
f 6261 6401 6402
f 6261 6402 6262
f 6260 6400 6401
f 6260 6401 6261
f 6400 6399 6402
f 6400 6402 6401
f 6399 6259 6262
f 6399 6262 6402
f 6259 6260 6261
f 6259 6261 6262
f 6264 6263 6403
f 6264 6403 6404
f 6265 6405 6406
f 6265 6406 6266
f 6264 6404 6405
f 6264 6405 6265
f 6404 6403 6406
f 6404 6406 6405
f 6403 6263 6266
f 6403 6266 6406
f 6263 6264 6265
f 6263 6265 6266
f 6268 6267 6407
f 6268 6407 6408
f 6269 6409 6410
f 6269 6410 6270
f 6268 6408 6409
f 6268 6409 6269
f 6408 6407 6410
f 6408 6410 6409
f 6407 6267 6270
f 6407 6270 6410
f 6267 6268 6269
f 6267 6269 6270
f 6272 6271 6411
f 6272 6411 6412
f 6273 6413 6414
f 6273 6414 6274
f 6272 6412 6413
f 6272 6413 6273
f 6412 6411 6414
f 6412 6414 6413
f 6411 6271 6274
f 6411 6274 6414
f 6271 6272 6273
f 6271 6273 6274
f 6276 6275 6415
f 6276 6415 6416
f 6277 6417 6418
f 6277 6418 6278
f 6276 6416 6417
f 6276 6417 6277
f 6416 6415 6418
f 6416 6418 6417
f 6415 6275 6278
f 6415 6278 6418
f 6275 6276 6277
f 6275 6277 6278
f 6280 6279 6419
f 6280 6419 6420
f 6281 6421 6422
f 6281 6422 6282
f 6280 6420 6421
f 6280 6421 6281
f 6420 6419 6422
f 6420 6422 6421
f 6419 6279 6282
f 6419 6282 6422
f 6279 6280 6281
f 6279 6281 6282
f 6284 6283 6423
f 6284 6423 6424
f 6285 6425 6426
f 6285 6426 6286
f 6284 6424 6425
f 6284 6425 6285
f 6424 6423 6426
f 6424 6426 6425
f 6423 6283 6286
f 6423 6286 6426
f 6283 6284 6285
f 6283 6285 6286
f 6288 6287 6427
f 6288 6427 6428
f 6289 6429 6430
f 6289 6430 6290
f 6288 6428 6429
f 6288 6429 6289
f 6428 6427 6430
f 6428 6430 6429
f 6427 6287 6290
f 6427 6290 6430
f 6287 6288 6289
f 6287 6289 6290
f 6292 6291 6431
f 6292 6431 6432
f 6293 6433 6434
f 6293 6434 6294
f 6292 6432 6433
f 6292 6433 6293
f 6432 6431 6434
f 6432 6434 6433
f 6431 6291 6294
f 6431 6294 6434
f 6291 6292 6293
f 6291 6293 6294
f 6296 6295 6435
f 6296 6435 6436
f 6297 6437 6438
f 6297 6438 6298
f 6296 6436 6437
f 6296 6437 6297
f 6436 6435 6438
f 6436 6438 6437
f 6435 6295 6298
f 6435 6298 6438
f 6295 6296 6297
f 6295 6297 6298
f 6300 6299 6439
f 6300 6439 6440
f 6301 6441 6442
f 6301 6442 6302
f 6300 6440 6441
f 6300 6441 6301
f 6440 6439 6442
f 6440 6442 6441
f 6439 6299 6302
f 6439 6302 6442
f 6299 6300 6301
f 6299 6301 6302
f 6304 6303 6443
f 6304 6443 6444
f 6305 6445 6446
f 6305 6446 6306
f 6304 6444 6445
f 6304 6445 6305
f 6444 6443 6446
f 6444 6446 6445
f 6443 6303 6306
f 6443 6306 6446
f 6303 6304 6305
f 6303 6305 6306
f 6308 6307 6447
f 6308 6447 6448
f 6309 6449 6450
f 6309 6450 6310
f 6308 6448 6449
f 6308 6449 6309
f 6448 6447 6450
f 6448 6450 6449
f 6447 6307 6310
f 6447 6310 6450
f 6307 6308 6309
f 6307 6309 6310
f 6312 6311 6451
f 6312 6451 6452
f 6313 6453 6454
f 6313 6454 6314
f 6312 6452 6453
f 6312 6453 6313
f 6452 6451 6454
f 6452 6454 6453
f 6451 6311 6314
f 6451 6314 6454
f 6311 6312 6313
f 6311 6313 6314
f 6316 6315 6455
f 6316 6455 6456
f 6317 6457 6458
f 6317 6458 6318
f 6316 6456 6457
f 6316 6457 6317
f 6456 6455 6458
f 6456 6458 6457
f 6455 6315 6318
f 6455 6318 6458
f 6315 6316 6317
f 6315 6317 6318
f 6320 6319 6459
f 6320 6459 6460
f 6321 6461 6462
f 6321 6462 6322
f 6320 6460 6461
f 6320 6461 6321
f 6460 6459 6462
f 6460 6462 6461
f 6459 6319 6322
f 6459 6322 6462
f 6319 6320 6321
f 6319 6321 6322
f 6324 6323 6463
f 6324 6463 6464
f 6325 6465 6466
f 6325 6466 6326
f 6324 6464 6465
f 6324 6465 6325
f 6464 6463 6466
f 6464 6466 6465
f 6463 6323 6326
f 6463 6326 6466
f 6323 6324 6325
f 6323 6325 6326
f 6323 6327 6467
f 6323 6467 6463
f 6326 6466 6468
f 6326 6468 6328
f 6323 6463 6466
f 6323 6466 6326
f 6463 6467 6468
f 6463 6468 6466
f 6467 6327 6328
f 6467 6328 6468
f 6327 6323 6326
f 6327 6326 6328
f 6327 6329 6469
f 6327 6469 6467
f 6328 6468 6470
f 6328 6470 6330
f 6327 6467 6468
f 6327 6468 6328
f 6467 6469 6470
f 6467 6470 6468
f 6469 6329 6330
f 6469 6330 6470
f 6329 6327 6328
f 6329 6328 6330
f 6332 6331 6471
f 6332 6471 6472
f 6333 6473 6474
f 6333 6474 6334
f 6332 6472 6473
f 6332 6473 6333
f 6472 6471 6474
f 6472 6474 6473
f 6471 6331 6334
f 6471 6334 6474
f 6331 6332 6333
f 6331 6333 6334
f 6336 6335 6475
f 6336 6475 6476
f 6337 6477 6478
f 6337 6478 6338
f 6336 6476 6477
f 6336 6477 6337
f 6476 6475 6478
f 6476 6478 6477
f 6475 6335 6338
f 6475 6338 6478
f 6335 6336 6337
f 6335 6337 6338
f 6335 6339 6479
f 6335 6479 6475
f 6338 6478 6480
f 6338 6480 6340
f 6335 6475 6478
f 6335 6478 6338
f 6475 6479 6480
f 6475 6480 6478
f 6479 6339 6340
f 6479 6340 6480
f 6339 6335 6338
f 6339 6338 6340
f 6342 6341 6481
f 6342 6481 6482
f 6343 6483 6484
f 6343 6484 6344
f 6342 6482 6483
f 6342 6483 6343
f 6482 6481 6484
f 6482 6484 6483
f 6481 6341 6344
f 6481 6344 6484
f 6341 6342 6343
f 6341 6343 6344
f 6341 6345 6485
f 6341 6485 6481
f 6344 6484 6486
f 6344 6486 6346
f 6341 6481 6484
f 6341 6484 6344
f 6481 6485 6486
f 6481 6486 6484
f 6485 6345 6346
f 6485 6346 6486
f 6345 6341 6344
f 6345 6344 6346
f 6348 6347 6487
f 6348 6487 6488
f 6349 6489 6490
f 6349 6490 6350
f 6348 6488 6489
f 6348 6489 6349
f 6488 6487 6490
f 6488 6490 6489
f 6487 6347 6350
f 6487 6350 6490
f 6347 6348 6349
f 6347 6349 6350
f 6352 6351 6491
f 6352 6491 6492
f 6353 6493 6494
f 6353 6494 6354
f 6352 6492 6493
f 6352 6493 6353
f 6492 6491 6494
f 6492 6494 6493
f 6491 6351 6354
f 6491 6354 6494
f 6351 6352 6353
f 6351 6353 6354
f 6356 6355 6495
f 6356 6495 6496
f 6357 6497 6498
f 6357 6498 6358
f 6356 6496 6497
f 6356 6497 6357
f 6496 6495 6498
f 6496 6498 6497
f 6495 6355 6358
f 6495 6358 6498
f 6355 6356 6357
f 6355 6357 6358
f 6360 6359 6499
f 6360 6499 6500
f 6361 6501 6502
f 6361 6502 6362
f 6360 6500 6501
f 6360 6501 6361
f 6500 6499 6502
f 6500 6502 6501
f 6499 6359 6362
f 6499 6362 6502
f 6359 6360 6361
f 6359 6361 6362
f 6364 6363 6503
f 6364 6503 6504
f 6365 6505 6506
f 6365 6506 6366
f 6364 6504 6505
f 6364 6505 6365
f 6504 6503 6506
f 6504 6506 6505
f 6503 6363 6366
f 6503 6366 6506
f 6363 6364 6365
f 6363 6365 6366
f 6368 6367 6507
f 6368 6507 6508
f 6369 6509 6510
f 6369 6510 6370
f 6368 6508 6509
f 6368 6509 6369
f 6508 6507 6510
f 6508 6510 6509
f 6507 6367 6370
f 6507 6370 6510
f 6367 6368 6369
f 6367 6369 6370
f 6372 6371 6511
f 6372 6511 6512
f 6373 6513 6514
f 6373 6514 6374
f 6372 6512 6513
f 6372 6513 6373
f 6512 6511 6514
f 6512 6514 6513
f 6511 6371 6374
f 6511 6374 6514
f 6371 6372 6373
f 6371 6373 6374
f 6376 6375 6515
f 6376 6515 6516
f 6377 6517 6518
f 6377 6518 6378
f 6376 6516 6517
f 6376 6517 6377
f 6516 6515 6518
f 6516 6518 6517
f 6515 6375 6378
f 6515 6378 6518
f 6375 6376 6377
f 6375 6377 6378
f 6380 6379 6519
f 6380 6519 6520
f 6381 6521 6522
f 6381 6522 6382
f 6380 6520 6521
f 6380 6521 6381
f 6520 6519 6522
f 6520 6522 6521
f 6519 6379 6382
f 6519 6382 6522
f 6379 6380 6381
f 6379 6381 6382
f 6384 6383 6523
f 6384 6523 6524
f 6385 6525 6526
f 6385 6526 6386
f 6384 6524 6525
f 6384 6525 6385
f 6524 6523 6526
f 6524 6526 6525
f 6523 6383 6386
f 6523 6386 6526
f 6383 6384 6385
f 6383 6385 6386
f 6388 6387 6527
f 6388 6527 6528
f 6389 6529 6530
f 6389 6530 6390
f 6388 6528 6529
f 6388 6529 6389
f 6528 6527 6530
f 6528 6530 6529
f 6527 6387 6390
f 6527 6390 6530
f 6387 6388 6389
f 6387 6389 6390
f 6392 6391 6531
f 6392 6531 6532
f 6393 6533 6534
f 6393 6534 6394
f 6392 6532 6533
f 6392 6533 6393
f 6532 6531 6534
f 6532 6534 6533
f 6531 6391 6394
f 6531 6394 6534
f 6391 6392 6393
f 6391 6393 6394
f 6396 6395 6535
f 6396 6535 6536
f 6397 6537 6538
f 6397 6538 6398
f 6396 6536 6537
f 6396 6537 6397
f 6536 6535 6538
f 6536 6538 6537
f 6535 6395 6398
f 6535 6398 6538
f 6395 6396 6397
f 6395 6397 6398
f 6400 6399 6539
f 6400 6539 6540
f 6401 6541 6542
f 6401 6542 6402
f 6400 6540 6541
f 6400 6541 6401
f 6540 6539 6542
f 6540 6542 6541
f 6539 6399 6402
f 6539 6402 6542
f 6399 6400 6401
f 6399 6401 6402
f 6404 6403 6543
f 6404 6543 6544
f 6405 6545 6546
f 6405 6546 6406
f 6404 6544 6545
f 6404 6545 6405
f 6544 6543 6546
f 6544 6546 6545
f 6543 6403 6406
f 6543 6406 6546
f 6403 6404 6405
f 6403 6405 6406
f 6408 6407 6547
f 6408 6547 6548
f 6409 6549 6550
f 6409 6550 6410
f 6408 6548 6549
f 6408 6549 6409
f 6548 6547 6550
f 6548 6550 6549
f 6547 6407 6410
f 6547 6410 6550
f 6407 6408 6409
f 6407 6409 6410
f 6412 6411 6551
f 6412 6551 6552
f 6413 6553 6554
f 6413 6554 6414
f 6412 6552 6553
f 6412 6553 6413
f 6552 6551 6554
f 6552 6554 6553
f 6551 6411 6414
f 6551 6414 6554
f 6411 6412 6413
f 6411 6413 6414
f 6416 6415 6555
f 6416 6555 6556
f 6417 6557 6558
f 6417 6558 6418
f 6416 6556 6557
f 6416 6557 6417
f 6556 6555 6558
f 6556 6558 6557
f 6555 6415 6418
f 6555 6418 6558
f 6415 6416 6417
f 6415 6417 6418
f 6420 6419 6559
f 6420 6559 6560
f 6421 6561 6562
f 6421 6562 6422
f 6420 6560 6561
f 6420 6561 6421
f 6560 6559 6562
f 6560 6562 6561
f 6559 6419 6422
f 6559 6422 6562
f 6419 6420 6421
f 6419 6421 6422
f 6424 6423 6563
f 6424 6563 6564
f 6425 6565 6566
f 6425 6566 6426
f 6424 6564 6565
f 6424 6565 6425
f 6564 6563 6566
f 6564 6566 6565
f 6563 6423 6426
f 6563 6426 6566
f 6423 6424 6425
f 6423 6425 6426
f 6428 6427 6567
f 6428 6567 6568
f 6429 6569 6570
f 6429 6570 6430
f 6428 6568 6569
f 6428 6569 6429
f 6568 6567 6570
f 6568 6570 6569
f 6567 6427 6430
f 6567 6430 6570
f 6427 6428 6429
f 6427 6429 6430
f 6432 6431 6571
f 6432 6571 6572
f 6433 6573 6574
f 6433 6574 6434
f 6432 6572 6573
f 6432 6573 6433
f 6572 6571 6574
f 6572 6574 6573
f 6571 6431 6434
f 6571 6434 6574
f 6431 6432 6433
f 6431 6433 6434
f 6436 6435 6575
f 6436 6575 6576
f 6437 6577 6578
f 6437 6578 6438
f 6436 6576 6577
f 6436 6577 6437
f 6576 6575 6578
f 6576 6578 6577
f 6575 6435 6438
f 6575 6438 6578
f 6435 6436 6437
f 6435 6437 6438
f 6440 6439 6579
f 6440 6579 6580
f 6441 6581 6582
f 6441 6582 6442
f 6440 6580 6581
f 6440 6581 6441
f 6580 6579 6582
f 6580 6582 6581
f 6579 6439 6442
f 6579 6442 6582
f 6439 6440 6441
f 6439 6441 6442
f 6444 6443 6583
f 6444 6583 6584
f 6445 6585 6586
f 6445 6586 6446
f 6444 6584 6585
f 6444 6585 6445
f 6584 6583 6586
f 6584 6586 6585
f 6583 6443 6446
f 6583 6446 6586
f 6443 6444 6445
f 6443 6445 6446
f 6448 6447 6587
f 6448 6587 6588
f 6449 6589 6590
f 6449 6590 6450
f 6448 6588 6589
f 6448 6589 6449
f 6588 6587 6590
f 6588 6590 6589
f 6587 6447 6450
f 6587 6450 6590
f 6447 6448 6449
f 6447 6449 6450
f 6452 6451 6591
f 6452 6591 6592
f 6453 6593 6594
f 6453 6594 6454
f 6452 6592 6593
f 6452 6593 6453
f 6592 6591 6594
f 6592 6594 6593
f 6591 6451 6454
f 6591 6454 6594
f 6451 6452 6453
f 6451 6453 6454
f 6456 6455 6595
f 6456 6595 6596
f 6457 6597 6598
f 6457 6598 6458
f 6456 6596 6597
f 6456 6597 6457
f 6596 6595 6598
f 6596 6598 6597
f 6595 6455 6458
f 6595 6458 6598
f 6455 6456 6457
f 6455 6457 6458
f 6460 6459 6599
f 6460 6599 6600
f 6461 6601 6602
f 6461 6602 6462
f 6460 6600 6601
f 6460 6601 6461
f 6600 6599 6602
f 6600 6602 6601
f 6599 6459 6462
f 6599 6462 6602
f 6459 6460 6461
f 6459 6461 6462
f 6464 6463 6603
f 6464 6603 6604
f 6465 6605 6606
f 6465 6606 6466
f 6464 6604 6605
f 6464 6605 6465
f 6604 6603 6606
f 6604 6606 6605
f 6603 6463 6466
f 6603 6466 6606
f 6463 6464 6465
f 6463 6465 6466
f 6463 6467 6607
f 6463 6607 6603
f 6466 6606 6608
f 6466 6608 6468
f 6463 6603 6606
f 6463 6606 6466
f 6603 6607 6608
f 6603 6608 6606
f 6607 6467 6468
f 6607 6468 6608
f 6467 6463 6466
f 6467 6466 6468
f 6467 6469 6609
f 6467 6609 6607
f 6468 6608 6610
f 6468 6610 6470
f 6467 6607 6608
f 6467 6608 6468
f 6607 6609 6610
f 6607 6610 6608
f 6609 6469 6470
f 6609 6470 6610
f 6469 6467 6468
f 6469 6468 6470
f 6472 6471 6611
f 6472 6611 6612
f 6473 6613 6614
f 6473 6614 6474
f 6472 6612 6613
f 6472 6613 6473
f 6612 6611 6614
f 6612 6614 6613
f 6611 6471 6474
f 6611 6474 6614
f 6471 6472 6473
f 6471 6473 6474
f 6476 6475 6615
f 6476 6615 6616
f 6477 6617 6618
f 6477 6618 6478
f 6476 6616 6617
f 6476 6617 6477
f 6616 6615 6618
f 6616 6618 6617
f 6615 6475 6478
f 6615 6478 6618
f 6475 6476 6477
f 6475 6477 6478
f 6475 6479 6619
f 6475 6619 6615
f 6478 6618 6620
f 6478 6620 6480
f 6475 6615 6618
f 6475 6618 6478
f 6615 6619 6620
f 6615 6620 6618
f 6619 6479 6480
f 6619 6480 6620
f 6479 6475 6478
f 6479 6478 6480
f 6482 6481 6621
f 6482 6621 6622
f 6483 6623 6624
f 6483 6624 6484
f 6482 6622 6623
f 6482 6623 6483
f 6622 6621 6624
f 6622 6624 6623
f 6621 6481 6484
f 6621 6484 6624
f 6481 6482 6483
f 6481 6483 6484
f 6481 6485 6625
f 6481 6625 6621
f 6484 6624 6626
f 6484 6626 6486
f 6481 6621 6624
f 6481 6624 6484
f 6621 6625 6626
f 6621 6626 6624
f 6625 6485 6486
f 6625 6486 6626
f 6485 6481 6484
f 6485 6484 6486
f 6488 6487 6627
f 6488 6627 6628
f 6489 6629 6630
f 6489 6630 6490
f 6488 6628 6629
f 6488 6629 6489
f 6628 6627 6630
f 6628 6630 6629
f 6627 6487 6490
f 6627 6490 6630
f 6487 6488 6489
f 6487 6489 6490
f 6492 6491 6631
f 6492 6631 6632
f 6493 6633 6634
f 6493 6634 6494
f 6492 6632 6633
f 6492 6633 6493
f 6632 6631 6634
f 6632 6634 6633
f 6631 6491 6494
f 6631 6494 6634
f 6491 6492 6493
f 6491 6493 6494
f 6496 6495 6635
f 6496 6635 6636
f 6497 6637 6638
f 6497 6638 6498
f 6496 6636 6637
f 6496 6637 6497
f 6636 6635 6638
f 6636 6638 6637
f 6635 6495 6498
f 6635 6498 6638
f 6495 6496 6497
f 6495 6497 6498
f 6500 6499 6639
f 6500 6639 6640
f 6501 6641 6642
f 6501 6642 6502
f 6500 6640 6641
f 6500 6641 6501
f 6640 6639 6642
f 6640 6642 6641
f 6639 6499 6502
f 6639 6502 6642
f 6499 6500 6501
f 6499 6501 6502
f 6504 6503 6643
f 6504 6643 6644
f 6505 6645 6646
f 6505 6646 6506
f 6504 6644 6645
f 6504 6645 6505
f 6644 6643 6646
f 6644 6646 6645
f 6643 6503 6506
f 6643 6506 6646
f 6503 6504 6505
f 6503 6505 6506
f 6508 6507 6647
f 6508 6647 6648
f 6509 6649 6650
f 6509 6650 6510
f 6508 6648 6649
f 6508 6649 6509
f 6648 6647 6650
f 6648 6650 6649
f 6647 6507 6510
f 6647 6510 6650
f 6507 6508 6509
f 6507 6509 6510
f 6512 6511 6651
f 6512 6651 6652
f 6513 6653 6654
f 6513 6654 6514
f 6512 6652 6653
f 6512 6653 6513
f 6652 6651 6654
f 6652 6654 6653
f 6651 6511 6514
f 6651 6514 6654
f 6511 6512 6513
f 6511 6513 6514
f 6516 6515 6655
f 6516 6655 6656
f 6517 6657 6658
f 6517 6658 6518
f 6516 6656 6657
f 6516 6657 6517
f 6656 6655 6658
f 6656 6658 6657
f 6655 6515 6518
f 6655 6518 6658
f 6515 6516 6517
f 6515 6517 6518
f 6520 6519 6659
f 6520 6659 6660
f 6521 6661 6662
f 6521 6662 6522
f 6520 6660 6661
f 6520 6661 6521
f 6660 6659 6662
f 6660 6662 6661
f 6659 6519 6522
f 6659 6522 6662
f 6519 6520 6521
f 6519 6521 6522
f 6524 6523 6663
f 6524 6663 6664
f 6525 6665 6666
f 6525 6666 6526
f 6524 6664 6665
f 6524 6665 6525
f 6664 6663 6666
f 6664 6666 6665
f 6663 6523 6526
f 6663 6526 6666
f 6523 6524 6525
f 6523 6525 6526
f 6528 6527 6667
f 6528 6667 6668
f 6529 6669 6670
f 6529 6670 6530
f 6528 6668 6669
f 6528 6669 6529
f 6668 6667 6670
f 6668 6670 6669
f 6667 6527 6530
f 6667 6530 6670
f 6527 6528 6529
f 6527 6529 6530
f 6532 6531 6671
f 6532 6671 6672
f 6533 6673 6674
f 6533 6674 6534
f 6532 6672 6673
f 6532 6673 6533
f 6672 6671 6674
f 6672 6674 6673
f 6671 6531 6534
f 6671 6534 6674
f 6531 6532 6533
f 6531 6533 6534
f 6536 6535 6675
f 6536 6675 6676
f 6537 6677 6678
f 6537 6678 6538
f 6536 6676 6677
f 6536 6677 6537
f 6676 6675 6678
f 6676 6678 6677
f 6675 6535 6538
f 6675 6538 6678
f 6535 6536 6537
f 6535 6537 6538
f 6540 6539 6679
f 6540 6679 6680
f 6541 6681 6682
f 6541 6682 6542
f 6540 6680 6681
f 6540 6681 6541
f 6680 6679 6682
f 6680 6682 6681
f 6679 6539 6542
f 6679 6542 6682
f 6539 6540 6541
f 6539 6541 6542
f 6544 6543 6683
f 6544 6683 6684
f 6545 6685 6686
f 6545 6686 6546
f 6544 6684 6685
f 6544 6685 6545
f 6684 6683 6686
f 6684 6686 6685
f 6683 6543 6546
f 6683 6546 6686
f 6543 6544 6545
f 6543 6545 6546
f 6548 6547 6687
f 6548 6687 6688
f 6549 6689 6690
f 6549 6690 6550
f 6548 6688 6689
f 6548 6689 6549
f 6688 6687 6690
f 6688 6690 6689
f 6687 6547 6550
f 6687 6550 6690
f 6547 6548 6549
f 6547 6549 6550
f 6552 6551 6691
f 6552 6691 6692
f 6553 6693 6694
f 6553 6694 6554
f 6552 6692 6693
f 6552 6693 6553
f 6692 6691 6694
f 6692 6694 6693
f 6691 6551 6554
f 6691 6554 6694
f 6551 6552 6553
f 6551 6553 6554
f 6556 6555 6695
f 6556 6695 6696
f 6557 6697 6698
f 6557 6698 6558
f 6556 6696 6697
f 6556 6697 6557
f 6696 6695 6698
f 6696 6698 6697
f 6695 6555 6558
f 6695 6558 6698
f 6555 6556 6557
f 6555 6557 6558
f 6560 6559 6699
f 6560 6699 6700
f 6561 6701 6702
f 6561 6702 6562
f 6560 6700 6701
f 6560 6701 6561
f 6700 6699 6702
f 6700 6702 6701
f 6699 6559 6562
f 6699 6562 6702
f 6559 6560 6561
f 6559 6561 6562
f 6564 6563 6703
f 6564 6703 6704
f 6565 6705 6706
f 6565 6706 6566
f 6564 6704 6705
f 6564 6705 6565
f 6704 6703 6706
f 6704 6706 6705
f 6703 6563 6566
f 6703 6566 6706
f 6563 6564 6565
f 6563 6565 6566
f 6568 6567 6707
f 6568 6707 6708
f 6569 6709 6710
f 6569 6710 6570
f 6568 6708 6709
f 6568 6709 6569
f 6708 6707 6710
f 6708 6710 6709
f 6707 6567 6570
f 6707 6570 6710
f 6567 6568 6569
f 6567 6569 6570
f 6572 6571 6711
f 6572 6711 6712
f 6573 6713 6714
f 6573 6714 6574
f 6572 6712 6713
f 6572 6713 6573
f 6712 6711 6714
f 6712 6714 6713
f 6711 6571 6574
f 6711 6574 6714
f 6571 6572 6573
f 6571 6573 6574
f 6576 6575 6715
f 6576 6715 6716
f 6577 6717 6718
f 6577 6718 6578
f 6576 6716 6717
f 6576 6717 6577
f 6716 6715 6718
f 6716 6718 6717
f 6715 6575 6578
f 6715 6578 6718
f 6575 6576 6577
f 6575 6577 6578
f 6580 6579 6719
f 6580 6719 6720
f 6581 6721 6722
f 6581 6722 6582
f 6580 6720 6721
f 6580 6721 6581
f 6720 6719 6722
f 6720 6722 6721
f 6719 6579 6582
f 6719 6582 6722
f 6579 6580 6581
f 6579 6581 6582
f 6584 6583 6723
f 6584 6723 6724
f 6585 6725 6726
f 6585 6726 6586
f 6584 6724 6725
f 6584 6725 6585
f 6724 6723 6726
f 6724 6726 6725
f 6723 6583 6586
f 6723 6586 6726
f 6583 6584 6585
f 6583 6585 6586
f 6588 6587 6727
f 6588 6727 6728
f 6589 6729 6730
f 6589 6730 6590
f 6588 6728 6729
f 6588 6729 6589
f 6728 6727 6730
f 6728 6730 6729
f 6727 6587 6590
f 6727 6590 6730
f 6587 6588 6589
f 6587 6589 6590
f 6592 6591 6731
f 6592 6731 6732
f 6593 6733 6734
f 6593 6734 6594
f 6592 6732 6733
f 6592 6733 6593
f 6732 6731 6734
f 6732 6734 6733
f 6731 6591 6594
f 6731 6594 6734
f 6591 6592 6593
f 6591 6593 6594
f 6596 6595 6735
f 6596 6735 6736
f 6597 6737 6738
f 6597 6738 6598
f 6596 6736 6737
f 6596 6737 6597
f 6736 6735 6738
f 6736 6738 6737
f 6735 6595 6598
f 6735 6598 6738
f 6595 6596 6597
f 6595 6597 6598
f 6600 6599 6739
f 6600 6739 6740
f 6601 6741 6742
f 6601 6742 6602
f 6600 6740 6741
f 6600 6741 6601
f 6740 6739 6742
f 6740 6742 6741
f 6739 6599 6602
f 6739 6602 6742
f 6599 6600 6601
f 6599 6601 6602
f 6604 6603 6743
f 6604 6743 6744
f 6605 6745 6746
f 6605 6746 6606
f 6604 6744 6745
f 6604 6745 6605
f 6744 6743 6746
f 6744 6746 6745
f 6743 6603 6606
f 6743 6606 6746
f 6603 6604 6605
f 6603 6605 6606
f 6603 6607 6747
f 6603 6747 6743
f 6606 6746 6748
f 6606 6748 6608
f 6603 6743 6746
f 6603 6746 6606
f 6743 6747 6748
f 6743 6748 6746
f 6747 6607 6608
f 6747 6608 6748
f 6607 6603 6606
f 6607 6606 6608
f 6607 6609 6749
f 6607 6749 6747
f 6608 6748 6750
f 6608 6750 6610
f 6607 6747 6748
f 6607 6748 6608
f 6747 6749 6750
f 6747 6750 6748
f 6749 6609 6610
f 6749 6610 6750
f 6609 6607 6608
f 6609 6608 6610
f 6612 6611 6751
f 6612 6751 6752
f 6613 6753 6754
f 6613 6754 6614
f 6612 6752 6753
f 6612 6753 6613
f 6752 6751 6754
f 6752 6754 6753
f 6751 6611 6614
f 6751 6614 6754
f 6611 6612 6613
f 6611 6613 6614
f 6616 6615 6755
f 6616 6755 6756
f 6617 6757 6758
f 6617 6758 6618
f 6616 6756 6757
f 6616 6757 6617
f 6756 6755 6758
f 6756 6758 6757
f 6755 6615 6618
f 6755 6618 6758
f 6615 6616 6617
f 6615 6617 6618
f 6615 6619 6759
f 6615 6759 6755
f 6618 6758 6760
f 6618 6760 6620
f 6615 6755 6758
f 6615 6758 6618
f 6755 6759 6760
f 6755 6760 6758
f 6759 6619 6620
f 6759 6620 6760
f 6619 6615 6618
f 6619 6618 6620
f 6622 6621 6761
f 6622 6761 6762
f 6623 6763 6764
f 6623 6764 6624
f 6622 6762 6763
f 6622 6763 6623
f 6762 6761 6764
f 6762 6764 6763
f 6761 6621 6624
f 6761 6624 6764
f 6621 6622 6623
f 6621 6623 6624
f 6621 6625 6765
f 6621 6765 6761
f 6624 6764 6766
f 6624 6766 6626
f 6621 6761 6764
f 6621 6764 6624
f 6761 6765 6766
f 6761 6766 6764
f 6765 6625 6626
f 6765 6626 6766
f 6625 6621 6624
f 6625 6624 6626
f 6628 6627 6767
f 6628 6767 6768
f 6629 6769 6770
f 6629 6770 6630
f 6628 6768 6769
f 6628 6769 6629
f 6768 6767 6770
f 6768 6770 6769
f 6767 6627 6630
f 6767 6630 6770
f 6627 6628 6629
f 6627 6629 6630
f 6632 6631 6771
f 6632 6771 6772
f 6633 6773 6774
f 6633 6774 6634
f 6632 6772 6773
f 6632 6773 6633
f 6772 6771 6774
f 6772 6774 6773
f 6771 6631 6634
f 6771 6634 6774
f 6631 6632 6633
f 6631 6633 6634
f 6636 6635 6775
f 6636 6775 6776
f 6637 6777 6778
f 6637 6778 6638
f 6636 6776 6777
f 6636 6777 6637
f 6776 6775 6778
f 6776 6778 6777
f 6775 6635 6638
f 6775 6638 6778
f 6635 6636 6637
f 6635 6637 6638
f 6640 6639 6779
f 6640 6779 6780
f 6641 6781 6782
f 6641 6782 6642
f 6640 6780 6781
f 6640 6781 6641
f 6780 6779 6782
f 6780 6782 6781
f 6779 6639 6642
f 6779 6642 6782
f 6639 6640 6641
f 6639 6641 6642
f 6644 6643 6783
f 6644 6783 6784
f 6645 6785 6786
f 6645 6786 6646
f 6644 6784 6785
f 6644 6785 6645
f 6784 6783 6786
f 6784 6786 6785
f 6783 6643 6646
f 6783 6646 6786
f 6643 6644 6645
f 6643 6645 6646
f 6648 6647 6787
f 6648 6787 6788
f 6649 6789 6790
f 6649 6790 6650
f 6648 6788 6789
f 6648 6789 6649
f 6788 6787 6790
f 6788 6790 6789
f 6787 6647 6650
f 6787 6650 6790
f 6647 6648 6649
f 6647 6649 6650
f 6652 6651 6791
f 6652 6791 6792
f 6653 6793 6794
f 6653 6794 6654
f 6652 6792 6793
f 6652 6793 6653
f 6792 6791 6794
f 6792 6794 6793
f 6791 6651 6654
f 6791 6654 6794
f 6651 6652 6653
f 6651 6653 6654
f 6656 6655 6795
f 6656 6795 6796
f 6657 6797 6798
f 6657 6798 6658
f 6656 6796 6797
f 6656 6797 6657
f 6796 6795 6798
f 6796 6798 6797
f 6795 6655 6658
f 6795 6658 6798
f 6655 6656 6657
f 6655 6657 6658
f 6660 6659 6799
f 6660 6799 6800
f 6661 6801 6802
f 6661 6802 6662
f 6660 6800 6801
f 6660 6801 6661
f 6800 6799 6802
f 6800 6802 6801
f 6799 6659 6662
f 6799 6662 6802
f 6659 6660 6661
f 6659 6661 6662
f 6664 6663 6803
f 6664 6803 6804
f 6665 6805 6806
f 6665 6806 6666
f 6664 6804 6805
f 6664 6805 6665
f 6804 6803 6806
f 6804 6806 6805
f 6803 6663 6666
f 6803 6666 6806
f 6663 6664 6665
f 6663 6665 6666
f 6668 6667 6807
f 6668 6807 6808
f 6669 6809 6810
f 6669 6810 6670
f 6668 6808 6809
f 6668 6809 6669
f 6808 6807 6810
f 6808 6810 6809
f 6807 6667 6670
f 6807 6670 6810
f 6667 6668 6669
f 6667 6669 6670
f 6672 6671 6811
f 6672 6811 6812
f 6673 6813 6814
f 6673 6814 6674
f 6672 6812 6813
f 6672 6813 6673
f 6812 6811 6814
f 6812 6814 6813
f 6811 6671 6674
f 6811 6674 6814
f 6671 6672 6673
f 6671 6673 6674
f 6676 6675 6815
f 6676 6815 6816
f 6677 6817 6818
f 6677 6818 6678
f 6676 6816 6817
f 6676 6817 6677
f 6816 6815 6818
f 6816 6818 6817
f 6815 6675 6678
f 6815 6678 6818
f 6675 6676 6677
f 6675 6677 6678
f 6680 6679 6819
f 6680 6819 6820
f 6681 6821 6822
f 6681 6822 6682
f 6680 6820 6821
f 6680 6821 6681
f 6820 6819 6822
f 6820 6822 6821
f 6819 6679 6682
f 6819 6682 6822
f 6679 6680 6681
f 6679 6681 6682
f 6684 6683 6823
f 6684 6823 6824
f 6685 6825 6826
f 6685 6826 6686
f 6684 6824 6825
f 6684 6825 6685
f 6824 6823 6826
f 6824 6826 6825
f 6823 6683 6686
f 6823 6686 6826
f 6683 6684 6685
f 6683 6685 6686
f 6688 6687 6827
f 6688 6827 6828
f 6689 6829 6830
f 6689 6830 6690
f 6688 6828 6829
f 6688 6829 6689
f 6828 6827 6830
f 6828 6830 6829
f 6827 6687 6690
f 6827 6690 6830
f 6687 6688 6689
f 6687 6689 6690
f 6692 6691 6831
f 6692 6831 6832
f 6693 6833 6834
f 6693 6834 6694
f 6692 6832 6833
f 6692 6833 6693
f 6832 6831 6834
f 6832 6834 6833
f 6831 6691 6694
f 6831 6694 6834
f 6691 6692 6693
f 6691 6693 6694
f 6696 6695 6835
f 6696 6835 6836
f 6697 6837 6838
f 6697 6838 6698
f 6696 6836 6837
f 6696 6837 6697
f 6836 6835 6838
f 6836 6838 6837
f 6835 6695 6698
f 6835 6698 6838
f 6695 6696 6697
f 6695 6697 6698
f 6700 6699 6839
f 6700 6839 6840
f 6701 6841 6842
f 6701 6842 6702
f 6700 6840 6841
f 6700 6841 6701
f 6840 6839 6842
f 6840 6842 6841
f 6839 6699 6702
f 6839 6702 6842
f 6699 6700 6701
f 6699 6701 6702
f 6704 6703 6843
f 6704 6843 6844
f 6705 6845 6846
f 6705 6846 6706
f 6704 6844 6845
f 6704 6845 6705
f 6844 6843 6846
f 6844 6846 6845
f 6843 6703 6706
f 6843 6706 6846
f 6703 6704 6705
f 6703 6705 6706
f 6708 6707 6847
f 6708 6847 6848
f 6709 6849 6850
f 6709 6850 6710
f 6708 6848 6849
f 6708 6849 6709
f 6848 6847 6850
f 6848 6850 6849
f 6847 6707 6710
f 6847 6710 6850
f 6707 6708 6709
f 6707 6709 6710
f 6712 6711 6851
f 6712 6851 6852
f 6713 6853 6854
f 6713 6854 6714
f 6712 6852 6853
f 6712 6853 6713
f 6852 6851 6854
f 6852 6854 6853
f 6851 6711 6714
f 6851 6714 6854
f 6711 6712 6713
f 6711 6713 6714
f 6716 6715 6855
f 6716 6855 6856
f 6717 6857 6858
f 6717 6858 6718
f 6716 6856 6857
f 6716 6857 6717
f 6856 6855 6858
f 6856 6858 6857
f 6855 6715 6718
f 6855 6718 6858
f 6715 6716 6717
f 6715 6717 6718
f 6720 6719 6859
f 6720 6859 6860
f 6721 6861 6862
f 6721 6862 6722
f 6720 6860 6861
f 6720 6861 6721
f 6860 6859 6862
f 6860 6862 6861
f 6859 6719 6722
f 6859 6722 6862
f 6719 6720 6721
f 6719 6721 6722
f 6724 6723 6863
f 6724 6863 6864
f 6725 6865 6866
f 6725 6866 6726
f 6724 6864 6865
f 6724 6865 6725
f 6864 6863 6866
f 6864 6866 6865
f 6863 6723 6726
f 6863 6726 6866
f 6723 6724 6725
f 6723 6725 6726
f 6728 6727 6867
f 6728 6867 6868
f 6729 6869 6870
f 6729 6870 6730
f 6728 6868 6869
f 6728 6869 6729
f 6868 6867 6870
f 6868 6870 6869
f 6867 6727 6730
f 6867 6730 6870
f 6727 6728 6729
f 6727 6729 6730
f 6732 6731 6871
f 6732 6871 6872
f 6733 6873 6874
f 6733 6874 6734
f 6732 6872 6873
f 6732 6873 6733
f 6872 6871 6874
f 6872 6874 6873
f 6871 6731 6734
f 6871 6734 6874
f 6731 6732 6733
f 6731 6733 6734
f 6736 6735 6875
f 6736 6875 6876
f 6737 6877 6878
f 6737 6878 6738
f 6736 6876 6877
f 6736 6877 6737
f 6876 6875 6878
f 6876 6878 6877
f 6875 6735 6738
f 6875 6738 6878
f 6735 6736 6737
f 6735 6737 6738
f 6740 6739 6879
f 6740 6879 6880
f 6741 6881 6882
f 6741 6882 6742
f 6740 6880 6881
f 6740 6881 6741
f 6880 6879 6882
f 6880 6882 6881
f 6879 6739 6742
f 6879 6742 6882
f 6739 6740 6741
f 6739 6741 6742
f 6744 6743 6883
f 6744 6883 6884
f 6745 6885 6886
f 6745 6886 6746
f 6744 6884 6885
f 6744 6885 6745
f 6884 6883 6886
f 6884 6886 6885
f 6883 6743 6746
f 6883 6746 6886
f 6743 6744 6745
f 6743 6745 6746
f 6743 6747 6887
f 6743 6887 6883
f 6746 6886 6888
f 6746 6888 6748
f 6743 6883 6886
f 6743 6886 6746
f 6883 6887 6888
f 6883 6888 6886
f 6887 6747 6748
f 6887 6748 6888
f 6747 6743 6746
f 6747 6746 6748
f 6747 6749 6889
f 6747 6889 6887
f 6748 6888 6890
f 6748 6890 6750
f 6747 6887 6888
f 6747 6888 6748
f 6887 6889 6890
f 6887 6890 6888
f 6889 6749 6750
f 6889 6750 6890
f 6749 6747 6748
f 6749 6748 6750
f 6752 6751 6891
f 6752 6891 6892
f 6753 6893 6894
f 6753 6894 6754
f 6752 6892 6893
f 6752 6893 6753
f 6892 6891 6894
f 6892 6894 6893
f 6891 6751 6754
f 6891 6754 6894
f 6751 6752 6753
f 6751 6753 6754
f 6756 6755 6895
f 6756 6895 6896
f 6757 6897 6898
f 6757 6898 6758
f 6756 6896 6897
f 6756 6897 6757
f 6896 6895 6898
f 6896 6898 6897
f 6895 6755 6758
f 6895 6758 6898
f 6755 6756 6757
f 6755 6757 6758
f 6755 6759 6899
f 6755 6899 6895
f 6758 6898 6900
f 6758 6900 6760
f 6755 6895 6898
f 6755 6898 6758
f 6895 6899 6900
f 6895 6900 6898
f 6899 6759 6760
f 6899 6760 6900
f 6759 6755 6758
f 6759 6758 6760
f 6762 6761 6901
f 6762 6901 6902
f 6763 6903 6904
f 6763 6904 6764
f 6762 6902 6903
f 6762 6903 6763
f 6902 6901 6904
f 6902 6904 6903
f 6901 6761 6764
f 6901 6764 6904
f 6761 6762 6763
f 6761 6763 6764
f 6761 6765 6905
f 6761 6905 6901
f 6764 6904 6906
f 6764 6906 6766
f 6761 6901 6904
f 6761 6904 6764
f 6901 6905 6906
f 6901 6906 6904
f 6905 6765 6766
f 6905 6766 6906
f 6765 6761 6764
f 6765 6764 6766
f 6768 6767 6907
f 6768 6907 6908
f 6769 6909 6910
f 6769 6910 6770
f 6768 6908 6909
f 6768 6909 6769
f 6908 6907 6910
f 6908 6910 6909
f 6907 6767 6770
f 6907 6770 6910
f 6767 6768 6769
f 6767 6769 6770
f 6772 6771 6911
f 6772 6911 6912
f 6773 6913 6914
f 6773 6914 6774
f 6772 6912 6913
f 6772 6913 6773
f 6912 6911 6914
f 6912 6914 6913
f 6911 6771 6774
f 6911 6774 6914
f 6771 6772 6773
f 6771 6773 6774
f 6776 6775 6915
f 6776 6915 6916
f 6777 6917 6918
f 6777 6918 6778
f 6776 6916 6917
f 6776 6917 6777
f 6916 6915 6918
f 6916 6918 6917
f 6915 6775 6778
f 6915 6778 6918
f 6775 6776 6777
f 6775 6777 6778
f 6780 6779 6919
f 6780 6919 6920
f 6781 6921 6922
f 6781 6922 6782
f 6780 6920 6921
f 6780 6921 6781
f 6920 6919 6922
f 6920 6922 6921
f 6919 6779 6782
f 6919 6782 6922
f 6779 6780 6781
f 6779 6781 6782
f 6784 6783 6923
f 6784 6923 6924
f 6785 6925 6926
f 6785 6926 6786
f 6784 6924 6925
f 6784 6925 6785
f 6924 6923 6926
f 6924 6926 6925
f 6923 6783 6786
f 6923 6786 6926
f 6783 6784 6785
f 6783 6785 6786
f 6788 6787 6927
f 6788 6927 6928
f 6789 6929 6930
f 6789 6930 6790
f 6788 6928 6929
f 6788 6929 6789
f 6928 6927 6930
f 6928 6930 6929
f 6927 6787 6790
f 6927 6790 6930
f 6787 6788 6789
f 6787 6789 6790
f 6792 6791 6931
f 6792 6931 6932
f 6793 6933 6934
f 6793 6934 6794
f 6792 6932 6933
f 6792 6933 6793
f 6932 6931 6934
f 6932 6934 6933
f 6931 6791 6794
f 6931 6794 6934
f 6791 6792 6793
f 6791 6793 6794
f 6796 6795 6935
f 6796 6935 6936
f 6797 6937 6938
f 6797 6938 6798
f 6796 6936 6937
f 6796 6937 6797
f 6936 6935 6938
f 6936 6938 6937
f 6935 6795 6798
f 6935 6798 6938
f 6795 6796 6797
f 6795 6797 6798
f 6800 6799 6939
f 6800 6939 6940
f 6801 6941 6942
f 6801 6942 6802
f 6800 6940 6941
f 6800 6941 6801
f 6940 6939 6942
f 6940 6942 6941
f 6939 6799 6802
f 6939 6802 6942
f 6799 6800 6801
f 6799 6801 6802
f 6804 6803 6943
f 6804 6943 6944
f 6805 6945 6946
f 6805 6946 6806
f 6804 6944 6945
f 6804 6945 6805
f 6944 6943 6946
f 6944 6946 6945
f 6943 6803 6806
f 6943 6806 6946
f 6803 6804 6805
f 6803 6805 6806
f 6808 6807 6947
f 6808 6947 6948
f 6809 6949 6950
f 6809 6950 6810
f 6808 6948 6949
f 6808 6949 6809
f 6948 6947 6950
f 6948 6950 6949
f 6947 6807 6810
f 6947 6810 6950
f 6807 6808 6809
f 6807 6809 6810
f 6812 6811 6951
f 6812 6951 6952
f 6813 6953 6954
f 6813 6954 6814
f 6812 6952 6953
f 6812 6953 6813
f 6952 6951 6954
f 6952 6954 6953
f 6951 6811 6814
f 6951 6814 6954
f 6811 6812 6813
f 6811 6813 6814
f 6816 6815 6955
f 6816 6955 6956
f 6817 6957 6958
f 6817 6958 6818
f 6816 6956 6957
f 6816 6957 6817
f 6956 6955 6958
f 6956 6958 6957
f 6955 6815 6818
f 6955 6818 6958
f 6815 6816 6817
f 6815 6817 6818
f 6820 6819 6959
f 6820 6959 6960
f 6821 6961 6962
f 6821 6962 6822
f 6820 6960 6961
f 6820 6961 6821
f 6960 6959 6962
f 6960 6962 6961
f 6959 6819 6822
f 6959 6822 6962
f 6819 6820 6821
f 6819 6821 6822
f 6824 6823 6963
f 6824 6963 6964
f 6825 6965 6966
f 6825 6966 6826
f 6824 6964 6965
f 6824 6965 6825
f 6964 6963 6966
f 6964 6966 6965
f 6963 6823 6826
f 6963 6826 6966
f 6823 6824 6825
f 6823 6825 6826
f 6828 6827 6967
f 6828 6967 6968
f 6829 6969 6970
f 6829 6970 6830
f 6828 6968 6969
f 6828 6969 6829
f 6968 6967 6970
f 6968 6970 6969
f 6967 6827 6830
f 6967 6830 6970
f 6827 6828 6829
f 6827 6829 6830
f 6832 6831 6971
f 6832 6971 6972
f 6833 6973 6974
f 6833 6974 6834
f 6832 6972 6973
f 6832 6973 6833
f 6972 6971 6974
f 6972 6974 6973
f 6971 6831 6834
f 6971 6834 6974
f 6831 6832 6833
f 6831 6833 6834
f 6836 6835 6975
f 6836 6975 6976
f 6837 6977 6978
f 6837 6978 6838
f 6836 6976 6977
f 6836 6977 6837
f 6976 6975 6978
f 6976 6978 6977
f 6975 6835 6838
f 6975 6838 6978
f 6835 6836 6837
f 6835 6837 6838
f 6840 6839 6979
f 6840 6979 6980
f 6841 6981 6982
f 6841 6982 6842
f 6840 6980 6981
f 6840 6981 6841
f 6980 6979 6982
f 6980 6982 6981
f 6979 6839 6842
f 6979 6842 6982
f 6839 6840 6841
f 6839 6841 6842
f 6844 6843 6983
f 6844 6983 6984
f 6845 6985 6986
f 6845 6986 6846
f 6844 6984 6985
f 6844 6985 6845
f 6984 6983 6986
f 6984 6986 6985
f 6983 6843 6846
f 6983 6846 6986
f 6843 6844 6845
f 6843 6845 6846
f 6848 6847 6987
f 6848 6987 6988
f 6849 6989 6990
f 6849 6990 6850
f 6848 6988 6989
f 6848 6989 6849
f 6988 6987 6990
f 6988 6990 6989
f 6987 6847 6850
f 6987 6850 6990
f 6847 6848 6849
f 6847 6849 6850
f 6852 6851 6991
f 6852 6991 6992
f 6853 6993 6994
f 6853 6994 6854
f 6852 6992 6993
f 6852 6993 6853
f 6992 6991 6994
f 6992 6994 6993
f 6991 6851 6854
f 6991 6854 6994
f 6851 6852 6853
f 6851 6853 6854
f 6856 6855 6995
f 6856 6995 6996
f 6857 6997 6998
f 6857 6998 6858
f 6856 6996 6997
f 6856 6997 6857
f 6996 6995 6998
f 6996 6998 6997
f 6995 6855 6858
f 6995 6858 6998
f 6855 6856 6857
f 6855 6857 6858
f 6860 6859 6999
f 6860 6999 7000
f 6861 7001 7002
f 6861 7002 6862
f 6860 7000 7001
f 6860 7001 6861
f 7000 6999 7002
f 7000 7002 7001
f 6999 6859 6862
f 6999 6862 7002
f 6859 6860 6861
f 6859 6861 6862
f 6864 6863 7003
f 6864 7003 7004
f 6865 7005 7006
f 6865 7006 6866
f 6864 7004 7005
f 6864 7005 6865
f 7004 7003 7006
f 7004 7006 7005
f 7003 6863 6866
f 7003 6866 7006
f 6863 6864 6865
f 6863 6865 6866
f 6868 6867 7007
f 6868 7007 7008
f 6869 7009 7010
f 6869 7010 6870
f 6868 7008 7009
f 6868 7009 6869
f 7008 7007 7010
f 7008 7010 7009
f 7007 6867 6870
f 7007 6870 7010
f 6867 6868 6869
f 6867 6869 6870
f 6872 6871 7011
f 6872 7011 7012
f 6873 7013 7014
f 6873 7014 6874
f 6872 7012 7013
f 6872 7013 6873
f 7012 7011 7014
f 7012 7014 7013
f 7011 6871 6874
f 7011 6874 7014
f 6871 6872 6873
f 6871 6873 6874
f 6876 6875 7015
f 6876 7015 7016
f 6877 7017 7018
f 6877 7018 6878
f 6876 7016 7017
f 6876 7017 6877
f 7016 7015 7018
f 7016 7018 7017
f 7015 6875 6878
f 7015 6878 7018
f 6875 6876 6877
f 6875 6877 6878
f 6880 6879 7019
f 6880 7019 7020
f 6881 7021 7022
f 6881 7022 6882
f 6880 7020 7021
f 6880 7021 6881
f 7020 7019 7022
f 7020 7022 7021
f 7019 6879 6882
f 7019 6882 7022
f 6879 6880 6881
f 6879 6881 6882
f 6884 6883 7023
f 6884 7023 7024
f 6885 7025 7026
f 6885 7026 6886
f 6884 7024 7025
f 6884 7025 6885
f 7024 7023 7026
f 7024 7026 7025
f 7023 6883 6886
f 7023 6886 7026
f 6883 6884 6885
f 6883 6885 6886
f 6883 6887 7027
f 6883 7027 7023
f 6886 7026 7028
f 6886 7028 6888
f 6883 7023 7026
f 6883 7026 6886
f 7023 7027 7028
f 7023 7028 7026
f 7027 6887 6888
f 7027 6888 7028
f 6887 6883 6886
f 6887 6886 6888
f 6887 6889 7029
f 6887 7029 7027
f 6888 7028 7030
f 6888 7030 6890
f 6887 7027 7028
f 6887 7028 6888
f 7027 7029 7030
f 7027 7030 7028
f 7029 6889 6890
f 7029 6890 7030
f 6889 6887 6888
f 6889 6888 6890
f 6892 6891 7031
f 6892 7031 7032
f 6893 7033 7034
f 6893 7034 6894
f 6892 7032 7033
f 6892 7033 6893
f 7032 7031 7034
f 7032 7034 7033
f 7031 6891 6894
f 7031 6894 7034
f 6891 6892 6893
f 6891 6893 6894
f 6896 6895 7035
f 6896 7035 7036
f 6897 7037 7038
f 6897 7038 6898
f 6896 7036 7037
f 6896 7037 6897
f 7036 7035 7038
f 7036 7038 7037
f 7035 6895 6898
f 7035 6898 7038
f 6895 6896 6897
f 6895 6897 6898
f 6895 6899 7039
f 6895 7039 7035
f 6898 7038 7040
f 6898 7040 6900
f 6895 7035 7038
f 6895 7038 6898
f 7035 7039 7040
f 7035 7040 7038
f 7039 6899 6900
f 7039 6900 7040
f 6899 6895 6898
f 6899 6898 6900
f 6902 6901 7041
f 6902 7041 7042
f 6903 7043 7044
f 6903 7044 6904
f 6902 7042 7043
f 6902 7043 6903
f 7042 7041 7044
f 7042 7044 7043
f 7041 6901 6904
f 7041 6904 7044
f 6901 6902 6903
f 6901 6903 6904
f 6901 6905 7045
f 6901 7045 7041
f 6904 7044 7046
f 6904 7046 6906
f 6901 7041 7044
f 6901 7044 6904
f 7041 7045 7046
f 7041 7046 7044
f 7045 6905 6906
f 7045 6906 7046
f 6905 6901 6904
f 6905 6904 6906
f 6908 6907 7047
f 6908 7047 7048
f 6909 7049 7050
f 6909 7050 6910
f 6908 7048 7049
f 6908 7049 6909
f 7048 7047 7050
f 7048 7050 7049
f 7047 6907 6910
f 7047 6910 7050
f 6907 6908 6909
f 6907 6909 6910
f 6912 6911 7051
f 6912 7051 7052
f 6913 7053 7054
f 6913 7054 6914
f 6912 7052 7053
f 6912 7053 6913
f 7052 7051 7054
f 7052 7054 7053
f 7051 6911 6914
f 7051 6914 7054
f 6911 6912 6913
f 6911 6913 6914
f 6916 6915 7055
f 6916 7055 7056
f 6917 7057 7058
f 6917 7058 6918
f 6916 7056 7057
f 6916 7057 6917
f 7056 7055 7058
f 7056 7058 7057
f 7055 6915 6918
f 7055 6918 7058
f 6915 6916 6917
f 6915 6917 6918
f 6920 6919 7059
f 6920 7059 7060
f 6921 7061 7062
f 6921 7062 6922
f 6920 7060 7061
f 6920 7061 6921
f 7060 7059 7062
f 7060 7062 7061
f 7059 6919 6922
f 7059 6922 7062
f 6919 6920 6921
f 6919 6921 6922
f 6924 6923 7063
f 6924 7063 7064
f 6925 7065 7066
f 6925 7066 6926
f 6924 7064 7065
f 6924 7065 6925
f 7064 7063 7066
f 7064 7066 7065
f 7063 6923 6926
f 7063 6926 7066
f 6923 6924 6925
f 6923 6925 6926
f 6928 6927 7067
f 6928 7067 7068
f 6929 7069 7070
f 6929 7070 6930
f 6928 7068 7069
f 6928 7069 6929
f 7068 7067 7070
f 7068 7070 7069
f 7067 6927 6930
f 7067 6930 7070
f 6927 6928 6929
f 6927 6929 6930
f 6932 6931 7071
f 6932 7071 7072
f 6933 7073 7074
f 6933 7074 6934
f 6932 7072 7073
f 6932 7073 6933
f 7072 7071 7074
f 7072 7074 7073
f 7071 6931 6934
f 7071 6934 7074
f 6931 6932 6933
f 6931 6933 6934
f 6936 6935 7075
f 6936 7075 7076
f 6937 7077 7078
f 6937 7078 6938
f 6936 7076 7077
f 6936 7077 6937
f 7076 7075 7078
f 7076 7078 7077
f 7075 6935 6938
f 7075 6938 7078
f 6935 6936 6937
f 6935 6937 6938
f 6940 6939 7079
f 6940 7079 7080
f 6941 7081 7082
f 6941 7082 6942
f 6940 7080 7081
f 6940 7081 6941
f 7080 7079 7082
f 7080 7082 7081
f 7079 6939 6942
f 7079 6942 7082
f 6939 6940 6941
f 6939 6941 6942
f 6944 6943 7083
f 6944 7083 7084
f 6945 7085 7086
f 6945 7086 6946
f 6944 7084 7085
f 6944 7085 6945
f 7084 7083 7086
f 7084 7086 7085
f 7083 6943 6946
f 7083 6946 7086
f 6943 6944 6945
f 6943 6945 6946
f 6948 6947 7087
f 6948 7087 7088
f 6949 7089 7090
f 6949 7090 6950
f 6948 7088 7089
f 6948 7089 6949
f 7088 7087 7090
f 7088 7090 7089
f 7087 6947 6950
f 7087 6950 7090
f 6947 6948 6949
f 6947 6949 6950
f 6952 6951 7091
f 6952 7091 7092
f 6953 7093 7094
f 6953 7094 6954
f 6952 7092 7093
f 6952 7093 6953
f 7092 7091 7094
f 7092 7094 7093
f 7091 6951 6954
f 7091 6954 7094
f 6951 6952 6953
f 6951 6953 6954
f 6956 6955 7095
f 6956 7095 7096
f 6957 7097 7098
f 6957 7098 6958
f 6956 7096 7097
f 6956 7097 6957
f 7096 7095 7098
f 7096 7098 7097
f 7095 6955 6958
f 7095 6958 7098
f 6955 6956 6957
f 6955 6957 6958
f 6960 6959 7099
f 6960 7099 7100
f 6961 7101 7102
f 6961 7102 6962
f 6960 7100 7101
f 6960 7101 6961
f 7100 7099 7102
f 7100 7102 7101
f 7099 6959 6962
f 7099 6962 7102
f 6959 6960 6961
f 6959 6961 6962
f 6964 6963 7103
f 6964 7103 7104
f 6965 7105 7106
f 6965 7106 6966
f 6964 7104 7105
f 6964 7105 6965
f 7104 7103 7106
f 7104 7106 7105
f 7103 6963 6966
f 7103 6966 7106
f 6963 6964 6965
f 6963 6965 6966
f 6968 6967 7107
f 6968 7107 7108
f 6969 7109 7110
f 6969 7110 6970
f 6968 7108 7109
f 6968 7109 6969
f 7108 7107 7110
f 7108 7110 7109
f 7107 6967 6970
f 7107 6970 7110
f 6967 6968 6969
f 6967 6969 6970
f 6972 6971 7111
f 6972 7111 7112
f 6973 7113 7114
f 6973 7114 6974
f 6972 7112 7113
f 6972 7113 6973
f 7112 7111 7114
f 7112 7114 7113
f 7111 6971 6974
f 7111 6974 7114
f 6971 6972 6973
f 6971 6973 6974
f 6976 6975 7115
f 6976 7115 7116
f 6977 7117 7118
f 6977 7118 6978
f 6976 7116 7117
f 6976 7117 6977
f 7116 7115 7118
f 7116 7118 7117
f 7115 6975 6978
f 7115 6978 7118
f 6975 6976 6977
f 6975 6977 6978
f 6980 6979 7119
f 6980 7119 7120
f 6981 7121 7122
f 6981 7122 6982
f 6980 7120 7121
f 6980 7121 6981
f 7120 7119 7122
f 7120 7122 7121
f 7119 6979 6982
f 7119 6982 7122
f 6979 6980 6981
f 6979 6981 6982
f 6984 6983 7123
f 6984 7123 7124
f 6985 7125 7126
f 6985 7126 6986
f 6984 7124 7125
f 6984 7125 6985
f 7124 7123 7126
f 7124 7126 7125
f 7123 6983 6986
f 7123 6986 7126
f 6983 6984 6985
f 6983 6985 6986
f 6988 6987 7127
f 6988 7127 7128
f 6989 7129 7130
f 6989 7130 6990
f 6988 7128 7129
f 6988 7129 6989
f 7128 7127 7130
f 7128 7130 7129
f 7127 6987 6990
f 7127 6990 7130
f 6987 6988 6989
f 6987 6989 6990
f 6992 6991 7131
f 6992 7131 7132
f 6993 7133 7134
f 6993 7134 6994
f 6992 7132 7133
f 6992 7133 6993
f 7132 7131 7134
f 7132 7134 7133
f 7131 6991 6994
f 7131 6994 7134
f 6991 6992 6993
f 6991 6993 6994
f 6996 6995 7135
f 6996 7135 7136
f 6997 7137 7138
f 6997 7138 6998
f 6996 7136 7137
f 6996 7137 6997
f 7136 7135 7138
f 7136 7138 7137
f 7135 6995 6998
f 7135 6998 7138
f 6995 6996 6997
f 6995 6997 6998
f 7000 6999 7139
f 7000 7139 7140
f 7001 7141 7142
f 7001 7142 7002
f 7000 7140 7141
f 7000 7141 7001
f 7140 7139 7142
f 7140 7142 7141
f 7139 6999 7002
f 7139 7002 7142
f 6999 7000 7001
f 6999 7001 7002
f 7004 7003 7143
f 7004 7143 7144
f 7005 7145 7146
f 7005 7146 7006
f 7004 7144 7145
f 7004 7145 7005
f 7144 7143 7146
f 7144 7146 7145
f 7143 7003 7006
f 7143 7006 7146
f 7003 7004 7005
f 7003 7005 7006
f 7008 7007 7147
f 7008 7147 7148
f 7009 7149 7150
f 7009 7150 7010
f 7008 7148 7149
f 7008 7149 7009
f 7148 7147 7150
f 7148 7150 7149
f 7147 7007 7010
f 7147 7010 7150
f 7007 7008 7009
f 7007 7009 7010
f 7012 7011 7151
f 7012 7151 7152
f 7013 7153 7154
f 7013 7154 7014
f 7012 7152 7153
f 7012 7153 7013
f 7152 7151 7154
f 7152 7154 7153
f 7151 7011 7014
f 7151 7014 7154
f 7011 7012 7013
f 7011 7013 7014
f 7016 7015 7155
f 7016 7155 7156
f 7017 7157 7158
f 7017 7158 7018
f 7016 7156 7157
f 7016 7157 7017
f 7156 7155 7158
f 7156 7158 7157
f 7155 7015 7018
f 7155 7018 7158
f 7015 7016 7017
f 7015 7017 7018
f 7020 7019 7159
f 7020 7159 7160
f 7021 7161 7162
f 7021 7162 7022
f 7020 7160 7161
f 7020 7161 7021
f 7160 7159 7162
f 7160 7162 7161
f 7159 7019 7022
f 7159 7022 7162
f 7019 7020 7021
f 7019 7021 7022
f 7024 7023 7163
f 7024 7163 7164
f 7025 7165 7166
f 7025 7166 7026
f 7024 7164 7165
f 7024 7165 7025
f 7164 7163 7166
f 7164 7166 7165
f 7163 7023 7026
f 7163 7026 7166
f 7023 7024 7025
f 7023 7025 7026
f 7023 7027 7167
f 7023 7167 7163
f 7026 7166 7168
f 7026 7168 7028
f 7023 7163 7166
f 7023 7166 7026
f 7163 7167 7168
f 7163 7168 7166
f 7167 7027 7028
f 7167 7028 7168
f 7027 7023 7026
f 7027 7026 7028
f 7027 7029 7169
f 7027 7169 7167
f 7028 7168 7170
f 7028 7170 7030
f 7027 7167 7168
f 7027 7168 7028
f 7167 7169 7170
f 7167 7170 7168
f 7169 7029 7030
f 7169 7030 7170
f 7029 7027 7028
f 7029 7028 7030
f 7032 7031 7171
f 7032 7171 7172
f 7033 7173 7174
f 7033 7174 7034
f 7032 7172 7173
f 7032 7173 7033
f 7172 7171 7174
f 7172 7174 7173
f 7171 7031 7034
f 7171 7034 7174
f 7031 7032 7033
f 7031 7033 7034
f 7036 7035 7175
f 7036 7175 7176
f 7037 7177 7178
f 7037 7178 7038
f 7036 7176 7177
f 7036 7177 7037
f 7176 7175 7178
f 7176 7178 7177
f 7175 7035 7038
f 7175 7038 7178
f 7035 7036 7037
f 7035 7037 7038
f 7035 7039 7179
f 7035 7179 7175
f 7038 7178 7180
f 7038 7180 7040
f 7035 7175 7178
f 7035 7178 7038
f 7175 7179 7180
f 7175 7180 7178
f 7179 7039 7040
f 7179 7040 7180
f 7039 7035 7038
f 7039 7038 7040
f 7042 7041 7181
f 7042 7181 7182
f 7043 7183 7184
f 7043 7184 7044
f 7042 7182 7183
f 7042 7183 7043
f 7182 7181 7184
f 7182 7184 7183
f 7181 7041 7044
f 7181 7044 7184
f 7041 7042 7043
f 7041 7043 7044
f 7041 7045 7185
f 7041 7185 7181
f 7044 7184 7186
f 7044 7186 7046
f 7041 7181 7184
f 7041 7184 7044
f 7181 7185 7186
f 7181 7186 7184
f 7185 7045 7046
f 7185 7046 7186
f 7045 7041 7044
f 7045 7044 7046
f 7048 7047 7187
f 7048 7187 7188
f 7049 7189 7190
f 7049 7190 7050
f 7048 7188 7189
f 7048 7189 7049
f 7188 7187 7190
f 7188 7190 7189
f 7187 7047 7050
f 7187 7050 7190
f 7047 7048 7049
f 7047 7049 7050
f 7047 7191 7192
f 7047 7192 7187
f 7050 7190 7193
f 7050 7193 7194
f 7047 7187 7190
f 7047 7190 7050
f 7187 7192 7193
f 7187 7193 7190
f 7192 7191 7194
f 7192 7194 7193
f 7191 7047 7050
f 7191 7050 7194
f 7191 7195 7196
f 7191 7196 7192
f 7194 7193 7197
f 7194 7197 7198
f 7191 7192 7193
f 7191 7193 7194
f 7192 7196 7197
f 7192 7197 7193
f 7196 7195 7198
f 7196 7198 7197
f 7195 7191 7194
f 7195 7194 7198
f 7199 7200 7201
f 7199 7201 7202
f 7203 7204 7205
f 7203 7205 7206
f 7199 7202 7204
f 7199 7204 7203
f 7202 7201 7205
f 7202 7205 7204
f 7201 7200 7206
f 7201 7206 7205
f 7200 7199 7203
f 7200 7203 7206
f 7200 7207 7208
f 7200 7208 7201
f 7206 7205 7209
f 7206 7209 7210
f 7200 7201 7205
f 7200 7205 7206
f 7201 7208 7209
f 7201 7209 7205
f 7208 7207 7210
f 7208 7210 7209
f 7207 7200 7206
f 7207 7206 7210
f 7207 7211 7212
f 7207 7212 7208
f 7210 7209 7213
f 7210 7213 7214
f 7207 7208 7209
f 7207 7209 7210
f 7208 7212 7213
f 7208 7213 7209
f 7212 7211 7214
f 7212 7214 7213
f 7211 7207 7210
f 7211 7210 7214
f 7215 7052 7216
f 7215 7216 7217
f 7218 7219 7220
f 7218 7220 7053
f 7215 7217 7219
f 7215 7219 7218
f 7217 7216 7220
f 7217 7220 7219
f 7216 7052 7053
f 7216 7053 7220
f 7052 7215 7218
f 7052 7218 7053
f 7052 7051 7221
f 7052 7221 7216
f 7053 7220 7222
f 7053 7222 7054
f 7052 7216 7220
f 7052 7220 7053
f 7216 7221 7222
f 7216 7222 7220
f 7221 7051 7054
f 7221 7054 7222
f 7051 7052 7053
f 7051 7053 7054
f 7051 7223 7224
f 7051 7224 7221
f 7054 7222 7225
f 7054 7225 7226
f 7051 7221 7222
f 7051 7222 7054
f 7221 7224 7225
f 7221 7225 7222
f 7224 7223 7226
f 7224 7226 7225
f 7223 7051 7054
f 7223 7054 7226
f 7227 7228 7229
f 7227 7229 7230
f 7231 7232 7233
f 7231 7233 7234
f 7227 7230 7232
f 7227 7232 7231
f 7230 7229 7233
f 7230 7233 7232
f 7229 7228 7234
f 7229 7234 7233
f 7228 7227 7231
f 7228 7231 7234
f 7235 7236 7237
f 7235 7237 7238
f 7239 7240 7241
f 7239 7241 7242
f 7235 7238 7240
f 7235 7240 7239
f 7238 7237 7241
f 7238 7241 7240
f 7237 7236 7242
f 7237 7242 7241
f 7236 7235 7239
f 7236 7239 7242
f 7243 7244 7245
f 7243 7245 7246
f 7247 7248 7249
f 7247 7249 7250
f 7243 7246 7248
f 7243 7248 7247
f 7246 7245 7249
f 7246 7249 7248
f 7245 7244 7250
f 7245 7250 7249
f 7244 7243 7247
f 7244 7247 7250
f 7251 7252 7253
f 7251 7253 7254
f 7255 7256 7257
f 7255 7257 7258
f 7251 7254 7256
f 7251 7256 7255
f 7254 7253 7257
f 7254 7257 7256
f 7253 7252 7258
f 7253 7258 7257
f 7252 7251 7255
f 7252 7255 7258
f 7259 7260 7261
f 7259 7261 7262
f 7263 7264 7265
f 7263 7265 7266
f 7259 7262 7264
f 7259 7264 7263
f 7262 7261 7265
f 7262 7265 7264
f 7261 7260 7266
f 7261 7266 7265
f 7260 7259 7263
f 7260 7263 7266
f 7056 7055 7267
f 7056 7267 7268
f 7057 7269 7270
f 7057 7270 7058
f 7056 7268 7269
f 7056 7269 7057
f 7268 7267 7270
f 7268 7270 7269
f 7267 7055 7058
f 7267 7058 7270
f 7055 7056 7057
f 7055 7057 7058
f 7060 7059 7271
f 7060 7271 7272
f 7061 7273 7274
f 7061 7274 7062
f 7060 7272 7273
f 7060 7273 7061
f 7272 7271 7274
f 7272 7274 7273
f 7271 7059 7062
f 7271 7062 7274
f 7059 7060 7061
f 7059 7061 7062
f 7064 7063 7275
f 7064 7275 7276
f 7065 7277 7278
f 7065 7278 7066
f 7064 7276 7277
f 7064 7277 7065
f 7276 7275 7278
f 7276 7278 7277
f 7275 7063 7066
f 7275 7066 7278
f 7063 7064 7065
f 7063 7065 7066
f 7068 7067 7279
f 7068 7279 7280
f 7069 7281 7282
f 7069 7282 7070
f 7068 7280 7281
f 7068 7281 7069
f 7280 7279 7282
f 7280 7282 7281
f 7279 7067 7070
f 7279 7070 7282
f 7067 7068 7069
f 7067 7069 7070
f 7072 7071 7283
f 7072 7283 7284
f 7073 7285 7286
f 7073 7286 7074
f 7072 7284 7285
f 7072 7285 7073
f 7284 7283 7286
f 7284 7286 7285
f 7283 7071 7074
f 7283 7074 7286
f 7071 7072 7073
f 7071 7073 7074
f 7076 7075 7287
f 7076 7287 7288
f 7077 7289 7290
f 7077 7290 7078
f 7076 7288 7289
f 7076 7289 7077
f 7288 7287 7290
f 7288 7290 7289
f 7287 7075 7078
f 7287 7078 7290
f 7075 7076 7077
f 7075 7077 7078
f 7080 7079 7291
f 7080 7291 7292
f 7081 7293 7294
f 7081 7294 7082
f 7080 7292 7293
f 7080 7293 7081
f 7292 7291 7294
f 7292 7294 7293
f 7291 7079 7082
f 7291 7082 7294
f 7079 7080 7081
f 7079 7081 7082
f 7084 7083 7295
f 7084 7295 7296
f 7085 7297 7298
f 7085 7298 7086
f 7084 7296 7297
f 7084 7297 7085
f 7296 7295 7298
f 7296 7298 7297
f 7295 7083 7086
f 7295 7086 7298
f 7083 7084 7085
f 7083 7085 7086
f 7088 7087 7299
f 7088 7299 7300
f 7089 7301 7302
f 7089 7302 7090
f 7088 7300 7301
f 7088 7301 7089
f 7300 7299 7302
f 7300 7302 7301
f 7299 7087 7090
f 7299 7090 7302
f 7087 7088 7089
f 7087 7089 7090
f 7092 7091 7303
f 7092 7303 7304
f 7093 7305 7306
f 7093 7306 7094
f 7092 7304 7305
f 7092 7305 7093
f 7304 7303 7306
f 7304 7306 7305
f 7303 7091 7094
f 7303 7094 7306
f 7091 7092 7093
f 7091 7093 7094
f 7096 7095 7307
f 7096 7307 7308
f 7097 7309 7310
f 7097 7310 7098
f 7096 7308 7309
f 7096 7309 7097
f 7308 7307 7310
f 7308 7310 7309
f 7307 7095 7098
f 7307 7098 7310
f 7095 7096 7097
f 7095 7097 7098
f 7100 7099 7311
f 7100 7311 7312
f 7101 7313 7314
f 7101 7314 7102
f 7100 7312 7313
f 7100 7313 7101
f 7312 7311 7314
f 7312 7314 7313
f 7311 7099 7102
f 7311 7102 7314
f 7099 7100 7101
f 7099 7101 7102
f 7104 7103 7315
f 7104 7315 7316
f 7105 7317 7318
f 7105 7318 7106
f 7104 7316 7317
f 7104 7317 7105
f 7316 7315 7318
f 7316 7318 7317
f 7315 7103 7106
f 7315 7106 7318
f 7103 7104 7105
f 7103 7105 7106
f 7108 7107 7319
f 7108 7319 7320
f 7109 7321 7322
f 7109 7322 7110
f 7108 7320 7321
f 7108 7321 7109
f 7320 7319 7322
f 7320 7322 7321
f 7319 7107 7110
f 7319 7110 7322
f 7107 7108 7109
f 7107 7109 7110
f 7112 7111 7323
f 7112 7323 7324
f 7113 7325 7326
f 7113 7326 7114
f 7112 7324 7325
f 7112 7325 7113
f 7324 7323 7326
f 7324 7326 7325
f 7323 7111 7114
f 7323 7114 7326
f 7111 7112 7113
f 7111 7113 7114
f 7116 7115 7327
f 7116 7327 7328
f 7117 7329 7330
f 7117 7330 7118
f 7116 7328 7329
f 7116 7329 7117
f 7328 7327 7330
f 7328 7330 7329
f 7327 7115 7118
f 7327 7118 7330
f 7115 7116 7117
f 7115 7117 7118
f 7120 7119 7331
f 7120 7331 7332
f 7121 7333 7334
f 7121 7334 7122
f 7120 7332 7333
f 7120 7333 7121
f 7332 7331 7334
f 7332 7334 7333
f 7331 7119 7122
f 7331 7122 7334
f 7119 7120 7121
f 7119 7121 7122
f 7124 7123 7335
f 7124 7335 7336
f 7125 7337 7338
f 7125 7338 7126
f 7124 7336 7337
f 7124 7337 7125
f 7336 7335 7338
f 7336 7338 7337
f 7335 7123 7126
f 7335 7126 7338
f 7123 7124 7125
f 7123 7125 7126
f 7128 7127 7339
f 7128 7339 7340
f 7129 7341 7342
f 7129 7342 7130
f 7128 7340 7341
f 7128 7341 7129
f 7340 7339 7342
f 7340 7342 7341
f 7339 7127 7130
f 7339 7130 7342
f 7127 7128 7129
f 7127 7129 7130
f 7132 7131 7343
f 7132 7343 7344
f 7133 7345 7346
f 7133 7346 7134
f 7132 7344 7345
f 7132 7345 7133
f 7344 7343 7346
f 7344 7346 7345
f 7343 7131 7134
f 7343 7134 7346
f 7131 7132 7133
f 7131 7133 7134
f 7136 7135 7347
f 7136 7347 7348
f 7137 7349 7350
f 7137 7350 7138
f 7136 7348 7349
f 7136 7349 7137
f 7348 7347 7350
f 7348 7350 7349
f 7347 7135 7138
f 7347 7138 7350
f 7135 7136 7137
f 7135 7137 7138
f 7140 7139 7351
f 7140 7351 7352
f 7141 7353 7354
f 7141 7354 7142
f 7140 7352 7353
f 7140 7353 7141
f 7352 7351 7354
f 7352 7354 7353
f 7351 7139 7142
f 7351 7142 7354
f 7139 7140 7141
f 7139 7141 7142
f 7144 7143 7355
f 7144 7355 7356
f 7145 7357 7358
f 7145 7358 7146
f 7144 7356 7357
f 7144 7357 7145
f 7356 7355 7358
f 7356 7358 7357
f 7355 7143 7146
f 7355 7146 7358
f 7143 7144 7145
f 7143 7145 7146
f 7148 7147 7359
f 7148 7359 7360
f 7149 7361 7362
f 7149 7362 7150
f 7148 7360 7361
f 7148 7361 7149
f 7360 7359 7362
f 7360 7362 7361
f 7359 7147 7150
f 7359 7150 7362
f 7147 7148 7149
f 7147 7149 7150
f 7152 7151 7363
f 7152 7363 7364
f 7153 7365 7366
f 7153 7366 7154
f 7152 7364 7365
f 7152 7365 7153
f 7364 7363 7366
f 7364 7366 7365
f 7363 7151 7154
f 7363 7154 7366
f 7151 7152 7153
f 7151 7153 7154
f 7156 7155 7367
f 7156 7367 7368
f 7157 7369 7370
f 7157 7370 7158
f 7156 7368 7369
f 7156 7369 7157
f 7368 7367 7370
f 7368 7370 7369
f 7367 7155 7158
f 7367 7158 7370
f 7155 7156 7157
f 7155 7157 7158
f 7163 7167 7371
f 7163 7371 7372
f 7166 7373 7374
f 7166 7374 7168
f 7163 7372 7373
f 7163 7373 7166
f 7372 7371 7374
f 7372 7374 7373
f 7371 7167 7168
f 7371 7168 7374
f 7167 7163 7166
f 7167 7166 7168
f 7167 7169 7375
f 7167 7375 7371
f 7168 7374 7376
f 7168 7376 7170
f 7167 7371 7374
f 7167 7374 7168
f 7371 7375 7376
f 7371 7376 7374
f 7375 7169 7170
f 7375 7170 7376
f 7169 7167 7168
f 7169 7168 7170
f 7172 7171 7377
f 7172 7377 7378
f 7173 7379 7380
f 7173 7380 7174
f 7172 7378 7379
f 7172 7379 7173
f 7378 7377 7380
f 7378 7380 7379
f 7377 7171 7174
f 7377 7174 7380
f 7171 7172 7173
f 7171 7173 7174
f 7176 7175 7381
f 7176 7381 7382
f 7177 7383 7384
f 7177 7384 7178
f 7176 7382 7383
f 7176 7383 7177
f 7382 7381 7384
f 7382 7384 7383
f 7381 7175 7178
f 7381 7178 7384
f 7175 7176 7177
f 7175 7177 7178
f 7175 7179 7385
f 7175 7385 7381
f 7178 7384 7386
f 7178 7386 7180
f 7175 7381 7384
f 7175 7384 7178
f 7381 7385 7386
f 7381 7386 7384
f 7385 7179 7180
f 7385 7180 7386
f 7179 7175 7178
f 7179 7178 7180
f 7182 7181 7387
f 7182 7387 7388
f 7183 7389 7390
f 7183 7390 7184
f 7182 7388 7389
f 7182 7389 7183
f 7388 7387 7390
f 7388 7390 7389
f 7387 7181 7184
f 7387 7184 7390
f 7181 7182 7183
f 7181 7183 7184
f 7181 7185 7391
f 7181 7391 7387
f 7184 7390 7392
f 7184 7392 7186
f 7181 7387 7390
f 7181 7390 7184
f 7387 7391 7392
f 7387 7392 7390
f 7391 7185 7186
f 7391 7186 7392
f 7185 7181 7184
f 7185 7184 7186
f 7188 7187 7393
f 7188 7393 7394
f 7189 7395 7396
f 7189 7396 7190
f 7188 7394 7395
f 7188 7395 7189
f 7394 7393 7396
f 7394 7396 7395
f 7393 7187 7190
f 7393 7190 7396
f 7187 7188 7189
f 7187 7189 7190
f 7208 7212 7397
f 7208 7397 7398
f 7209 7399 7400
f 7209 7400 7213
f 7208 7398 7399
f 7208 7399 7209
f 7398 7397 7400
f 7398 7400 7399
f 7397 7212 7213
f 7397 7213 7400
f 7212 7208 7209
f 7212 7209 7213
f 7217 7216 7401
f 7217 7401 7402
f 7219 7403 7404
f 7219 7404 7220
f 7217 7402 7403
f 7217 7403 7219
f 7402 7401 7404
f 7402 7404 7403
f 7401 7216 7220
f 7401 7220 7404
f 7216 7217 7219
f 7216 7219 7220
f 7216 7221 7405
f 7216 7405 7401
f 7220 7404 7406
f 7220 7406 7222
f 7216 7401 7404
f 7216 7404 7220
f 7401 7405 7406
f 7401 7406 7404
f 7405 7221 7222
f 7405 7222 7406
f 7221 7216 7220
f 7221 7220 7222
f 7221 7224 7407
f 7221 7407 7405
f 7222 7406 7408
f 7222 7408 7225
f 7221 7405 7406
f 7221 7406 7222
f 7405 7407 7408
f 7405 7408 7406
f 7407 7224 7225
f 7407 7225 7408
f 7224 7221 7222
f 7224 7222 7225
f 7230 7229 7409
f 7230 7409 7410
f 7232 7411 7412
f 7232 7412 7233
f 7230 7410 7411
f 7230 7411 7232
f 7410 7409 7412
f 7410 7412 7411
f 7409 7229 7233
f 7409 7233 7412
f 7229 7230 7232
f 7229 7232 7233
f 7238 7237 7413
f 7238 7413 7414
f 7240 7415 7416
f 7240 7416 7241
f 7238 7414 7415
f 7238 7415 7240
f 7414 7413 7416
f 7414 7416 7415
f 7413 7237 7241
f 7413 7241 7416
f 7237 7238 7240
f 7237 7240 7241
f 7246 7245 7417
f 7246 7417 7418
f 7248 7419 7420
f 7248 7420 7249
f 7246 7418 7419
f 7246 7419 7248
f 7418 7417 7420
f 7418 7420 7419
f 7417 7245 7249
f 7417 7249 7420
f 7245 7246 7248
f 7245 7248 7249
f 7254 7253 7421
f 7254 7421 7422
f 7256 7423 7424
f 7256 7424 7257
f 7254 7422 7423
f 7254 7423 7256
f 7422 7421 7424
f 7422 7424 7423
f 7421 7253 7257
f 7421 7257 7424
f 7253 7254 7256
f 7253 7256 7257
f 7262 7261 7425
f 7262 7425 7426
f 7264 7427 7428
f 7264 7428 7265
f 7262 7426 7427
f 7262 7427 7264
f 7426 7425 7428
f 7426 7428 7427
f 7425 7261 7265
f 7425 7265 7428
f 7261 7262 7264
f 7261 7264 7265
f 7268 7267 7429
f 7268 7429 7430
f 7269 7431 7432
f 7269 7432 7270
f 7268 7430 7431
f 7268 7431 7269
f 7430 7429 7432
f 7430 7432 7431
f 7429 7267 7270
f 7429 7270 7432
f 7267 7268 7269
f 7267 7269 7270
f 7272 7271 7433
f 7272 7433 7434
f 7273 7435 7436
f 7273 7436 7274
f 7272 7434 7435
f 7272 7435 7273
f 7434 7433 7436
f 7434 7436 7435
f 7433 7271 7274
f 7433 7274 7436
f 7271 7272 7273
f 7271 7273 7274
f 7276 7275 7437
f 7276 7437 7438
f 7277 7439 7440
f 7277 7440 7278
f 7276 7438 7439
f 7276 7439 7277
f 7438 7437 7440
f 7438 7440 7439
f 7437 7275 7278
f 7437 7278 7440
f 7275 7276 7277
f 7275 7277 7278
f 7280 7279 7441
f 7280 7441 7442
f 7281 7443 7444
f 7281 7444 7282
f 7280 7442 7443
f 7280 7443 7281
f 7442 7441 7444
f 7442 7444 7443
f 7441 7279 7282
f 7441 7282 7444
f 7279 7280 7281
f 7279 7281 7282
f 7284 7283 7445
f 7284 7445 7446
f 7285 7447 7448
f 7285 7448 7286
f 7284 7446 7447
f 7284 7447 7285
f 7446 7445 7448
f 7446 7448 7447
f 7445 7283 7286
f 7445 7286 7448
f 7283 7284 7285
f 7283 7285 7286
f 7288 7287 7449
f 7288 7449 7450
f 7289 7451 7452
f 7289 7452 7290
f 7288 7450 7451
f 7288 7451 7289
f 7450 7449 7452
f 7450 7452 7451
f 7449 7287 7290
f 7449 7290 7452
f 7287 7288 7289
f 7287 7289 7290
f 7292 7291 7453
f 7292 7453 7454
f 7293 7455 7456
f 7293 7456 7294
f 7292 7454 7455
f 7292 7455 7293
f 7454 7453 7456
f 7454 7456 7455
f 7453 7291 7294
f 7453 7294 7456
f 7291 7292 7293
f 7291 7293 7294
f 7296 7295 7457
f 7296 7457 7458
f 7297 7459 7460
f 7297 7460 7298
f 7296 7458 7459
f 7296 7459 7297
f 7458 7457 7460
f 7458 7460 7459
f 7457 7295 7298
f 7457 7298 7460
f 7295 7296 7297
f 7295 7297 7298
f 7300 7299 7461
f 7300 7461 7462
f 7301 7463 7464
f 7301 7464 7302
f 7300 7462 7463
f 7300 7463 7301
f 7462 7461 7464
f 7462 7464 7463
f 7461 7299 7302
f 7461 7302 7464
f 7299 7300 7301
f 7299 7301 7302
f 7304 7303 7465
f 7304 7465 7466
f 7305 7467 7468
f 7305 7468 7306
f 7304 7466 7467
f 7304 7467 7305
f 7466 7465 7468
f 7466 7468 7467
f 7465 7303 7306
f 7465 7306 7468
f 7303 7304 7305
f 7303 7305 7306
f 7308 7307 7469
f 7308 7469 7470
f 7309 7471 7472
f 7309 7472 7310
f 7308 7470 7471
f 7308 7471 7309
f 7470 7469 7472
f 7470 7472 7471
f 7469 7307 7310
f 7469 7310 7472
f 7307 7308 7309
f 7307 7309 7310
f 7312 7311 7473
f 7312 7473 7474
f 7313 7475 7476
f 7313 7476 7314
f 7312 7474 7475
f 7312 7475 7313
f 7474 7473 7476
f 7474 7476 7475
f 7473 7311 7314
f 7473 7314 7476
f 7311 7312 7313
f 7311 7313 7314
f 7316 7315 7477
f 7316 7477 7478
f 7317 7479 7480
f 7317 7480 7318
f 7316 7478 7479
f 7316 7479 7317
f 7478 7477 7480
f 7478 7480 7479
f 7477 7315 7318
f 7477 7318 7480
f 7315 7316 7317
f 7315 7317 7318
f 7320 7319 7481
f 7320 7481 7482
f 7321 7483 7484
f 7321 7484 7322
f 7320 7482 7483
f 7320 7483 7321
f 7482 7481 7484
f 7482 7484 7483
f 7481 7319 7322
f 7481 7322 7484
f 7319 7320 7321
f 7319 7321 7322
f 7324 7323 7485
f 7324 7485 7486
f 7325 7487 7488
f 7325 7488 7326
f 7324 7486 7487
f 7324 7487 7325
f 7486 7485 7488
f 7486 7488 7487
f 7485 7323 7326
f 7485 7326 7488
f 7323 7324 7325
f 7323 7325 7326
f 7328 7327 7489
f 7328 7489 7490
f 7329 7491 7492
f 7329 7492 7330
f 7328 7490 7491
f 7328 7491 7329
f 7490 7489 7492
f 7490 7492 7491
f 7489 7327 7330
f 7489 7330 7492
f 7327 7328 7329
f 7327 7329 7330
f 7332 7331 7493
f 7332 7493 7494
f 7333 7495 7496
f 7333 7496 7334
f 7332 7494 7495
f 7332 7495 7333
f 7494 7493 7496
f 7494 7496 7495
f 7493 7331 7334
f 7493 7334 7496
f 7331 7332 7333
f 7331 7333 7334
f 7336 7335 7497
f 7336 7497 7498
f 7337 7499 7500
f 7337 7500 7338
f 7336 7498 7499
f 7336 7499 7337
f 7498 7497 7500
f 7498 7500 7499
f 7497 7335 7338
f 7497 7338 7500
f 7335 7336 7337
f 7335 7337 7338
f 7340 7339 7501
f 7340 7501 7502
f 7341 7503 7504
f 7341 7504 7342
f 7340 7502 7503
f 7340 7503 7341
f 7502 7501 7504
f 7502 7504 7503
f 7501 7339 7342
f 7501 7342 7504
f 7339 7340 7341
f 7339 7341 7342
f 7344 7343 7505
f 7344 7505 7506
f 7345 7507 7508
f 7345 7508 7346
f 7344 7506 7507
f 7344 7507 7345
f 7506 7505 7508
f 7506 7508 7507
f 7505 7343 7346
f 7505 7346 7508
f 7343 7344 7345
f 7343 7345 7346
f 7348 7347 7509
f 7348 7509 7510
f 7349 7511 7512
f 7349 7512 7350
f 7348 7510 7511
f 7348 7511 7349
f 7510 7509 7512
f 7510 7512 7511
f 7509 7347 7350
f 7509 7350 7512
f 7347 7348 7349
f 7347 7349 7350
f 7352 7351 7513
f 7352 7513 7514
f 7353 7515 7516
f 7353 7516 7354
f 7352 7514 7515
f 7352 7515 7353
f 7514 7513 7516
f 7514 7516 7515
f 7513 7351 7354
f 7513 7354 7516
f 7351 7352 7353
f 7351 7353 7354
f 7356 7355 7517
f 7356 7517 7518
f 7357 7519 7520
f 7357 7520 7358
f 7356 7518 7519
f 7356 7519 7357
f 7518 7517 7520
f 7518 7520 7519
f 7517 7355 7358
f 7517 7358 7520
f 7355 7356 7357
f 7355 7357 7358
f 7360 7359 7521
f 7360 7521 7522
f 7361 7523 7524
f 7361 7524 7362
f 7360 7522 7523
f 7360 7523 7361
f 7522 7521 7524
f 7522 7524 7523
f 7521 7359 7362
f 7521 7362 7524
f 7359 7360 7361
f 7359 7361 7362
f 7364 7363 7525
f 7364 7525 7526
f 7365 7527 7528
f 7365 7528 7366
f 7364 7526 7527
f 7364 7527 7365
f 7526 7525 7528
f 7526 7528 7527
f 7525 7363 7366
f 7525 7366 7528
f 7363 7364 7365
f 7363 7365 7366
f 7368 7367 7529
f 7368 7529 7530
f 7369 7531 7532
f 7369 7532 7370
f 7368 7530 7531
f 7368 7531 7369
f 7530 7529 7532
f 7530 7532 7531
f 7529 7367 7370
f 7529 7370 7532
f 7367 7368 7369
f 7367 7369 7370
f 7372 7371 7533
f 7372 7533 7534
f 7373 7535 7536
f 7373 7536 7374
f 7372 7534 7535
f 7372 7535 7373
f 7534 7533 7536
f 7534 7536 7535
f 7533 7371 7374
f 7533 7374 7536
f 7371 7372 7373
f 7371 7373 7374
f 7371 7375 7537
f 7371 7537 7533
f 7374 7536 7538
f 7374 7538 7376
f 7371 7533 7536
f 7371 7536 7374
f 7533 7537 7538
f 7533 7538 7536
f 7537 7375 7376
f 7537 7376 7538
f 7375 7371 7374
f 7375 7374 7376
f 7378 7377 7539
f 7378 7539 7540
f 7379 7541 7542
f 7379 7542 7380
f 7378 7540 7541
f 7378 7541 7379
f 7540 7539 7542
f 7540 7542 7541
f 7539 7377 7380
f 7539 7380 7542
f 7377 7378 7379
f 7377 7379 7380
f 7382 7381 7543
f 7382 7543 7544
f 7383 7545 7546
f 7383 7546 7384
f 7382 7544 7545
f 7382 7545 7383
f 7544 7543 7546
f 7544 7546 7545
f 7543 7381 7384
f 7543 7384 7546
f 7381 7382 7383
f 7381 7383 7384
f 7381 7385 7547
f 7381 7547 7543
f 7384 7546 7548
f 7384 7548 7386
f 7381 7543 7546
f 7381 7546 7384
f 7543 7547 7548
f 7543 7548 7546
f 7547 7385 7386
f 7547 7386 7548
f 7385 7381 7384
f 7385 7384 7386
f 7388 7387 7549
f 7388 7549 7550
f 7389 7551 7552
f 7389 7552 7390
f 7388 7550 7551
f 7388 7551 7389
f 7550 7549 7552
f 7550 7552 7551
f 7549 7387 7390
f 7549 7390 7552
f 7387 7388 7389
f 7387 7389 7390
f 7387 7391 7553
f 7387 7553 7549
f 7390 7552 7554
f 7390 7554 7392
f 7387 7549 7552
f 7387 7552 7390
f 7549 7553 7554
f 7549 7554 7552
f 7553 7391 7392
f 7553 7392 7554
f 7391 7387 7390
f 7391 7390 7392
f 7402 7401 7555
f 7402 7555 7556
f 7403 7557 7558
f 7403 7558 7404
f 7402 7556 7557
f 7402 7557 7403
f 7556 7555 7558
f 7556 7558 7557
f 7555 7401 7404
f 7555 7404 7558
f 7401 7402 7403
f 7401 7403 7404
f 7401 7405 7559
f 7401 7559 7555
f 7404 7558 7560
f 7404 7560 7406
f 7401 7555 7558
f 7401 7558 7404
f 7555 7559 7560
f 7555 7560 7558
f 7559 7405 7406
f 7559 7406 7560
f 7405 7401 7404
f 7405 7404 7406
f 7405 7407 7561
f 7405 7561 7559
f 7406 7560 7562
f 7406 7562 7408
f 7405 7559 7560
f 7405 7560 7406
f 7559 7561 7562
f 7559 7562 7560
f 7561 7407 7408
f 7561 7408 7562
f 7407 7405 7406
f 7407 7406 7408
f 7410 7409 7563
f 7410 7563 7564
f 7411 7565 7566
f 7411 7566 7412
f 7410 7564 7565
f 7410 7565 7411
f 7564 7563 7566
f 7564 7566 7565
f 7563 7409 7412
f 7563 7412 7566
f 7409 7410 7411
f 7409 7411 7412
f 7414 7413 7567
f 7414 7567 7568
f 7415 7569 7570
f 7415 7570 7416
f 7414 7568 7569
f 7414 7569 7415
f 7568 7567 7570
f 7568 7570 7569
f 7567 7413 7416
f 7567 7416 7570
f 7413 7414 7415
f 7413 7415 7416
f 7418 7417 7571
f 7418 7571 7572
f 7419 7573 7574
f 7419 7574 7420
f 7418 7572 7573
f 7418 7573 7419
f 7572 7571 7574
f 7572 7574 7573
f 7571 7417 7420
f 7571 7420 7574
f 7417 7418 7419
f 7417 7419 7420
f 7422 7421 7575
f 7422 7575 7576
f 7423 7577 7578
f 7423 7578 7424
f 7422 7576 7577
f 7422 7577 7423
f 7576 7575 7578
f 7576 7578 7577
f 7575 7421 7424
f 7575 7424 7578
f 7421 7422 7423
f 7421 7423 7424
f 7426 7425 7579
f 7426 7579 7580
f 7427 7581 7582
f 7427 7582 7428
f 7426 7580 7581
f 7426 7581 7427
f 7580 7579 7582
f 7580 7582 7581
f 7579 7425 7428
f 7579 7428 7582
f 7425 7426 7427
f 7425 7427 7428
f 7430 7429 7583
f 7430 7583 7584
f 7431 7585 7586
f 7431 7586 7432
f 7430 7584 7585
f 7430 7585 7431
f 7584 7583 7586
f 7584 7586 7585
f 7583 7429 7432
f 7583 7432 7586
f 7429 7430 7431
f 7429 7431 7432
f 7434 7433 7587
f 7434 7587 7588
f 7435 7589 7590
f 7435 7590 7436
f 7434 7588 7589
f 7434 7589 7435
f 7588 7587 7590
f 7588 7590 7589
f 7587 7433 7436
f 7587 7436 7590
f 7433 7434 7435
f 7433 7435 7436
f 7438 7437 7591
f 7438 7591 7592
f 7439 7593 7594
f 7439 7594 7440
f 7438 7592 7593
f 7438 7593 7439
f 7592 7591 7594
f 7592 7594 7593
f 7591 7437 7440
f 7591 7440 7594
f 7437 7438 7439
f 7437 7439 7440
f 7442 7441 7595
f 7442 7595 7596
f 7443 7597 7598
f 7443 7598 7444
f 7442 7596 7597
f 7442 7597 7443
f 7596 7595 7598
f 7596 7598 7597
f 7595 7441 7444
f 7595 7444 7598
f 7441 7442 7443
f 7441 7443 7444
f 7446 7445 7599
f 7446 7599 7600
f 7447 7601 7602
f 7447 7602 7448
f 7446 7600 7601
f 7446 7601 7447
f 7600 7599 7602
f 7600 7602 7601
f 7599 7445 7448
f 7599 7448 7602
f 7445 7446 7447
f 7445 7447 7448
f 7450 7449 7603
f 7450 7603 7604
f 7451 7605 7606
f 7451 7606 7452
f 7450 7604 7605
f 7450 7605 7451
f 7604 7603 7606
f 7604 7606 7605
f 7603 7449 7452
f 7603 7452 7606
f 7449 7450 7451
f 7449 7451 7452
f 7454 7453 7607
f 7454 7607 7608
f 7455 7609 7610
f 7455 7610 7456
f 7454 7608 7609
f 7454 7609 7455
f 7608 7607 7610
f 7608 7610 7609
f 7607 7453 7456
f 7607 7456 7610
f 7453 7454 7455
f 7453 7455 7456
f 7458 7457 7611
f 7458 7611 7612
f 7459 7613 7614
f 7459 7614 7460
f 7458 7612 7613
f 7458 7613 7459
f 7612 7611 7614
f 7612 7614 7613
f 7611 7457 7460
f 7611 7460 7614
f 7457 7458 7459
f 7457 7459 7460
f 7462 7461 7615
f 7462 7615 7616
f 7463 7617 7618
f 7463 7618 7464
f 7462 7616 7617
f 7462 7617 7463
f 7616 7615 7618
f 7616 7618 7617
f 7615 7461 7464
f 7615 7464 7618
f 7461 7462 7463
f 7461 7463 7464
f 7466 7465 7619
f 7466 7619 7620
f 7467 7621 7622
f 7467 7622 7468
f 7466 7620 7621
f 7466 7621 7467
f 7620 7619 7622
f 7620 7622 7621
f 7619 7465 7468
f 7619 7468 7622
f 7465 7466 7467
f 7465 7467 7468
f 7470 7469 7623
f 7470 7623 7624
f 7471 7625 7626
f 7471 7626 7472
f 7470 7624 7625
f 7470 7625 7471
f 7624 7623 7626
f 7624 7626 7625
f 7623 7469 7472
f 7623 7472 7626
f 7469 7470 7471
f 7469 7471 7472
f 7474 7473 7627
f 7474 7627 7628
f 7475 7629 7630
f 7475 7630 7476
f 7474 7628 7629
f 7474 7629 7475
f 7628 7627 7630
f 7628 7630 7629
f 7627 7473 7476
f 7627 7476 7630
f 7473 7474 7475
f 7473 7475 7476
f 7478 7477 7631
f 7478 7631 7632
f 7479 7633 7634
f 7479 7634 7480
f 7478 7632 7633
f 7478 7633 7479
f 7632 7631 7634
f 7632 7634 7633
f 7631 7477 7480
f 7631 7480 7634
f 7477 7478 7479
f 7477 7479 7480
f 7482 7481 7635
f 7482 7635 7636
f 7483 7637 7638
f 7483 7638 7484
f 7482 7636 7637
f 7482 7637 7483
f 7636 7635 7638
f 7636 7638 7637
f 7635 7481 7484
f 7635 7484 7638
f 7481 7482 7483
f 7481 7483 7484
f 7486 7485 7639
f 7486 7639 7640
f 7487 7641 7642
f 7487 7642 7488
f 7486 7640 7641
f 7486 7641 7487
f 7640 7639 7642
f 7640 7642 7641
f 7639 7485 7488
f 7639 7488 7642
f 7485 7486 7487
f 7485 7487 7488
f 7490 7489 7643
f 7490 7643 7644
f 7491 7645 7646
f 7491 7646 7492
f 7490 7644 7645
f 7490 7645 7491
f 7644 7643 7646
f 7644 7646 7645
f 7643 7489 7492
f 7643 7492 7646
f 7489 7490 7491
f 7489 7491 7492
f 7494 7493 7647
f 7494 7647 7648
f 7495 7649 7650
f 7495 7650 7496
f 7494 7648 7649
f 7494 7649 7495
f 7648 7647 7650
f 7648 7650 7649
f 7647 7493 7496
f 7647 7496 7650
f 7493 7494 7495
f 7493 7495 7496
f 7498 7497 7651
f 7498 7651 7652
f 7499 7653 7654
f 7499 7654 7500
f 7498 7652 7653
f 7498 7653 7499
f 7652 7651 7654
f 7652 7654 7653
f 7651 7497 7500
f 7651 7500 7654
f 7497 7498 7499
f 7497 7499 7500
f 7502 7501 7655
f 7502 7655 7656
f 7503 7657 7658
f 7503 7658 7504
f 7502 7656 7657
f 7502 7657 7503
f 7656 7655 7658
f 7656 7658 7657
f 7655 7501 7504
f 7655 7504 7658
f 7501 7502 7503
f 7501 7503 7504
f 7506 7505 7659
f 7506 7659 7660
f 7507 7661 7662
f 7507 7662 7508
f 7506 7660 7661
f 7506 7661 7507
f 7660 7659 7662
f 7660 7662 7661
f 7659 7505 7508
f 7659 7508 7662
f 7505 7506 7507
f 7505 7507 7508
f 7510 7509 7663
f 7510 7663 7664
f 7511 7665 7666
f 7511 7666 7512
f 7510 7664 7665
f 7510 7665 7511
f 7664 7663 7666
f 7664 7666 7665
f 7663 7509 7512
f 7663 7512 7666
f 7509 7510 7511
f 7509 7511 7512
f 7514 7513 7667
f 7514 7667 7668
f 7515 7669 7670
f 7515 7670 7516
f 7514 7668 7669
f 7514 7669 7515
f 7668 7667 7670
f 7668 7670 7669
f 7667 7513 7516
f 7667 7516 7670
f 7513 7514 7515
f 7513 7515 7516
f 7518 7517 7671
f 7518 7671 7672
f 7519 7673 7674
f 7519 7674 7520
f 7518 7672 7673
f 7518 7673 7519
f 7672 7671 7674
f 7672 7674 7673
f 7671 7517 7520
f 7671 7520 7674
f 7517 7518 7519
f 7517 7519 7520
f 7522 7521 7675
f 7522 7675 7676
f 7523 7677 7678
f 7523 7678 7524
f 7522 7676 7677
f 7522 7677 7523
f 7676 7675 7678
f 7676 7678 7677
f 7675 7521 7524
f 7675 7524 7678
f 7521 7522 7523
f 7521 7523 7524
f 7526 7525 7679
f 7526 7679 7680
f 7527 7681 7682
f 7527 7682 7528
f 7526 7680 7681
f 7526 7681 7527
f 7680 7679 7682
f 7680 7682 7681
f 7679 7525 7528
f 7679 7528 7682
f 7525 7526 7527
f 7525 7527 7528
f 7530 7529 7683
f 7530 7683 7684
f 7531 7685 7686
f 7531 7686 7532
f 7530 7684 7685
f 7530 7685 7531
f 7684 7683 7686
f 7684 7686 7685
f 7683 7529 7532
f 7683 7532 7686
f 7529 7530 7531
f 7529 7531 7532
f 7687 7688 7689
f 7687 7689 7690
f 7691 7692 7693
f 7691 7693 7694
f 7687 7690 7692
f 7687 7692 7691
f 7690 7689 7693
f 7690 7693 7692
f 7689 7688 7694
f 7689 7694 7693
f 7688 7687 7691
f 7688 7691 7694
f 7695 7534 7696
f 7695 7696 7697
f 7698 7699 7700
f 7698 7700 7535
f 7695 7697 7699
f 7695 7699 7698
f 7697 7696 7700
f 7697 7700 7699
f 7696 7534 7535
f 7696 7535 7700
f 7534 7695 7698
f 7534 7698 7535
f 7534 7533 7701
f 7534 7701 7696
f 7535 7700 7702
f 7535 7702 7536
f 7534 7696 7700
f 7534 7700 7535
f 7696 7701 7702
f 7696 7702 7700
f 7701 7533 7536
f 7701 7536 7702
f 7533 7534 7535
f 7533 7535 7536
f 7533 7537 7703
f 7533 7703 7701
f 7536 7702 7704
f 7536 7704 7538
f 7533 7701 7702
f 7533 7702 7536
f 7701 7703 7704
f 7701 7704 7702
f 7703 7537 7538
f 7703 7538 7704
f 7537 7533 7536
f 7537 7536 7538
f 7540 7539 7705
f 7540 7705 7706
f 7541 7707 7708
f 7541 7708 7542
f 7540 7706 7707
f 7540 7707 7541
f 7706 7705 7708
f 7706 7708 7707
f 7705 7539 7542
f 7705 7542 7708
f 7539 7540 7541
f 7539 7541 7542
f 7544 7543 7709
f 7544 7709 7710
f 7545 7711 7712
f 7545 7712 7546
f 7544 7710 7711
f 7544 7711 7545
f 7710 7709 7712
f 7710 7712 7711
f 7709 7543 7546
f 7709 7546 7712
f 7543 7544 7545
f 7543 7545 7546
f 7543 7547 7713
f 7543 7713 7709
f 7546 7712 7714
f 7546 7714 7548
f 7543 7709 7712
f 7543 7712 7546
f 7709 7713 7714
f 7709 7714 7712
f 7713 7547 7548
f 7713 7548 7714
f 7547 7543 7546
f 7547 7546 7548
f 7550 7549 7715
f 7550 7715 7716
f 7551 7717 7718
f 7551 7718 7552
f 7550 7716 7717
f 7550 7717 7551
f 7716 7715 7718
f 7716 7718 7717
f 7715 7549 7552
f 7715 7552 7718
f 7549 7550 7551
f 7549 7551 7552
f 7556 7555 7719
f 7556 7719 7720
f 7557 7721 7722
f 7557 7722 7558
f 7556 7720 7721
f 7556 7721 7557
f 7720 7719 7722
f 7720 7722 7721
f 7719 7555 7558
f 7719 7558 7722
f 7555 7556 7557
f 7555 7557 7558
f 7555 7559 7723
f 7555 7723 7719
f 7558 7722 7724
f 7558 7724 7560
f 7555 7719 7722
f 7555 7722 7558
f 7719 7723 7724
f 7719 7724 7722
f 7723 7559 7560
f 7723 7560 7724
f 7559 7555 7558
f 7559 7558 7560
f 7559 7561 7725
f 7559 7725 7723
f 7560 7724 7726
f 7560 7726 7562
f 7559 7723 7724
f 7559 7724 7560
f 7723 7725 7726
f 7723 7726 7724
f 7725 7561 7562
f 7725 7562 7726
f 7561 7559 7560
f 7561 7560 7562
f 7564 7563 7727
f 7564 7727 7728
f 7565 7729 7730
f 7565 7730 7566
f 7564 7728 7729
f 7564 7729 7565
f 7728 7727 7730
f 7728 7730 7729
f 7727 7563 7566
f 7727 7566 7730
f 7563 7564 7565
f 7563 7565 7566
f 7568 7567 7731
f 7568 7731 7732
f 7569 7733 7734
f 7569 7734 7570
f 7568 7732 7733
f 7568 7733 7569
f 7732 7731 7734
f 7732 7734 7733
f 7731 7567 7570
f 7731 7570 7734
f 7567 7568 7569
f 7567 7569 7570
f 7572 7571 7735
f 7572 7735 7736
f 7573 7737 7738
f 7573 7738 7574
f 7572 7736 7737
f 7572 7737 7573
f 7736 7735 7738
f 7736 7738 7737
f 7735 7571 7574
f 7735 7574 7738
f 7571 7572 7573
f 7571 7573 7574
f 7576 7575 7739
f 7576 7739 7740
f 7577 7741 7742
f 7577 7742 7578
f 7576 7740 7741
f 7576 7741 7577
f 7740 7739 7742
f 7740 7742 7741
f 7739 7575 7578
f 7739 7578 7742
f 7575 7576 7577
f 7575 7577 7578
f 7580 7579 7743
f 7580 7743 7744
f 7581 7745 7746
f 7581 7746 7582
f 7580 7744 7745
f 7580 7745 7581
f 7744 7743 7746
f 7744 7746 7745
f 7743 7579 7582
f 7743 7582 7746
f 7579 7580 7581
f 7579 7581 7582
f 7584 7583 7747
f 7584 7747 7748
f 7585 7749 7750
f 7585 7750 7586
f 7584 7748 7749
f 7584 7749 7585
f 7748 7747 7750
f 7748 7750 7749
f 7747 7583 7586
f 7747 7586 7750
f 7583 7584 7585
f 7583 7585 7586
f 7588 7587 7751
f 7588 7751 7752
f 7589 7753 7754
f 7589 7754 7590
f 7588 7752 7753
f 7588 7753 7589
f 7752 7751 7754
f 7752 7754 7753
f 7751 7587 7590
f 7751 7590 7754
f 7587 7588 7589
f 7587 7589 7590
f 7592 7591 7755
f 7592 7755 7756
f 7593 7757 7758
f 7593 7758 7594
f 7592 7756 7757
f 7592 7757 7593
f 7756 7755 7758
f 7756 7758 7757
f 7755 7591 7594
f 7755 7594 7758
f 7591 7592 7593
f 7591 7593 7594
f 7596 7595 7759
f 7596 7759 7760
f 7597 7761 7762
f 7597 7762 7598
f 7596 7760 7761
f 7596 7761 7597
f 7760 7759 7762
f 7760 7762 7761
f 7759 7595 7598
f 7759 7598 7762
f 7595 7596 7597
f 7595 7597 7598
f 7600 7599 7763
f 7600 7763 7764
f 7601 7765 7766
f 7601 7766 7602
f 7600 7764 7765
f 7600 7765 7601
f 7764 7763 7766
f 7764 7766 7765
f 7763 7599 7602
f 7763 7602 7766
f 7599 7600 7601
f 7599 7601 7602
f 7604 7603 7767
f 7604 7767 7768
f 7605 7769 7770
f 7605 7770 7606
f 7604 7768 7769
f 7604 7769 7605
f 7768 7767 7770
f 7768 7770 7769
f 7767 7603 7606
f 7767 7606 7770
f 7603 7604 7605
f 7603 7605 7606
f 7608 7607 7771
f 7608 7771 7772
f 7609 7773 7774
f 7609 7774 7610
f 7608 7772 7773
f 7608 7773 7609
f 7772 7771 7774
f 7772 7774 7773
f 7771 7607 7610
f 7771 7610 7774
f 7607 7608 7609
f 7607 7609 7610
f 7612 7611 7775
f 7612 7775 7776
f 7613 7777 7778
f 7613 7778 7614
f 7612 7776 7777
f 7612 7777 7613
f 7776 7775 7778
f 7776 7778 7777
f 7775 7611 7614
f 7775 7614 7778
f 7611 7612 7613
f 7611 7613 7614
f 7616 7615 7779
f 7616 7779 7780
f 7617 7781 7782
f 7617 7782 7618
f 7616 7780 7781
f 7616 7781 7617
f 7780 7779 7782
f 7780 7782 7781
f 7779 7615 7618
f 7779 7618 7782
f 7615 7616 7617
f 7615 7617 7618
f 7620 7619 7783
f 7620 7783 7784
f 7621 7785 7786
f 7621 7786 7622
f 7620 7784 7785
f 7620 7785 7621
f 7784 7783 7786
f 7784 7786 7785
f 7783 7619 7622
f 7783 7622 7786
f 7619 7620 7621
f 7619 7621 7622
f 7624 7623 7787
f 7624 7787 7788
f 7625 7789 7790
f 7625 7790 7626
f 7624 7788 7789
f 7624 7789 7625
f 7788 7787 7790
f 7788 7790 7789
f 7787 7623 7626
f 7787 7626 7790
f 7623 7624 7625
f 7623 7625 7626
f 7628 7627 7791
f 7628 7791 7792
f 7629 7793 7794
f 7629 7794 7630
f 7628 7792 7793
f 7628 7793 7629
f 7792 7791 7794
f 7792 7794 7793
f 7791 7627 7630
f 7791 7630 7794
f 7627 7628 7629
f 7627 7629 7630
f 7632 7631 7795
f 7632 7795 7796
f 7633 7797 7798
f 7633 7798 7634
f 7632 7796 7797
f 7632 7797 7633
f 7796 7795 7798
f 7796 7798 7797
f 7795 7631 7634
f 7795 7634 7798
f 7631 7632 7633
f 7631 7633 7634
f 7636 7635 7799
f 7636 7799 7800
f 7637 7801 7802
f 7637 7802 7638
f 7636 7800 7801
f 7636 7801 7637
f 7800 7799 7802
f 7800 7802 7801
f 7799 7635 7638
f 7799 7638 7802
f 7635 7636 7637
f 7635 7637 7638
f 7640 7639 7803
f 7640 7803 7804
f 7641 7805 7806
f 7641 7806 7642
f 7640 7804 7805
f 7640 7805 7641
f 7804 7803 7806
f 7804 7806 7805
f 7803 7639 7642
f 7803 7642 7806
f 7639 7640 7641
f 7639 7641 7642
f 7644 7643 7807
f 7644 7807 7808
f 7645 7809 7810
f 7645 7810 7646
f 7644 7808 7809
f 7644 7809 7645
f 7808 7807 7810
f 7808 7810 7809
f 7807 7643 7646
f 7807 7646 7810
f 7643 7644 7645
f 7643 7645 7646
f 7648 7647 7811
f 7648 7811 7812
f 7649 7813 7814
f 7649 7814 7650
f 7648 7812 7813
f 7648 7813 7649
f 7812 7811 7814
f 7812 7814 7813
f 7811 7647 7650
f 7811 7650 7814
f 7647 7648 7649
f 7647 7649 7650
f 7652 7651 7815
f 7652 7815 7816
f 7653 7817 7818
f 7653 7818 7654
f 7652 7816 7817
f 7652 7817 7653
f 7816 7815 7818
f 7816 7818 7817
f 7815 7651 7654
f 7815 7654 7818
f 7651 7652 7653
f 7651 7653 7654
f 7656 7655 7819
f 7656 7819 7820
f 7657 7821 7822
f 7657 7822 7658
f 7656 7820 7821
f 7656 7821 7657
f 7820 7819 7822
f 7820 7822 7821
f 7819 7655 7658
f 7819 7658 7822
f 7655 7656 7657
f 7655 7657 7658
f 7660 7659 7823
f 7660 7823 7824
f 7661 7825 7826
f 7661 7826 7662
f 7660 7824 7825
f 7660 7825 7661
f 7824 7823 7826
f 7824 7826 7825
f 7823 7659 7662
f 7823 7662 7826
f 7659 7660 7661
f 7659 7661 7662
f 7664 7663 7827
f 7664 7827 7828
f 7665 7829 7830
f 7665 7830 7666
f 7664 7828 7829
f 7664 7829 7665
f 7828 7827 7830
f 7828 7830 7829
f 7827 7663 7666
f 7827 7666 7830
f 7663 7664 7665
f 7663 7665 7666
f 7668 7667 7831
f 7668 7831 7832
f 7669 7833 7834
f 7669 7834 7670
f 7668 7832 7833
f 7668 7833 7669
f 7832 7831 7834
f 7832 7834 7833
f 7831 7667 7670
f 7831 7670 7834
f 7667 7668 7669
f 7667 7669 7670
f 7672 7671 7835
f 7672 7835 7836
f 7673 7837 7838
f 7673 7838 7674
f 7672 7836 7837
f 7672 7837 7673
f 7836 7835 7838
f 7836 7838 7837
f 7835 7671 7674
f 7835 7674 7838
f 7671 7672 7673
f 7671 7673 7674
f 7676 7675 7839
f 7676 7839 7840
f 7677 7841 7842
f 7677 7842 7678
f 7676 7840 7841
f 7676 7841 7677
f 7840 7839 7842
f 7840 7842 7841
f 7839 7675 7678
f 7839 7678 7842
f 7675 7676 7677
f 7675 7677 7678
f 7680 7679 7843
f 7680 7843 7844
f 7681 7845 7846
f 7681 7846 7682
f 7680 7844 7845
f 7680 7845 7681
f 7844 7843 7846
f 7844 7846 7845
f 7843 7679 7682
f 7843 7682 7846
f 7679 7680 7681
f 7679 7681 7682
f 7684 7683 7847
f 7684 7847 7848
f 7685 7849 7850
f 7685 7850 7686
f 7684 7848 7849
f 7684 7849 7685
f 7848 7847 7850
f 7848 7850 7849
f 7847 7683 7686
f 7847 7686 7850
f 7683 7684 7685
f 7683 7685 7686
f 7690 7689 7851
f 7690 7851 7852
f 7692 7853 7854
f 7692 7854 7693
f 7690 7852 7853
f 7690 7853 7692
f 7852 7851 7854
f 7852 7854 7853
f 7851 7689 7693
f 7851 7693 7854
f 7689 7690 7692
f 7689 7692 7693
f 7697 7696 7855
f 7697 7855 7856
f 7699 7857 7858
f 7699 7858 7700
f 7697 7856 7857
f 7697 7857 7699
f 7856 7855 7858
f 7856 7858 7857
f 7855 7696 7700
f 7855 7700 7858
f 7696 7697 7699
f 7696 7699 7700
f 7696 7701 7859
f 7696 7859 7855
f 7700 7858 7860
f 7700 7860 7702
f 7696 7855 7858
f 7696 7858 7700
f 7855 7859 7860
f 7855 7860 7858
f 7859 7701 7702
f 7859 7702 7860
f 7701 7696 7700
f 7701 7700 7702
f 7701 7703 7861
f 7701 7861 7859
f 7702 7860 7862
f 7702 7862 7704
f 7701 7859 7860
f 7701 7860 7702
f 7859 7861 7862
f 7859 7862 7860
f 7861 7703 7704
f 7861 7704 7862
f 7703 7701 7702
f 7703 7702 7704
f 7706 7705 7863
f 7706 7863 7864
f 7707 7865 7866
f 7707 7866 7708
f 7706 7864 7865
f 7706 7865 7707
f 7864 7863 7866
f 7864 7866 7865
f 7863 7705 7708
f 7863 7708 7866
f 7705 7706 7707
f 7705 7707 7708
f 7710 7709 7867
f 7710 7867 7868
f 7711 7869 7870
f 7711 7870 7712
f 7710 7868 7869
f 7710 7869 7711
f 7868 7867 7870
f 7868 7870 7869
f 7867 7709 7712
f 7867 7712 7870
f 7709 7710 7711
f 7709 7711 7712
f 7709 7713 7871
f 7709 7871 7867
f 7712 7870 7872
f 7712 7872 7714
f 7709 7867 7870
f 7709 7870 7712
f 7867 7871 7872
f 7867 7872 7870
f 7871 7713 7714
f 7871 7714 7872
f 7713 7709 7712
f 7713 7712 7714
f 7716 7715 7873
f 7716 7873 7874
f 7717 7875 7876
f 7717 7876 7718
f 7716 7874 7875
f 7716 7875 7717
f 7874 7873 7876
f 7874 7876 7875
f 7873 7715 7718
f 7873 7718 7876
f 7715 7716 7717
f 7715 7717 7718
f 7719 7723 7877
f 7719 7877 7878
f 7722 7879 7880
f 7722 7880 7724
f 7719 7878 7879
f 7719 7879 7722
f 7878 7877 7880
f 7878 7880 7879
f 7877 7723 7724
f 7877 7724 7880
f 7723 7719 7722
f 7723 7722 7724
f 7723 7725 7881
f 7723 7881 7877
f 7724 7880 7882
f 7724 7882 7726
f 7723 7877 7880
f 7723 7880 7724
f 7877 7881 7882
f 7877 7882 7880
f 7881 7725 7726
f 7881 7726 7882
f 7725 7723 7724
f 7725 7724 7726
f 7728 7727 7883
f 7728 7883 7884
f 7729 7885 7886
f 7729 7886 7730
f 7728 7884 7885
f 7728 7885 7729
f 7884 7883 7886
f 7884 7886 7885
f 7883 7727 7730
f 7883 7730 7886
f 7727 7728 7729
f 7727 7729 7730
f 7732 7731 7887
f 7732 7887 7888
f 7733 7889 7890
f 7733 7890 7734
f 7732 7888 7889
f 7732 7889 7733
f 7888 7887 7890
f 7888 7890 7889
f 7887 7731 7734
f 7887 7734 7890
f 7731 7732 7733
f 7731 7733 7734
f 7736 7735 7891
f 7736 7891 7892
f 7737 7893 7894
f 7737 7894 7738
f 7736 7892 7893
f 7736 7893 7737
f 7892 7891 7894
f 7892 7894 7893
f 7891 7735 7738
f 7891 7738 7894
f 7735 7736 7737
f 7735 7737 7738
f 7740 7739 7895
f 7740 7895 7896
f 7741 7897 7898
f 7741 7898 7742
f 7740 7896 7897
f 7740 7897 7741
f 7896 7895 7898
f 7896 7898 7897
f 7895 7739 7742
f 7895 7742 7898
f 7739 7740 7741
f 7739 7741 7742
f 7744 7743 7899
f 7744 7899 7900
f 7745 7901 7902
f 7745 7902 7746
f 7744 7900 7901
f 7744 7901 7745
f 7900 7899 7902
f 7900 7902 7901
f 7899 7743 7746
f 7899 7746 7902
f 7743 7744 7745
f 7743 7745 7746
f 7748 7747 7903
f 7748 7903 7904
f 7749 7905 7906
f 7749 7906 7750
f 7748 7904 7905
f 7748 7905 7749
f 7904 7903 7906
f 7904 7906 7905
f 7903 7747 7750
f 7903 7750 7906
f 7747 7748 7749
f 7747 7749 7750
f 7752 7751 7907
f 7752 7907 7908
f 7753 7909 7910
f 7753 7910 7754
f 7752 7908 7909
f 7752 7909 7753
f 7908 7907 7910
f 7908 7910 7909
f 7907 7751 7754
f 7907 7754 7910
f 7751 7752 7753
f 7751 7753 7754
f 7756 7755 7911
f 7756 7911 7912
f 7757 7913 7914
f 7757 7914 7758
f 7756 7912 7913
f 7756 7913 7757
f 7912 7911 7914
f 7912 7914 7913
f 7911 7755 7758
f 7911 7758 7914
f 7755 7756 7757
f 7755 7757 7758
f 7760 7759 7915
f 7760 7915 7916
f 7761 7917 7918
f 7761 7918 7762
f 7760 7916 7917
f 7760 7917 7761
f 7916 7915 7918
f 7916 7918 7917
f 7915 7759 7762
f 7915 7762 7918
f 7759 7760 7761
f 7759 7761 7762
f 7764 7763 7919
f 7764 7919 7920
f 7765 7921 7922
f 7765 7922 7766
f 7764 7920 7921
f 7764 7921 7765
f 7920 7919 7922
f 7920 7922 7921
f 7919 7763 7766
f 7919 7766 7922
f 7763 7764 7765
f 7763 7765 7766
f 7768 7767 7923
f 7768 7923 7924
f 7769 7925 7926
f 7769 7926 7770
f 7768 7924 7925
f 7768 7925 7769
f 7924 7923 7926
f 7924 7926 7925
f 7923 7767 7770
f 7923 7770 7926
f 7767 7768 7769
f 7767 7769 7770
f 7772 7771 7927
f 7772 7927 7928
f 7773 7929 7930
f 7773 7930 7774
f 7772 7928 7929
f 7772 7929 7773
f 7928 7927 7930
f 7928 7930 7929
f 7927 7771 7774
f 7927 7774 7930
f 7771 7772 7773
f 7771 7773 7774
f 7776 7775 7931
f 7776 7931 7932
f 7777 7933 7934
f 7777 7934 7778
f 7776 7932 7933
f 7776 7933 7777
f 7932 7931 7934
f 7932 7934 7933
f 7931 7775 7778
f 7931 7778 7934
f 7775 7776 7777
f 7775 7777 7778
f 7780 7779 7935
f 7780 7935 7936
f 7781 7937 7938
f 7781 7938 7782
f 7780 7936 7937
f 7780 7937 7781
f 7936 7935 7938
f 7936 7938 7937
f 7935 7779 7782
f 7935 7782 7938
f 7779 7780 7781
f 7779 7781 7782
f 7784 7783 7939
f 7784 7939 7940
f 7785 7941 7942
f 7785 7942 7786
f 7784 7940 7941
f 7784 7941 7785
f 7940 7939 7942
f 7940 7942 7941
f 7939 7783 7786
f 7939 7786 7942
f 7783 7784 7785
f 7783 7785 7786
f 7788 7787 7943
f 7788 7943 7944
f 7789 7945 7946
f 7789 7946 7790
f 7788 7944 7945
f 7788 7945 7789
f 7944 7943 7946
f 7944 7946 7945
f 7943 7787 7790
f 7943 7790 7946
f 7787 7788 7789
f 7787 7789 7790
f 7792 7791 7947
f 7792 7947 7948
f 7793 7949 7950
f 7793 7950 7794
f 7792 7948 7949
f 7792 7949 7793
f 7948 7947 7950
f 7948 7950 7949
f 7947 7791 7794
f 7947 7794 7950
f 7791 7792 7793
f 7791 7793 7794
f 7796 7795 7951
f 7796 7951 7952
f 7797 7953 7954
f 7797 7954 7798
f 7796 7952 7953
f 7796 7953 7797
f 7952 7951 7954
f 7952 7954 7953
f 7951 7795 7798
f 7951 7798 7954
f 7795 7796 7797
f 7795 7797 7798
f 7800 7799 7955
f 7800 7955 7956
f 7801 7957 7958
f 7801 7958 7802
f 7800 7956 7957
f 7800 7957 7801
f 7956 7955 7958
f 7956 7958 7957
f 7955 7799 7802
f 7955 7802 7958
f 7799 7800 7801
f 7799 7801 7802
f 7804 7803 7959
f 7804 7959 7960
f 7805 7961 7962
f 7805 7962 7806
f 7804 7960 7961
f 7804 7961 7805
f 7960 7959 7962
f 7960 7962 7961
f 7959 7803 7806
f 7959 7806 7962
f 7803 7804 7805
f 7803 7805 7806
f 7808 7807 7963
f 7808 7963 7964
f 7809 7965 7966
f 7809 7966 7810
f 7808 7964 7965
f 7808 7965 7809
f 7964 7963 7966
f 7964 7966 7965
f 7963 7807 7810
f 7963 7810 7966
f 7807 7808 7809
f 7807 7809 7810
f 7812 7811 7967
f 7812 7967 7968
f 7813 7969 7970
f 7813 7970 7814
f 7812 7968 7969
f 7812 7969 7813
f 7968 7967 7970
f 7968 7970 7969
f 7967 7811 7814
f 7967 7814 7970
f 7811 7812 7813
f 7811 7813 7814
f 7816 7815 7971
f 7816 7971 7972
f 7817 7973 7974
f 7817 7974 7818
f 7816 7972 7973
f 7816 7973 7817
f 7972 7971 7974
f 7972 7974 7973
f 7971 7815 7818
f 7971 7818 7974
f 7815 7816 7817
f 7815 7817 7818
f 7820 7819 7975
f 7820 7975 7976
f 7821 7977 7978
f 7821 7978 7822
f 7820 7976 7977
f 7820 7977 7821
f 7976 7975 7978
f 7976 7978 7977
f 7975 7819 7822
f 7975 7822 7978
f 7819 7820 7821
f 7819 7821 7822
f 7824 7823 7979
f 7824 7979 7980
f 7825 7981 7982
f 7825 7982 7826
f 7824 7980 7981
f 7824 7981 7825
f 7980 7979 7982
f 7980 7982 7981
f 7979 7823 7826
f 7979 7826 7982
f 7823 7824 7825
f 7823 7825 7826
f 7828 7827 7983
f 7828 7983 7984
f 7829 7985 7986
f 7829 7986 7830
f 7828 7984 7985
f 7828 7985 7829
f 7984 7983 7986
f 7984 7986 7985
f 7983 7827 7830
f 7983 7830 7986
f 7827 7828 7829
f 7827 7829 7830
f 7832 7831 7987
f 7832 7987 7988
f 7833 7989 7990
f 7833 7990 7834
f 7832 7988 7989
f 7832 7989 7833
f 7988 7987 7990
f 7988 7990 7989
f 7987 7831 7834
f 7987 7834 7990
f 7831 7832 7833
f 7831 7833 7834
f 7836 7835 7991
f 7836 7991 7992
f 7837 7993 7994
f 7837 7994 7838
f 7836 7992 7993
f 7836 7993 7837
f 7992 7991 7994
f 7992 7994 7993
f 7991 7835 7838
f 7991 7838 7994
f 7835 7836 7837
f 7835 7837 7838
f 7840 7839 7995
f 7840 7995 7996
f 7841 7997 7998
f 7841 7998 7842
f 7840 7996 7997
f 7840 7997 7841
f 7996 7995 7998
f 7996 7998 7997
f 7995 7839 7842
f 7995 7842 7998
f 7839 7840 7841
f 7839 7841 7842
f 7844 7843 7999
f 7844 7999 8000
f 7845 8001 8002
f 7845 8002 7846
f 7844 8000 8001
f 7844 8001 7845
f 8000 7999 8002
f 8000 8002 8001
f 7999 7843 7846
f 7999 7846 8002
f 7843 7844 7845
f 7843 7845 7846
f 7848 7847 8003
f 7848 8003 8004
f 7849 8005 8006
f 7849 8006 7850
f 7848 8004 8005
f 7848 8005 7849
f 8004 8003 8006
f 8004 8006 8005
f 8003 7847 7850
f 8003 7850 8006
f 7847 7848 7849
f 7847 7849 7850
f 7852 7851 8007
f 7852 8007 8008
f 7853 8009 8010
f 7853 8010 7854
f 7852 8008 8009
f 7852 8009 7853
f 8008 8007 8010
f 8008 8010 8009
f 8007 7851 7854
f 8007 7854 8010
f 7851 7852 7853
f 7851 7853 7854
f 7856 7855 8011
f 7856 8011 8012
f 7857 8013 8014
f 7857 8014 7858
f 7856 8012 8013
f 7856 8013 7857
f 8012 8011 8014
f 8012 8014 8013
f 8011 7855 7858
f 8011 7858 8014
f 7855 7856 7857
f 7855 7857 7858
f 7855 7859 8015
f 7855 8015 8011
f 7858 8014 8016
f 7858 8016 7860
f 7855 8011 8014
f 7855 8014 7858
f 8011 8015 8016
f 8011 8016 8014
f 8015 7859 7860
f 8015 7860 8016
f 7859 7855 7858
f 7859 7858 7860
f 7859 7861 8017
f 7859 8017 8015
f 7860 8016 8018
f 7860 8018 7862
f 7859 8015 8016
f 7859 8016 7860
f 8015 8017 8018
f 8015 8018 8016
f 8017 7861 7862
f 8017 7862 8018
f 7861 7859 7860
f 7861 7860 7862
f 7864 7863 8019
f 7864 8019 8020
f 7865 8021 8022
f 7865 8022 7866
f 7864 8020 8021
f 7864 8021 7865
f 8020 8019 8022
f 8020 8022 8021
f 8019 7863 7866
f 8019 7866 8022
f 7863 7864 7865
f 7863 7865 7866
f 7868 7867 8023
f 7868 8023 8024
f 7869 8025 8026
f 7869 8026 7870
f 7868 8024 8025
f 7868 8025 7869
f 8024 8023 8026
f 8024 8026 8025
f 8023 7867 7870
f 8023 7870 8026
f 7867 7868 7869
f 7867 7869 7870
f 7867 7871 8027
f 7867 8027 8023
f 7870 8026 8028
f 7870 8028 7872
f 7867 8023 8026
f 7867 8026 7870
f 8023 8027 8028
f 8023 8028 8026
f 8027 7871 7872
f 8027 7872 8028
f 7871 7867 7870
f 7871 7870 7872
f 7874 7873 8029
f 7874 8029 8030
f 7875 8031 8032
f 7875 8032 7876
f 7874 8030 8031
f 7874 8031 7875
f 8030 8029 8032
f 8030 8032 8031
f 8029 7873 7876
f 8029 7876 8032
f 7873 7874 7875
f 7873 7875 7876
f 7878 7877 8033
f 7878 8033 8034
f 7879 8035 8036
f 7879 8036 7880
f 7878 8034 8035
f 7878 8035 7879
f 8034 8033 8036
f 8034 8036 8035
f 8033 7877 7880
f 8033 7880 8036
f 7877 7878 7879
f 7877 7879 7880
f 7877 7881 8037
f 7877 8037 8033
f 7880 8036 8038
f 7880 8038 7882
f 7877 8033 8036
f 7877 8036 7880
f 8033 8037 8038
f 8033 8038 8036
f 8037 7881 7882
f 8037 7882 8038
f 7881 7877 7880
f 7881 7880 7882
f 7884 7883 8039
f 7884 8039 8040
f 7885 8041 8042
f 7885 8042 7886
f 7884 8040 8041
f 7884 8041 7885
f 8040 8039 8042
f 8040 8042 8041
f 8039 7883 7886
f 8039 7886 8042
f 7883 7884 7885
f 7883 7885 7886
f 7888 7887 8043
f 7888 8043 8044
f 7889 8045 8046
f 7889 8046 7890
f 7888 8044 8045
f 7888 8045 7889
f 8044 8043 8046
f 8044 8046 8045
f 8043 7887 7890
f 8043 7890 8046
f 7887 7888 7889
f 7887 7889 7890
f 7892 7891 8047
f 7892 8047 8048
f 7893 8049 8050
f 7893 8050 7894
f 7892 8048 8049
f 7892 8049 7893
f 8048 8047 8050
f 8048 8050 8049
f 8047 7891 7894
f 8047 7894 8050
f 7891 7892 7893
f 7891 7893 7894
f 7896 7895 8051
f 7896 8051 8052
f 7897 8053 8054
f 7897 8054 7898
f 7896 8052 8053
f 7896 8053 7897
f 8052 8051 8054
f 8052 8054 8053
f 8051 7895 7898
f 8051 7898 8054
f 7895 7896 7897
f 7895 7897 7898
f 7900 7899 8055
f 7900 8055 8056
f 7901 8057 8058
f 7901 8058 7902
f 7900 8056 8057
f 7900 8057 7901
f 8056 8055 8058
f 8056 8058 8057
f 8055 7899 7902
f 8055 7902 8058
f 7899 7900 7901
f 7899 7901 7902
f 7904 7903 8059
f 7904 8059 8060
f 7905 8061 8062
f 7905 8062 7906
f 7904 8060 8061
f 7904 8061 7905
f 8060 8059 8062
f 8060 8062 8061
f 8059 7903 7906
f 8059 7906 8062
f 7903 7904 7905
f 7903 7905 7906
f 7908 7907 8063
f 7908 8063 8064
f 7909 8065 8066
f 7909 8066 7910
f 7908 8064 8065
f 7908 8065 7909
f 8064 8063 8066
f 8064 8066 8065
f 8063 7907 7910
f 8063 7910 8066
f 7907 7908 7909
f 7907 7909 7910
f 7912 7911 8067
f 7912 8067 8068
f 7913 8069 8070
f 7913 8070 7914
f 7912 8068 8069
f 7912 8069 7913
f 8068 8067 8070
f 8068 8070 8069
f 8067 7911 7914
f 8067 7914 8070
f 7911 7912 7913
f 7911 7913 7914
f 7916 7915 8071
f 7916 8071 8072
f 7917 8073 8074
f 7917 8074 7918
f 7916 8072 8073
f 7916 8073 7917
f 8072 8071 8074
f 8072 8074 8073
f 8071 7915 7918
f 8071 7918 8074
f 7915 7916 7917
f 7915 7917 7918
f 7920 7919 8075
f 7920 8075 8076
f 7921 8077 8078
f 7921 8078 7922
f 7920 8076 8077
f 7920 8077 7921
f 8076 8075 8078
f 8076 8078 8077
f 8075 7919 7922
f 8075 7922 8078
f 7919 7920 7921
f 7919 7921 7922
f 7924 7923 8079
f 7924 8079 8080
f 7925 8081 8082
f 7925 8082 7926
f 7924 8080 8081
f 7924 8081 7925
f 8080 8079 8082
f 8080 8082 8081
f 8079 7923 7926
f 8079 7926 8082
f 7923 7924 7925
f 7923 7925 7926
f 7928 7927 8083
f 7928 8083 8084
f 7929 8085 8086
f 7929 8086 7930
f 7928 8084 8085
f 7928 8085 7929
f 8084 8083 8086
f 8084 8086 8085
f 8083 7927 7930
f 8083 7930 8086
f 7927 7928 7929
f 7927 7929 7930
f 7932 7931 8087
f 7932 8087 8088
f 7933 8089 8090
f 7933 8090 7934
f 7932 8088 8089
f 7932 8089 7933
f 8088 8087 8090
f 8088 8090 8089
f 8087 7931 7934
f 8087 7934 8090
f 7931 7932 7933
f 7931 7933 7934
f 7936 7935 8091
f 7936 8091 8092
f 7937 8093 8094
f 7937 8094 7938
f 7936 8092 8093
f 7936 8093 7937
f 8092 8091 8094
f 8092 8094 8093
f 8091 7935 7938
f 8091 7938 8094
f 7935 7936 7937
f 7935 7937 7938
f 7940 7939 8095
f 7940 8095 8096
f 7941 8097 8098
f 7941 8098 7942
f 7940 8096 8097
f 7940 8097 7941
f 8096 8095 8098
f 8096 8098 8097
f 8095 7939 7942
f 8095 7942 8098
f 7939 7940 7941
f 7939 7941 7942
f 7944 7943 8099
f 7944 8099 8100
f 7945 8101 8102
f 7945 8102 7946
f 7944 8100 8101
f 7944 8101 7945
f 8100 8099 8102
f 8100 8102 8101
f 8099 7943 7946
f 8099 7946 8102
f 7943 7944 7945
f 7943 7945 7946
f 7948 7947 8103
f 7948 8103 8104
f 7949 8105 8106
f 7949 8106 7950
f 7948 8104 8105
f 7948 8105 7949
f 8104 8103 8106
f 8104 8106 8105
f 8103 7947 7950
f 8103 7950 8106
f 7947 7948 7949
f 7947 7949 7950
f 7952 7951 8107
f 7952 8107 8108
f 7953 8109 8110
f 7953 8110 7954
f 7952 8108 8109
f 7952 8109 7953
f 8108 8107 8110
f 8108 8110 8109
f 8107 7951 7954
f 8107 7954 8110
f 7951 7952 7953
f 7951 7953 7954
f 7956 7955 8111
f 7956 8111 8112
f 7957 8113 8114
f 7957 8114 7958
f 7956 8112 8113
f 7956 8113 7957
f 8112 8111 8114
f 8112 8114 8113
f 8111 7955 7958
f 8111 7958 8114
f 7955 7956 7957
f 7955 7957 7958
f 7960 7959 8115
f 7960 8115 8116
f 7961 8117 8118
f 7961 8118 7962
f 7960 8116 8117
f 7960 8117 7961
f 8116 8115 8118
f 8116 8118 8117
f 8115 7959 7962
f 8115 7962 8118
f 7959 7960 7961
f 7959 7961 7962
f 7964 7963 8119
f 7964 8119 8120
f 7965 8121 8122
f 7965 8122 7966
f 7964 8120 8121
f 7964 8121 7965
f 8120 8119 8122
f 8120 8122 8121
f 8119 7963 7966
f 8119 7966 8122
f 7963 7964 7965
f 7963 7965 7966
f 7968 7967 8123
f 7968 8123 8124
f 7969 8125 8126
f 7969 8126 7970
f 7968 8124 8125
f 7968 8125 7969
f 8124 8123 8126
f 8124 8126 8125
f 8123 7967 7970
f 8123 7970 8126
f 7967 7968 7969
f 7967 7969 7970
f 7972 7971 8127
f 7972 8127 8128
f 7973 8129 8130
f 7973 8130 7974
f 7972 8128 8129
f 7972 8129 7973
f 8128 8127 8130
f 8128 8130 8129
f 8127 7971 7974
f 8127 7974 8130
f 7971 7972 7973
f 7971 7973 7974
f 7976 7975 8131
f 7976 8131 8132
f 7977 8133 8134
f 7977 8134 7978
f 7976 8132 8133
f 7976 8133 7977
f 8132 8131 8134
f 8132 8134 8133
f 8131 7975 7978
f 8131 7978 8134
f 7975 7976 7977
f 7975 7977 7978
f 7980 7979 8135
f 7980 8135 8136
f 7981 8137 8138
f 7981 8138 7982
f 7980 8136 8137
f 7980 8137 7981
f 8136 8135 8138
f 8136 8138 8137
f 8135 7979 7982
f 8135 7982 8138
f 7979 7980 7981
f 7979 7981 7982
f 7984 7983 8139
f 7984 8139 8140
f 7985 8141 8142
f 7985 8142 7986
f 7984 8140 8141
f 7984 8141 7985
f 8140 8139 8142
f 8140 8142 8141
f 8139 7983 7986
f 8139 7986 8142
f 7983 7984 7985
f 7983 7985 7986
f 7988 7987 8143
f 7988 8143 8144
f 7989 8145 8146
f 7989 8146 7990
f 7988 8144 8145
f 7988 8145 7989
f 8144 8143 8146
f 8144 8146 8145
f 8143 7987 7990
f 8143 7990 8146
f 7987 7988 7989
f 7987 7989 7990
f 7992 7991 8147
f 7992 8147 8148
f 7993 8149 8150
f 7993 8150 7994
f 7992 8148 8149
f 7992 8149 7993
f 8148 8147 8150
f 8148 8150 8149
f 8147 7991 7994
f 8147 7994 8150
f 7991 7992 7993
f 7991 7993 7994
f 7996 7995 8151
f 7996 8151 8152
f 7997 8153 8154
f 7997 8154 7998
f 7996 8152 8153
f 7996 8153 7997
f 8152 8151 8154
f 8152 8154 8153
f 8151 7995 7998
f 8151 7998 8154
f 7995 7996 7997
f 7995 7997 7998
f 8000 7999 8155
f 8000 8155 8156
f 8001 8157 8158
f 8001 8158 8002
f 8000 8156 8157
f 8000 8157 8001
f 8156 8155 8158
f 8156 8158 8157
f 8155 7999 8002
f 8155 8002 8158
f 7999 8000 8001
f 7999 8001 8002
f 8004 8003 8159
f 8004 8159 8160
f 8005 8161 8162
f 8005 8162 8006
f 8004 8160 8161
f 8004 8161 8005
f 8160 8159 8162
f 8160 8162 8161
f 8159 8003 8006
f 8159 8006 8162
f 8003 8004 8005
f 8003 8005 8006
f 8008 8007 8163
f 8008 8163 8164
f 8009 8165 8166
f 8009 8166 8010
f 8008 8164 8165
f 8008 8165 8009
f 8164 8163 8166
f 8164 8166 8165
f 8163 8007 8010
f 8163 8010 8166
f 8007 8008 8009
f 8007 8009 8010
f 8012 8011 8167
f 8012 8167 8168
f 8013 8169 8170
f 8013 8170 8014
f 8012 8168 8169
f 8012 8169 8013
f 8168 8167 8170
f 8168 8170 8169
f 8167 8011 8014
f 8167 8014 8170
f 8011 8012 8013
f 8011 8013 8014
f 8011 8015 8171
f 8011 8171 8167
f 8014 8170 8172
f 8014 8172 8016
f 8011 8167 8170
f 8011 8170 8014
f 8167 8171 8172
f 8167 8172 8170
f 8171 8015 8016
f 8171 8016 8172
f 8015 8011 8014
f 8015 8014 8016
f 8015 8017 8173
f 8015 8173 8171
f 8016 8172 8174
f 8016 8174 8018
f 8015 8171 8172
f 8015 8172 8016
f 8171 8173 8174
f 8171 8174 8172
f 8173 8017 8018
f 8173 8018 8174
f 8017 8015 8016
f 8017 8016 8018
f 8020 8019 8175
f 8020 8175 8176
f 8021 8177 8178
f 8021 8178 8022
f 8020 8176 8177
f 8020 8177 8021
f 8176 8175 8178
f 8176 8178 8177
f 8175 8019 8022
f 8175 8022 8178
f 8019 8020 8021
f 8019 8021 8022
f 8024 8023 8179
f 8024 8179 8180
f 8025 8181 8182
f 8025 8182 8026
f 8024 8180 8181
f 8024 8181 8025
f 8180 8179 8182
f 8180 8182 8181
f 8179 8023 8026
f 8179 8026 8182
f 8023 8024 8025
f 8023 8025 8026
f 8023 8027 8183
f 8023 8183 8179
f 8026 8182 8184
f 8026 8184 8028
f 8023 8179 8182
f 8023 8182 8026
f 8179 8183 8184
f 8179 8184 8182
f 8183 8027 8028
f 8183 8028 8184
f 8027 8023 8026
f 8027 8026 8028
f 8030 8029 8185
f 8030 8185 8186
f 8031 8187 8188
f 8031 8188 8032
f 8030 8186 8187
f 8030 8187 8031
f 8186 8185 8188
f 8186 8188 8187
f 8185 8029 8032
f 8185 8032 8188
f 8029 8030 8031
f 8029 8031 8032
f 8189 8034 8190
f 8189 8190 8191
f 8192 8193 8194
f 8192 8194 8035
f 8189 8191 8193
f 8189 8193 8192
f 8191 8190 8194
f 8191 8194 8193
f 8190 8034 8035
f 8190 8035 8194
f 8034 8189 8192
f 8034 8192 8035
f 8034 8033 8195
f 8034 8195 8190
f 8035 8194 8196
f 8035 8196 8036
f 8034 8190 8194
f 8034 8194 8035
f 8190 8195 8196
f 8190 8196 8194
f 8195 8033 8036
f 8195 8036 8196
f 8033 8034 8035
f 8033 8035 8036
f 8033 8037 8197
f 8033 8197 8195
f 8036 8196 8198
f 8036 8198 8038
f 8033 8195 8196
f 8033 8196 8036
f 8195 8197 8198
f 8195 8198 8196
f 8197 8037 8038
f 8197 8038 8198
f 8037 8033 8036
f 8037 8036 8038
f 8040 8039 8199
f 8040 8199 8200
f 8041 8201 8202
f 8041 8202 8042
f 8040 8200 8201
f 8040 8201 8041
f 8200 8199 8202
f 8200 8202 8201
f 8199 8039 8042
f 8199 8042 8202
f 8039 8040 8041
f 8039 8041 8042
f 8044 8043 8203
f 8044 8203 8204
f 8045 8205 8206
f 8045 8206 8046
f 8044 8204 8205
f 8044 8205 8045
f 8204 8203 8206
f 8204 8206 8205
f 8203 8043 8046
f 8203 8046 8206
f 8043 8044 8045
f 8043 8045 8046
f 8048 8047 8207
f 8048 8207 8208
f 8049 8209 8210
f 8049 8210 8050
f 8048 8208 8209
f 8048 8209 8049
f 8208 8207 8210
f 8208 8210 8209
f 8207 8047 8050
f 8207 8050 8210
f 8047 8048 8049
f 8047 8049 8050
f 8052 8051 8211
f 8052 8211 8212
f 8053 8213 8214
f 8053 8214 8054
f 8052 8212 8213
f 8052 8213 8053
f 8212 8211 8214
f 8212 8214 8213
f 8211 8051 8054
f 8211 8054 8214
f 8051 8052 8053
f 8051 8053 8054
f 8056 8055 8215
f 8056 8215 8216
f 8057 8217 8218
f 8057 8218 8058
f 8056 8216 8217
f 8056 8217 8057
f 8216 8215 8218
f 8216 8218 8217
f 8215 8055 8058
f 8215 8058 8218
f 8055 8056 8057
f 8055 8057 8058
f 8060 8059 8219
f 8060 8219 8220
f 8061 8221 8222
f 8061 8222 8062
f 8060 8220 8221
f 8060 8221 8061
f 8220 8219 8222
f 8220 8222 8221
f 8219 8059 8062
f 8219 8062 8222
f 8059 8060 8061
f 8059 8061 8062
f 8064 8063 8223
f 8064 8223 8224
f 8065 8225 8226
f 8065 8226 8066
f 8064 8224 8225
f 8064 8225 8065
f 8224 8223 8226
f 8224 8226 8225
f 8223 8063 8066
f 8223 8066 8226
f 8063 8064 8065
f 8063 8065 8066
f 8068 8067 8227
f 8068 8227 8228
f 8069 8229 8230
f 8069 8230 8070
f 8068 8228 8229
f 8068 8229 8069
f 8228 8227 8230
f 8228 8230 8229
f 8227 8067 8070
f 8227 8070 8230
f 8067 8068 8069
f 8067 8069 8070
f 8072 8071 8231
f 8072 8231 8232
f 8073 8233 8234
f 8073 8234 8074
f 8072 8232 8233
f 8072 8233 8073
f 8232 8231 8234
f 8232 8234 8233
f 8231 8071 8074
f 8231 8074 8234
f 8071 8072 8073
f 8071 8073 8074
f 8076 8075 8235
f 8076 8235 8236
f 8077 8237 8238
f 8077 8238 8078
f 8076 8236 8237
f 8076 8237 8077
f 8236 8235 8238
f 8236 8238 8237
f 8235 8075 8078
f 8235 8078 8238
f 8075 8076 8077
f 8075 8077 8078
f 8080 8079 8239
f 8080 8239 8240
f 8081 8241 8242
f 8081 8242 8082
f 8080 8240 8241
f 8080 8241 8081
f 8240 8239 8242
f 8240 8242 8241
f 8239 8079 8082
f 8239 8082 8242
f 8079 8080 8081
f 8079 8081 8082
f 8084 8083 8243
f 8084 8243 8244
f 8085 8245 8246
f 8085 8246 8086
f 8084 8244 8245
f 8084 8245 8085
f 8244 8243 8246
f 8244 8246 8245
f 8243 8083 8086
f 8243 8086 8246
f 8083 8084 8085
f 8083 8085 8086
f 8088 8087 8247
f 8088 8247 8248
f 8089 8249 8250
f 8089 8250 8090
f 8088 8248 8249
f 8088 8249 8089
f 8248 8247 8250
f 8248 8250 8249
f 8247 8087 8090
f 8247 8090 8250
f 8087 8088 8089
f 8087 8089 8090
f 8092 8091 8251
f 8092 8251 8252
f 8093 8253 8254
f 8093 8254 8094
f 8092 8252 8253
f 8092 8253 8093
f 8252 8251 8254
f 8252 8254 8253
f 8251 8091 8094
f 8251 8094 8254
f 8091 8092 8093
f 8091 8093 8094
f 8096 8095 8255
f 8096 8255 8256
f 8097 8257 8258
f 8097 8258 8098
f 8096 8256 8257
f 8096 8257 8097
f 8256 8255 8258
f 8256 8258 8257
f 8255 8095 8098
f 8255 8098 8258
f 8095 8096 8097
f 8095 8097 8098
f 8100 8099 8259
f 8100 8259 8260
f 8101 8261 8262
f 8101 8262 8102
f 8100 8260 8261
f 8100 8261 8101
f 8260 8259 8262
f 8260 8262 8261
f 8259 8099 8102
f 8259 8102 8262
f 8099 8100 8101
f 8099 8101 8102
f 8104 8103 8263
f 8104 8263 8264
f 8105 8265 8266
f 8105 8266 8106
f 8104 8264 8265
f 8104 8265 8105
f 8264 8263 8266
f 8264 8266 8265
f 8263 8103 8106
f 8263 8106 8266
f 8103 8104 8105
f 8103 8105 8106
f 8108 8107 8267
f 8108 8267 8268
f 8109 8269 8270
f 8109 8270 8110
f 8108 8268 8269
f 8108 8269 8109
f 8268 8267 8270
f 8268 8270 8269
f 8267 8107 8110
f 8267 8110 8270
f 8107 8108 8109
f 8107 8109 8110
f 8112 8111 8271
f 8112 8271 8272
f 8113 8273 8274
f 8113 8274 8114
f 8112 8272 8273
f 8112 8273 8113
f 8272 8271 8274
f 8272 8274 8273
f 8271 8111 8114
f 8271 8114 8274
f 8111 8112 8113
f 8111 8113 8114
f 8116 8115 8275
f 8116 8275 8276
f 8117 8277 8278
f 8117 8278 8118
f 8116 8276 8277
f 8116 8277 8117
f 8276 8275 8278
f 8276 8278 8277
f 8275 8115 8118
f 8275 8118 8278
f 8115 8116 8117
f 8115 8117 8118
f 8120 8119 8279
f 8120 8279 8280
f 8121 8281 8282
f 8121 8282 8122
f 8120 8280 8281
f 8120 8281 8121
f 8280 8279 8282
f 8280 8282 8281
f 8279 8119 8122
f 8279 8122 8282
f 8119 8120 8121
f 8119 8121 8122
f 8124 8123 8283
f 8124 8283 8284
f 8125 8285 8286
f 8125 8286 8126
f 8124 8284 8285
f 8124 8285 8125
f 8284 8283 8286
f 8284 8286 8285
f 8283 8123 8126
f 8283 8126 8286
f 8123 8124 8125
f 8123 8125 8126
f 8128 8127 8287
f 8128 8287 8288
f 8129 8289 8290
f 8129 8290 8130
f 8128 8288 8289
f 8128 8289 8129
f 8288 8287 8290
f 8288 8290 8289
f 8287 8127 8130
f 8287 8130 8290
f 8127 8128 8129
f 8127 8129 8130
f 8132 8131 8291
f 8132 8291 8292
f 8133 8293 8294
f 8133 8294 8134
f 8132 8292 8293
f 8132 8293 8133
f 8292 8291 8294
f 8292 8294 8293
f 8291 8131 8134
f 8291 8134 8294
f 8131 8132 8133
f 8131 8133 8134
f 8136 8135 8295
f 8136 8295 8296
f 8137 8297 8298
f 8137 8298 8138
f 8136 8296 8297
f 8136 8297 8137
f 8296 8295 8298
f 8296 8298 8297
f 8295 8135 8138
f 8295 8138 8298
f 8135 8136 8137
f 8135 8137 8138
f 8140 8139 8299
f 8140 8299 8300
f 8141 8301 8302
f 8141 8302 8142
f 8140 8300 8301
f 8140 8301 8141
f 8300 8299 8302
f 8300 8302 8301
f 8299 8139 8142
f 8299 8142 8302
f 8139 8140 8141
f 8139 8141 8142
f 8144 8143 8303
f 8144 8303 8304
f 8145 8305 8306
f 8145 8306 8146
f 8144 8304 8305
f 8144 8305 8145
f 8304 8303 8306
f 8304 8306 8305
f 8303 8143 8146
f 8303 8146 8306
f 8143 8144 8145
f 8143 8145 8146
f 8148 8147 8307
f 8148 8307 8308
f 8149 8309 8310
f 8149 8310 8150
f 8148 8308 8309
f 8148 8309 8149
f 8308 8307 8310
f 8308 8310 8309
f 8307 8147 8150
f 8307 8150 8310
f 8147 8148 8149
f 8147 8149 8150
f 8152 8151 8311
f 8152 8311 8312
f 8153 8313 8314
f 8153 8314 8154
f 8152 8312 8313
f 8152 8313 8153
f 8312 8311 8314
f 8312 8314 8313
f 8311 8151 8154
f 8311 8154 8314
f 8151 8152 8153
f 8151 8153 8154
f 8156 8155 8315
f 8156 8315 8316
f 8157 8317 8318
f 8157 8318 8158
f 8156 8316 8317
f 8156 8317 8157
f 8316 8315 8318
f 8316 8318 8317
f 8315 8155 8158
f 8315 8158 8318
f 8155 8156 8157
f 8155 8157 8158
f 8160 8159 8319
f 8160 8319 8320
f 8161 8321 8322
f 8161 8322 8162
f 8160 8320 8321
f 8160 8321 8161
f 8320 8319 8322
f 8320 8322 8321
f 8319 8159 8162
f 8319 8162 8322
f 8159 8160 8161
f 8159 8161 8162
f 8164 8163 8323
f 8164 8323 8324
f 8165 8325 8326
f 8165 8326 8166
f 8164 8324 8325
f 8164 8325 8165
f 8324 8323 8326
f 8324 8326 8325
f 8323 8163 8166
f 8323 8166 8326
f 8163 8164 8165
f 8163 8165 8166
f 8168 8167 8327
f 8168 8327 8328
f 8169 8329 8330
f 8169 8330 8170
f 8168 8328 8329
f 8168 8329 8169
f 8328 8327 8330
f 8328 8330 8329
f 8327 8167 8170
f 8327 8170 8330
f 8167 8168 8169
f 8167 8169 8170
f 8167 8171 8331
f 8167 8331 8327
f 8170 8330 8332
f 8170 8332 8172
f 8167 8327 8330
f 8167 8330 8170
f 8327 8331 8332
f 8327 8332 8330
f 8331 8171 8172
f 8331 8172 8332
f 8171 8167 8170
f 8171 8170 8172
f 8171 8173 8333
f 8171 8333 8331
f 8172 8332 8334
f 8172 8334 8174
f 8171 8331 8332
f 8171 8332 8172
f 8331 8333 8334
f 8331 8334 8332
f 8333 8173 8174
f 8333 8174 8334
f 8173 8171 8172
f 8173 8172 8174
f 8176 8175 8335
f 8176 8335 8336
f 8177 8337 8338
f 8177 8338 8178
f 8176 8336 8337
f 8176 8337 8177
f 8336 8335 8338
f 8336 8338 8337
f 8335 8175 8178
f 8335 8178 8338
f 8175 8176 8177
f 8175 8177 8178
f 8180 8179 8339
f 8180 8339 8340
f 8181 8341 8342
f 8181 8342 8182
f 8180 8340 8341
f 8180 8341 8181
f 8340 8339 8342
f 8340 8342 8341
f 8339 8179 8182
f 8339 8182 8342
f 8179 8180 8181
f 8179 8181 8182
f 8179 8183 8343
f 8179 8343 8339
f 8182 8342 8344
f 8182 8344 8184
f 8179 8339 8342
f 8179 8342 8182
f 8339 8343 8344
f 8339 8344 8342
f 8343 8183 8184
f 8343 8184 8344
f 8183 8179 8182
f 8183 8182 8184
f 8186 8185 8345
f 8186 8345 8346
f 8187 8347 8348
f 8187 8348 8188
f 8186 8346 8347
f 8186 8347 8187
f 8346 8345 8348
f 8346 8348 8347
f 8345 8185 8188
f 8345 8188 8348
f 8185 8186 8187
f 8185 8187 8188
f 8185 8349 8350
f 8185 8350 8345
f 8188 8348 8351
f 8188 8351 8352
f 8185 8345 8348
f 8185 8348 8188
f 8345 8350 8351
f 8345 8351 8348
f 8350 8349 8352
f 8350 8352 8351
f 8349 8185 8188
f 8349 8188 8352
f 8191 8190 8353
f 8191 8353 8354
f 8193 8355 8356
f 8193 8356 8194
f 8191 8354 8355
f 8191 8355 8193
f 8354 8353 8356
f 8354 8356 8355
f 8353 8190 8194
f 8353 8194 8356
f 8190 8191 8193
f 8190 8193 8194
f 8190 8195 8357
f 8190 8357 8353
f 8194 8356 8358
f 8194 8358 8196
f 8190 8353 8356
f 8190 8356 8194
f 8353 8357 8358
f 8353 8358 8356
f 8357 8195 8196
f 8357 8196 8358
f 8195 8190 8194
f 8195 8194 8196
f 8195 8197 8359
f 8195 8359 8357
f 8196 8358 8360
f 8196 8360 8198
f 8195 8357 8358
f 8195 8358 8196
f 8357 8359 8360
f 8357 8360 8358
f 8359 8197 8198
f 8359 8198 8360
f 8197 8195 8196
f 8197 8196 8198
f 8200 8199 8361
f 8200 8361 8362
f 8201 8363 8364
f 8201 8364 8202
f 8200 8362 8363
f 8200 8363 8201
f 8362 8361 8364
f 8362 8364 8363
f 8361 8199 8202
f 8361 8202 8364
f 8199 8200 8201
f 8199 8201 8202
f 8204 8203 8365
f 8204 8365 8366
f 8205 8367 8368
f 8205 8368 8206
f 8204 8366 8367
f 8204 8367 8205
f 8366 8365 8368
f 8366 8368 8367
f 8365 8203 8206
f 8365 8206 8368
f 8203 8204 8205
f 8203 8205 8206
f 8208 8207 8369
f 8208 8369 8370
f 8209 8371 8372
f 8209 8372 8210
f 8208 8370 8371
f 8208 8371 8209
f 8370 8369 8372
f 8370 8372 8371
f 8369 8207 8210
f 8369 8210 8372
f 8207 8208 8209
f 8207 8209 8210
f 8212 8211 8373
f 8212 8373 8374
f 8213 8375 8376
f 8213 8376 8214
f 8212 8374 8375
f 8212 8375 8213
f 8374 8373 8376
f 8374 8376 8375
f 8373 8211 8214
f 8373 8214 8376
f 8211 8212 8213
f 8211 8213 8214
f 8216 8215 8377
f 8216 8377 8378
f 8217 8379 8380
f 8217 8380 8218
f 8216 8378 8379
f 8216 8379 8217
f 8378 8377 8380
f 8378 8380 8379
f 8377 8215 8218
f 8377 8218 8380
f 8215 8216 8217
f 8215 8217 8218
f 8220 8219 8381
f 8220 8381 8382
f 8221 8383 8384
f 8221 8384 8222
f 8220 8382 8383
f 8220 8383 8221
f 8382 8381 8384
f 8382 8384 8383
f 8381 8219 8222
f 8381 8222 8384
f 8219 8220 8221
f 8219 8221 8222
f 8224 8223 8385
f 8224 8385 8386
f 8225 8387 8388
f 8225 8388 8226
f 8224 8386 8387
f 8224 8387 8225
f 8386 8385 8388
f 8386 8388 8387
f 8385 8223 8226
f 8385 8226 8388
f 8223 8224 8225
f 8223 8225 8226
f 8228 8227 8389
f 8228 8389 8390
f 8229 8391 8392
f 8229 8392 8230
f 8228 8390 8391
f 8228 8391 8229
f 8390 8389 8392
f 8390 8392 8391
f 8389 8227 8230
f 8389 8230 8392
f 8227 8228 8229
f 8227 8229 8230
f 8232 8231 8393
f 8232 8393 8394
f 8233 8395 8396
f 8233 8396 8234
f 8232 8394 8395
f 8232 8395 8233
f 8394 8393 8396
f 8394 8396 8395
f 8393 8231 8234
f 8393 8234 8396
f 8231 8232 8233
f 8231 8233 8234
f 8236 8235 8397
f 8236 8397 8398
f 8237 8399 8400
f 8237 8400 8238
f 8236 8398 8399
f 8236 8399 8237
f 8398 8397 8400
f 8398 8400 8399
f 8397 8235 8238
f 8397 8238 8400
f 8235 8236 8237
f 8235 8237 8238
f 8240 8239 8401
f 8240 8401 8402
f 8241 8403 8404
f 8241 8404 8242
f 8240 8402 8403
f 8240 8403 8241
f 8402 8401 8404
f 8402 8404 8403
f 8401 8239 8242
f 8401 8242 8404
f 8239 8240 8241
f 8239 8241 8242
f 8244 8243 8405
f 8244 8405 8406
f 8245 8407 8408
f 8245 8408 8246
f 8244 8406 8407
f 8244 8407 8245
f 8406 8405 8408
f 8406 8408 8407
f 8405 8243 8246
f 8405 8246 8408
f 8243 8244 8245
f 8243 8245 8246
f 8248 8247 8409
f 8248 8409 8410
f 8249 8411 8412
f 8249 8412 8250
f 8248 8410 8411
f 8248 8411 8249
f 8410 8409 8412
f 8410 8412 8411
f 8409 8247 8250
f 8409 8250 8412
f 8247 8248 8249
f 8247 8249 8250
f 8252 8251 8413
f 8252 8413 8414
f 8253 8415 8416
f 8253 8416 8254
f 8252 8414 8415
f 8252 8415 8253
f 8414 8413 8416
f 8414 8416 8415
f 8413 8251 8254
f 8413 8254 8416
f 8251 8252 8253
f 8251 8253 8254
f 8256 8255 8417
f 8256 8417 8418
f 8257 8419 8420
f 8257 8420 8258
f 8256 8418 8419
f 8256 8419 8257
f 8418 8417 8420
f 8418 8420 8419
f 8417 8255 8258
f 8417 8258 8420
f 8255 8256 8257
f 8255 8257 8258
f 8260 8259 8421
f 8260 8421 8422
f 8261 8423 8424
f 8261 8424 8262
f 8260 8422 8423
f 8260 8423 8261
f 8422 8421 8424
f 8422 8424 8423
f 8421 8259 8262
f 8421 8262 8424
f 8259 8260 8261
f 8259 8261 8262
f 8264 8263 8425
f 8264 8425 8426
f 8265 8427 8428
f 8265 8428 8266
f 8264 8426 8427
f 8264 8427 8265
f 8426 8425 8428
f 8426 8428 8427
f 8425 8263 8266
f 8425 8266 8428
f 8263 8264 8265
f 8263 8265 8266
f 8268 8267 8429
f 8268 8429 8430
f 8269 8431 8432
f 8269 8432 8270
f 8268 8430 8431
f 8268 8431 8269
f 8430 8429 8432
f 8430 8432 8431
f 8429 8267 8270
f 8429 8270 8432
f 8267 8268 8269
f 8267 8269 8270
f 8272 8271 8433
f 8272 8433 8434
f 8273 8435 8436
f 8273 8436 8274
f 8272 8434 8435
f 8272 8435 8273
f 8434 8433 8436
f 8434 8436 8435
f 8433 8271 8274
f 8433 8274 8436
f 8271 8272 8273
f 8271 8273 8274
f 8276 8275 8437
f 8276 8437 8438
f 8277 8439 8440
f 8277 8440 8278
f 8276 8438 8439
f 8276 8439 8277
f 8438 8437 8440
f 8438 8440 8439
f 8437 8275 8278
f 8437 8278 8440
f 8275 8276 8277
f 8275 8277 8278
f 8280 8279 8441
f 8280 8441 8442
f 8281 8443 8444
f 8281 8444 8282
f 8280 8442 8443
f 8280 8443 8281
f 8442 8441 8444
f 8442 8444 8443
f 8441 8279 8282
f 8441 8282 8444
f 8279 8280 8281
f 8279 8281 8282
f 8284 8283 8445
f 8284 8445 8446
f 8285 8447 8448
f 8285 8448 8286
f 8284 8446 8447
f 8284 8447 8285
f 8446 8445 8448
f 8446 8448 8447
f 8445 8283 8286
f 8445 8286 8448
f 8283 8284 8285
f 8283 8285 8286
f 8288 8287 8449
f 8288 8449 8450
f 8289 8451 8452
f 8289 8452 8290
f 8288 8450 8451
f 8288 8451 8289
f 8450 8449 8452
f 8450 8452 8451
f 8449 8287 8290
f 8449 8290 8452
f 8287 8288 8289
f 8287 8289 8290
f 8292 8291 8453
f 8292 8453 8454
f 8293 8455 8456
f 8293 8456 8294
f 8292 8454 8455
f 8292 8455 8293
f 8454 8453 8456
f 8454 8456 8455
f 8453 8291 8294
f 8453 8294 8456
f 8291 8292 8293
f 8291 8293 8294
f 8296 8295 8457
f 8296 8457 8458
f 8297 8459 8460
f 8297 8460 8298
f 8296 8458 8459
f 8296 8459 8297
f 8458 8457 8460
f 8458 8460 8459
f 8457 8295 8298
f 8457 8298 8460
f 8295 8296 8297
f 8295 8297 8298
f 8300 8299 8461
f 8300 8461 8462
f 8301 8463 8464
f 8301 8464 8302
f 8300 8462 8463
f 8300 8463 8301
f 8462 8461 8464
f 8462 8464 8463
f 8461 8299 8302
f 8461 8302 8464
f 8299 8300 8301
f 8299 8301 8302
f 8304 8303 8465
f 8304 8465 8466
f 8305 8467 8468
f 8305 8468 8306
f 8304 8466 8467
f 8304 8467 8305
f 8466 8465 8468
f 8466 8468 8467
f 8465 8303 8306
f 8465 8306 8468
f 8303 8304 8305
f 8303 8305 8306
f 8308 8307 8469
f 8308 8469 8470
f 8309 8471 8472
f 8309 8472 8310
f 8308 8470 8471
f 8308 8471 8309
f 8470 8469 8472
f 8470 8472 8471
f 8469 8307 8310
f 8469 8310 8472
f 8307 8308 8309
f 8307 8309 8310
f 8312 8311 8473
f 8312 8473 8474
f 8313 8475 8476
f 8313 8476 8314
f 8312 8474 8475
f 8312 8475 8313
f 8474 8473 8476
f 8474 8476 8475
f 8473 8311 8314
f 8473 8314 8476
f 8311 8312 8313
f 8311 8313 8314
f 8316 8315 8477
f 8316 8477 8478
f 8317 8479 8480
f 8317 8480 8318
f 8316 8478 8479
f 8316 8479 8317
f 8478 8477 8480
f 8478 8480 8479
f 8477 8315 8318
f 8477 8318 8480
f 8315 8316 8317
f 8315 8317 8318
f 8320 8319 8481
f 8320 8481 8482
f 8321 8483 8484
f 8321 8484 8322
f 8320 8482 8483
f 8320 8483 8321
f 8482 8481 8484
f 8482 8484 8483
f 8481 8319 8322
f 8481 8322 8484
f 8319 8320 8321
f 8319 8321 8322
f 8324 8323 8485
f 8324 8485 8486
f 8325 8487 8488
f 8325 8488 8326
f 8324 8486 8487
f 8324 8487 8325
f 8486 8485 8488
f 8486 8488 8487
f 8485 8323 8326
f 8485 8326 8488
f 8323 8324 8325
f 8323 8325 8326
f 8328 8327 8489
f 8328 8489 8490
f 8329 8491 8492
f 8329 8492 8330
f 8328 8490 8491
f 8328 8491 8329
f 8490 8489 8492
f 8490 8492 8491
f 8489 8327 8330
f 8489 8330 8492
f 8327 8328 8329
f 8327 8329 8330
f 8327 8331 8493
f 8327 8493 8489
f 8330 8492 8494
f 8330 8494 8332
f 8327 8489 8492
f 8327 8492 8330
f 8489 8493 8494
f 8489 8494 8492
f 8493 8331 8332
f 8493 8332 8494
f 8331 8327 8330
f 8331 8330 8332
f 8331 8333 8495
f 8331 8495 8493
f 8332 8494 8496
f 8332 8496 8334
f 8331 8493 8494
f 8331 8494 8332
f 8493 8495 8496
f 8493 8496 8494
f 8495 8333 8334
f 8495 8334 8496
f 8333 8331 8332
f 8333 8332 8334
f 8336 8335 8497
f 8336 8497 8498
f 8337 8499 8500
f 8337 8500 8338
f 8336 8498 8499
f 8336 8499 8337
f 8498 8497 8500
f 8498 8500 8499
f 8497 8335 8338
f 8497 8338 8500
f 8335 8336 8337
f 8335 8337 8338
f 8340 8339 8501
f 8340 8501 8502
f 8341 8503 8504
f 8341 8504 8342
f 8340 8502 8503
f 8340 8503 8341
f 8502 8501 8504
f 8502 8504 8503
f 8501 8339 8342
f 8501 8342 8504
f 8339 8340 8341
f 8339 8341 8342
f 8339 8343 8505
f 8339 8505 8501
f 8342 8504 8506
f 8342 8506 8344
f 8339 8501 8504
f 8339 8504 8342
f 8501 8505 8506
f 8501 8506 8504
f 8505 8343 8344
f 8505 8344 8506
f 8343 8339 8342
f 8343 8342 8344
f 8346 8345 8507
f 8346 8507 8508
f 8347 8509 8510
f 8347 8510 8348
f 8346 8508 8509
f 8346 8509 8347
f 8508 8507 8510
f 8508 8510 8509
f 8507 8345 8348
f 8507 8348 8510
f 8345 8346 8347
f 8345 8347 8348
f 8345 8350 8511
f 8345 8511 8507
f 8348 8510 8512
f 8348 8512 8351
f 8345 8507 8510
f 8345 8510 8348
f 8507 8511 8512
f 8507 8512 8510
f 8511 8350 8351
f 8511 8351 8512
f 8350 8345 8348
f 8350 8348 8351
f 8513 8514 8515
f 8513 8515 8516
f 8517 8518 8519
f 8517 8519 8520
f 8513 8516 8518
f 8513 8518 8517
f 8516 8515 8519
f 8516 8519 8518
f 8515 8514 8520
f 8515 8520 8519
f 8514 8513 8517
f 8514 8517 8520
f 8521 8522 8523
f 8521 8523 8524
f 8525 8526 8527
f 8525 8527 8528
f 8521 8524 8526
f 8521 8526 8525
f 8524 8523 8527
f 8524 8527 8526
f 8523 8522 8528
f 8523 8528 8527
f 8522 8521 8525
f 8522 8525 8528
f 8354 8353 8529
f 8354 8529 8530
f 8355 8531 8532
f 8355 8532 8356
f 8354 8530 8531
f 8354 8531 8355
f 8530 8529 8532
f 8530 8532 8531
f 8529 8353 8356
f 8529 8356 8532
f 8353 8354 8355
f 8353 8355 8356
f 8406 8405 8533
f 8406 8533 8534
f 8407 8535 8536
f 8407 8536 8408
f 8406 8534 8535
f 8406 8535 8407
f 8534 8533 8536
f 8534 8536 8535
f 8533 8405 8408
f 8533 8408 8536
f 8405 8406 8407
f 8405 8407 8408
f 8410 8409 8537
f 8410 8537 8538
f 8411 8539 8540
f 8411 8540 8412
f 8410 8538 8539
f 8410 8539 8411
f 8538 8537 8540
f 8538 8540 8539
f 8537 8409 8412
f 8537 8412 8540
f 8409 8410 8411
f 8409 8411 8412
f 8414 8413 8541
f 8414 8541 8542
f 8415 8543 8544
f 8415 8544 8416
f 8414 8542 8543
f 8414 8543 8415
f 8542 8541 8544
f 8542 8544 8543
f 8541 8413 8416
f 8541 8416 8544
f 8413 8414 8415
f 8413 8415 8416
f 8418 8417 8545
f 8418 8545 8546
f 8419 8547 8548
f 8419 8548 8420
f 8418 8546 8547
f 8418 8547 8419
f 8546 8545 8548
f 8546 8548 8547
f 8545 8417 8420
f 8545 8420 8548
f 8417 8418 8419
f 8417 8419 8420
f 8422 8421 8549
f 8422 8549 8550
f 8423 8551 8552
f 8423 8552 8424
f 8422 8550 8551
f 8422 8551 8423
f 8550 8549 8552
f 8550 8552 8551
f 8549 8421 8424
f 8549 8424 8552
f 8421 8422 8423
f 8421 8423 8424
f 8426 8425 8553
f 8426 8553 8554
f 8427 8555 8556
f 8427 8556 8428
f 8426 8554 8555
f 8426 8555 8427
f 8554 8553 8556
f 8554 8556 8555
f 8553 8425 8428
f 8553 8428 8556
f 8425 8426 8427
f 8425 8427 8428
f 8430 8429 8557
f 8430 8557 8558
f 8431 8559 8560
f 8431 8560 8432
f 8430 8558 8559
f 8430 8559 8431
f 8558 8557 8560
f 8558 8560 8559
f 8557 8429 8432
f 8557 8432 8560
f 8429 8430 8431
f 8429 8431 8432
f 8434 8433 8561
f 8434 8561 8562
f 8435 8563 8564
f 8435 8564 8436
f 8434 8562 8563
f 8434 8563 8435
f 8562 8561 8564
f 8562 8564 8563
f 8561 8433 8436
f 8561 8436 8564
f 8433 8434 8435
f 8433 8435 8436
f 8438 8437 8565
f 8438 8565 8566
f 8439 8567 8568
f 8439 8568 8440
f 8438 8566 8567
f 8438 8567 8439
f 8566 8565 8568
f 8566 8568 8567
f 8565 8437 8440
f 8565 8440 8568
f 8437 8438 8439
f 8437 8439 8440
f 8442 8441 8569
f 8442 8569 8570
f 8443 8571 8572
f 8443 8572 8444
f 8442 8570 8571
f 8442 8571 8443
f 8570 8569 8572
f 8570 8572 8571
f 8569 8441 8444
f 8569 8444 8572
f 8441 8442 8443
f 8441 8443 8444
f 8446 8445 8573
f 8446 8573 8574
f 8447 8575 8576
f 8447 8576 8448
f 8446 8574 8575
f 8446 8575 8447
f 8574 8573 8576
f 8574 8576 8575
f 8573 8445 8448
f 8573 8448 8576
f 8445 8446 8447
f 8445 8447 8448
f 8450 8449 8577
f 8450 8577 8578
f 8451 8579 8580
f 8451 8580 8452
f 8450 8578 8579
f 8450 8579 8451
f 8578 8577 8580
f 8578 8580 8579
f 8577 8449 8452
f 8577 8452 8580
f 8449 8450 8451
f 8449 8451 8452
f 8454 8453 8581
f 8454 8581 8582
f 8455 8583 8584
f 8455 8584 8456
f 8454 8582 8583
f 8454 8583 8455
f 8582 8581 8584
f 8582 8584 8583
f 8581 8453 8456
f 8581 8456 8584
f 8453 8454 8455
f 8453 8455 8456
f 8458 8457 8585
f 8458 8585 8586
f 8459 8587 8588
f 8459 8588 8460
f 8458 8586 8587
f 8458 8587 8459
f 8586 8585 8588
f 8586 8588 8587
f 8585 8457 8460
f 8585 8460 8588
f 8457 8458 8459
f 8457 8459 8460
f 8462 8461 8589
f 8462 8589 8590
f 8463 8591 8592
f 8463 8592 8464
f 8462 8590 8591
f 8462 8591 8463
f 8590 8589 8592
f 8590 8592 8591
f 8589 8461 8464
f 8589 8464 8592
f 8461 8462 8463
f 8461 8463 8464
f 8466 8465 8593
f 8466 8593 8594
f 8467 8595 8596
f 8467 8596 8468
f 8466 8594 8595
f 8466 8595 8467
f 8594 8593 8596
f 8594 8596 8595
f 8593 8465 8468
f 8593 8468 8596
f 8465 8466 8467
f 8465 8467 8468
f 8470 8469 8597
f 8470 8597 8598
f 8471 8599 8600
f 8471 8600 8472
f 8470 8598 8599
f 8470 8599 8471
f 8598 8597 8600
f 8598 8600 8599
f 8597 8469 8472
f 8597 8472 8600
f 8469 8470 8471
f 8469 8471 8472
f 8474 8473 8601
f 8474 8601 8602
f 8475 8603 8604
f 8475 8604 8476
f 8474 8602 8603
f 8474 8603 8475
f 8602 8601 8604
f 8602 8604 8603
f 8601 8473 8476
f 8601 8476 8604
f 8473 8474 8475
f 8473 8475 8476
f 8478 8477 8605
f 8478 8605 8606
f 8479 8607 8608
f 8479 8608 8480
f 8478 8606 8607
f 8478 8607 8479
f 8606 8605 8608
f 8606 8608 8607
f 8605 8477 8480
f 8605 8480 8608
f 8477 8478 8479
f 8477 8479 8480
f 8482 8481 8609
f 8482 8609 8610
f 8483 8611 8612
f 8483 8612 8484
f 8482 8610 8611
f 8482 8611 8483
f 8610 8609 8612
f 8610 8612 8611
f 8609 8481 8484
f 8609 8484 8612
f 8481 8482 8483
f 8481 8483 8484
f 8486 8485 8613
f 8486 8613 8614
f 8487 8615 8616
f 8487 8616 8488
f 8486 8614 8615
f 8486 8615 8487
f 8614 8613 8616
f 8614 8616 8615
f 8613 8485 8488
f 8613 8488 8616
f 8485 8486 8487
f 8485 8487 8488
f 8490 8489 8617
f 8490 8617 8618
f 8491 8619 8620
f 8491 8620 8492
f 8490 8618 8619
f 8490 8619 8491
f 8618 8617 8620
f 8618 8620 8619
f 8617 8489 8492
f 8617 8492 8620
f 8489 8490 8491
f 8489 8491 8492
f 8489 8493 8621
f 8489 8621 8617
f 8492 8620 8622
f 8492 8622 8494
f 8489 8617 8620
f 8489 8620 8492
f 8617 8621 8622
f 8617 8622 8620
f 8621 8493 8494
f 8621 8494 8622
f 8493 8489 8492
f 8493 8492 8494
f 8493 8495 8623
f 8493 8623 8621
f 8494 8622 8624
f 8494 8624 8496
f 8493 8621 8622
f 8493 8622 8494
f 8621 8623 8624
f 8621 8624 8622
f 8623 8495 8496
f 8623 8496 8624
f 8495 8493 8494
f 8495 8494 8496
f 8498 8497 8625
f 8498 8625 8626
f 8499 8627 8628
f 8499 8628 8500
f 8498 8626 8627
f 8498 8627 8499
f 8626 8625 8628
f 8626 8628 8627
f 8625 8497 8500
f 8625 8500 8628
f 8497 8498 8499
f 8497 8499 8500
f 8502 8501 8629
f 8502 8629 8630
f 8503 8631 8632
f 8503 8632 8504
f 8502 8630 8631
f 8502 8631 8503
f 8630 8629 8632
f 8630 8632 8631
f 8629 8501 8504
f 8629 8504 8632
f 8501 8502 8503
f 8501 8503 8504
f 8501 8505 8633
f 8501 8633 8629
f 8504 8632 8634
f 8504 8634 8506
f 8501 8629 8632
f 8501 8632 8504
f 8629 8633 8634
f 8629 8634 8632
f 8633 8505 8506
f 8633 8506 8634
f 8505 8501 8504
f 8505 8504 8506
f 8508 8507 8635
f 8508 8635 8636
f 8509 8637 8638
f 8509 8638 8510
f 8508 8636 8637
f 8508 8637 8509
f 8636 8635 8638
f 8636 8638 8637
f 8635 8507 8510
f 8635 8510 8638
f 8507 8508 8509
f 8507 8509 8510
f 8507 8511 8639
f 8507 8639 8635
f 8510 8638 8640
f 8510 8640 8512
f 8507 8635 8638
f 8507 8638 8510
f 8635 8639 8640
f 8635 8640 8638
f 8639 8511 8512
f 8639 8512 8640
f 8511 8507 8510
f 8511 8510 8512
f 8516 8515 8641
f 8516 8641 8642
f 8518 8643 8644
f 8518 8644 8519
f 8516 8642 8643
f 8516 8643 8518
f 8642 8641 8644
f 8642 8644 8643
f 8641 8515 8519
f 8641 8519 8644
f 8515 8516 8518
f 8515 8518 8519
f 8515 8645 8646
f 8515 8646 8641
f 8519 8644 8647
f 8519 8647 8648
f 8515 8641 8644
f 8515 8644 8519
f 8641 8646 8647
f 8641 8647 8644
f 8646 8645 8648
f 8646 8648 8647
f 8645 8515 8519
f 8645 8519 8648
f 8645 8649 8650
f 8645 8650 8646
f 8648 8647 8651
f 8648 8651 8652
f 8645 8646 8647
f 8645 8647 8648
f 8646 8650 8651
f 8646 8651 8647
f 8650 8649 8652
f 8650 8652 8651
f 8649 8645 8648
f 8649 8648 8652
f 8653 8654 8655
f 8653 8655 8656
f 8657 8658 8659
f 8657 8659 8660
f 8653 8656 8658
f 8653 8658 8657
f 8656 8655 8659
f 8656 8659 8658
f 8655 8654 8660
f 8655 8660 8659
f 8654 8653 8657
f 8654 8657 8660
f 8654 8524 8661
f 8654 8661 8655
f 8660 8659 8662
f 8660 8662 8526
f 8654 8655 8659
f 8654 8659 8660
f 8655 8661 8662
f 8655 8662 8659
f 8661 8524 8526
f 8661 8526 8662
f 8524 8654 8660
f 8524 8660 8526
f 8524 8523 8663
f 8524 8663 8661
f 8526 8662 8664
f 8526 8664 8527
f 8524 8661 8662
f 8524 8662 8526
f 8661 8663 8664
f 8661 8664 8662
f 8663 8523 8527
f 8663 8527 8664
f 8523 8524 8526
f 8523 8526 8527
f 8530 8529 8665
f 8530 8665 8666
f 8531 8667 8668
f 8531 8668 8532
f 8530 8666 8667
f 8530 8667 8531
f 8666 8665 8668
f 8666 8668 8667
f 8665 8529 8532
f 8665 8532 8668
f 8529 8530 8531
f 8529 8531 8532
f 8534 8533 8669
f 8534 8669 8670
f 8535 8671 8672
f 8535 8672 8536
f 8534 8670 8671
f 8534 8671 8535
f 8670 8669 8672
f 8670 8672 8671
f 8669 8533 8536
f 8669 8536 8672
f 8533 8534 8535
f 8533 8535 8536
f 8538 8537 8673
f 8538 8673 8674
f 8539 8675 8676
f 8539 8676 8540
f 8538 8674 8675
f 8538 8675 8539
f 8674 8673 8676
f 8674 8676 8675
f 8673 8537 8540
f 8673 8540 8676
f 8537 8538 8539
f 8537 8539 8540
f 8542 8541 8677
f 8542 8677 8678
f 8543 8679 8680
f 8543 8680 8544
f 8542 8678 8679
f 8542 8679 8543
f 8678 8677 8680
f 8678 8680 8679
f 8677 8541 8544
f 8677 8544 8680
f 8541 8542 8543
f 8541 8543 8544
f 8546 8545 8681
f 8546 8681 8682
f 8547 8683 8684
f 8547 8684 8548
f 8546 8682 8683
f 8546 8683 8547
f 8682 8681 8684
f 8682 8684 8683
f 8681 8545 8548
f 8681 8548 8684
f 8545 8546 8547
f 8545 8547 8548
f 8550 8549 8685
f 8550 8685 8686
f 8551 8687 8688
f 8551 8688 8552
f 8550 8686 8687
f 8550 8687 8551
f 8686 8685 8688
f 8686 8688 8687
f 8685 8549 8552
f 8685 8552 8688
f 8549 8550 8551
f 8549 8551 8552
f 8554 8553 8689
f 8554 8689 8690
f 8555 8691 8692
f 8555 8692 8556
f 8554 8690 8691
f 8554 8691 8555
f 8690 8689 8692
f 8690 8692 8691
f 8689 8553 8556
f 8689 8556 8692
f 8553 8554 8555
f 8553 8555 8556
f 8558 8557 8693
f 8558 8693 8694
f 8559 8695 8696
f 8559 8696 8560
f 8558 8694 8695
f 8558 8695 8559
f 8694 8693 8696
f 8694 8696 8695
f 8693 8557 8560
f 8693 8560 8696
f 8557 8558 8559
f 8557 8559 8560
f 8562 8561 8697
f 8562 8697 8698
f 8563 8699 8700
f 8563 8700 8564
f 8562 8698 8699
f 8562 8699 8563
f 8698 8697 8700
f 8698 8700 8699
f 8697 8561 8564
f 8697 8564 8700
f 8561 8562 8563
f 8561 8563 8564
f 8566 8565 8701
f 8566 8701 8702
f 8567 8703 8704
f 8567 8704 8568
f 8566 8702 8703
f 8566 8703 8567
f 8702 8701 8704
f 8702 8704 8703
f 8701 8565 8568
f 8701 8568 8704
f 8565 8566 8567
f 8565 8567 8568
f 8570 8569 8705
f 8570 8705 8706
f 8571 8707 8708
f 8571 8708 8572
f 8570 8706 8707
f 8570 8707 8571
f 8706 8705 8708
f 8706 8708 8707
f 8705 8569 8572
f 8705 8572 8708
f 8569 8570 8571
f 8569 8571 8572
f 8574 8573 8709
f 8574 8709 8710
f 8575 8711 8712
f 8575 8712 8576
f 8574 8710 8711
f 8574 8711 8575
f 8710 8709 8712
f 8710 8712 8711
f 8709 8573 8576
f 8709 8576 8712
f 8573 8574 8575
f 8573 8575 8576
f 8578 8577 8713
f 8578 8713 8714
f 8579 8715 8716
f 8579 8716 8580
f 8578 8714 8715
f 8578 8715 8579
f 8714 8713 8716
f 8714 8716 8715
f 8713 8577 8580
f 8713 8580 8716
f 8577 8578 8579
f 8577 8579 8580
f 8582 8581 8717
f 8582 8717 8718
f 8583 8719 8720
f 8583 8720 8584
f 8582 8718 8719
f 8582 8719 8583
f 8718 8717 8720
f 8718 8720 8719
f 8717 8581 8584
f 8717 8584 8720
f 8581 8582 8583
f 8581 8583 8584
f 8586 8585 8721
f 8586 8721 8722
f 8587 8723 8724
f 8587 8724 8588
f 8586 8722 8723
f 8586 8723 8587
f 8722 8721 8724
f 8722 8724 8723
f 8721 8585 8588
f 8721 8588 8724
f 8585 8586 8587
f 8585 8587 8588
f 8590 8589 8725
f 8590 8725 8726
f 8591 8727 8728
f 8591 8728 8592
f 8590 8726 8727
f 8590 8727 8591
f 8726 8725 8728
f 8726 8728 8727
f 8725 8589 8592
f 8725 8592 8728
f 8589 8590 8591
f 8589 8591 8592
f 8594 8593 8729
f 8594 8729 8730
f 8595 8731 8732
f 8595 8732 8596
f 8594 8730 8731
f 8594 8731 8595
f 8730 8729 8732
f 8730 8732 8731
f 8729 8593 8596
f 8729 8596 8732
f 8593 8594 8595
f 8593 8595 8596
f 8598 8597 8733
f 8598 8733 8734
f 8599 8735 8736
f 8599 8736 8600
f 8598 8734 8735
f 8598 8735 8599
f 8734 8733 8736
f 8734 8736 8735
f 8733 8597 8600
f 8733 8600 8736
f 8597 8598 8599
f 8597 8599 8600
f 8602 8601 8737
f 8602 8737 8738
f 8603 8739 8740
f 8603 8740 8604
f 8602 8738 8739
f 8602 8739 8603
f 8738 8737 8740
f 8738 8740 8739
f 8737 8601 8604
f 8737 8604 8740
f 8601 8602 8603
f 8601 8603 8604
f 8606 8605 8741
f 8606 8741 8742
f 8607 8743 8744
f 8607 8744 8608
f 8606 8742 8743
f 8606 8743 8607
f 8742 8741 8744
f 8742 8744 8743
f 8741 8605 8608
f 8741 8608 8744
f 8605 8606 8607
f 8605 8607 8608
f 8610 8609 8745
f 8610 8745 8746
f 8611 8747 8748
f 8611 8748 8612
f 8610 8746 8747
f 8610 8747 8611
f 8746 8745 8748
f 8746 8748 8747
f 8745 8609 8612
f 8745 8612 8748
f 8609 8610 8611
f 8609 8611 8612
f 8614 8613 8749
f 8614 8749 8750
f 8615 8751 8752
f 8615 8752 8616
f 8614 8750 8751
f 8614 8751 8615
f 8750 8749 8752
f 8750 8752 8751
f 8749 8613 8616
f 8749 8616 8752
f 8613 8614 8615
f 8613 8615 8616
f 8618 8617 8753
f 8618 8753 8754
f 8619 8755 8756
f 8619 8756 8620
f 8618 8754 8755
f 8618 8755 8619
f 8754 8753 8756
f 8754 8756 8755
f 8753 8617 8620
f 8753 8620 8756
f 8617 8618 8619
f 8617 8619 8620
f 8617 8621 8757
f 8617 8757 8753
f 8620 8756 8758
f 8620 8758 8622
f 8617 8753 8756
f 8617 8756 8620
f 8753 8757 8758
f 8753 8758 8756
f 8757 8621 8622
f 8757 8622 8758
f 8621 8617 8620
f 8621 8620 8622
f 8621 8623 8759
f 8621 8759 8757
f 8622 8758 8760
f 8622 8760 8624
f 8621 8757 8758
f 8621 8758 8622
f 8757 8759 8760
f 8757 8760 8758
f 8759 8623 8624
f 8759 8624 8760
f 8623 8621 8622
f 8623 8622 8624
f 8626 8625 8761
f 8626 8761 8762
f 8627 8763 8764
f 8627 8764 8628
f 8626 8762 8763
f 8626 8763 8627
f 8762 8761 8764
f 8762 8764 8763
f 8761 8625 8628
f 8761 8628 8764
f 8625 8626 8627
f 8625 8627 8628
f 8630 8629 8765
f 8630 8765 8766
f 8631 8767 8768
f 8631 8768 8632
f 8630 8766 8767
f 8630 8767 8631
f 8766 8765 8768
f 8766 8768 8767
f 8765 8629 8632
f 8765 8632 8768
f 8629 8630 8631
f 8629 8631 8632
f 8629 8633 8769
f 8629 8769 8765
f 8632 8768 8770
f 8632 8770 8634
f 8629 8765 8768
f 8629 8768 8632
f 8765 8769 8770
f 8765 8770 8768
f 8769 8633 8634
f 8769 8634 8770
f 8633 8629 8632
f 8633 8632 8634
f 8636 8635 8771
f 8636 8771 8772
f 8637 8773 8774
f 8637 8774 8638
f 8636 8772 8773
f 8636 8773 8637
f 8772 8771 8774
f 8772 8774 8773
f 8771 8635 8638
f 8771 8638 8774
f 8635 8636 8637
f 8635 8637 8638
f 8635 8639 8775
f 8635 8775 8771
f 8638 8774 8776
f 8638 8776 8640
f 8635 8771 8774
f 8635 8774 8638
f 8771 8775 8776
f 8771 8776 8774
f 8775 8639 8640
f 8775 8640 8776
f 8639 8635 8638
f 8639 8638 8640
f 8642 8641 8777
f 8642 8777 8778
f 8643 8779 8780
f 8643 8780 8644
f 8642 8778 8779
f 8642 8779 8643
f 8778 8777 8780
f 8778 8780 8779
f 8777 8641 8644
f 8777 8644 8780
f 8641 8642 8643
f 8641 8643 8644
f 8670 8669 8781
f 8670 8781 8782
f 8671 8783 8784
f 8671 8784 8672
f 8670 8782 8783
f 8670 8783 8671
f 8782 8781 8784
f 8782 8784 8783
f 8781 8669 8672
f 8781 8672 8784
f 8669 8670 8671
f 8669 8671 8672
f 8674 8673 8785
f 8674 8785 8786
f 8675 8787 8788
f 8675 8788 8676
f 8674 8786 8787
f 8674 8787 8675
f 8786 8785 8788
f 8786 8788 8787
f 8785 8673 8676
f 8785 8676 8788
f 8673 8674 8675
f 8673 8675 8676
f 8678 8677 8789
f 8678 8789 8790
f 8679 8791 8792
f 8679 8792 8680
f 8678 8790 8791
f 8678 8791 8679
f 8790 8789 8792
f 8790 8792 8791
f 8789 8677 8680
f 8789 8680 8792
f 8677 8678 8679
f 8677 8679 8680
f 8682 8681 8793
f 8682 8793 8794
f 8683 8795 8796
f 8683 8796 8684
f 8682 8794 8795
f 8682 8795 8683
f 8794 8793 8796
f 8794 8796 8795
f 8793 8681 8684
f 8793 8684 8796
f 8681 8682 8683
f 8681 8683 8684
f 8686 8685 8797
f 8686 8797 8798
f 8687 8799 8800
f 8687 8800 8688
f 8686 8798 8799
f 8686 8799 8687
f 8798 8797 8800
f 8798 8800 8799
f 8797 8685 8688
f 8797 8688 8800
f 8685 8686 8687
f 8685 8687 8688
f 8690 8689 8801
f 8690 8801 8802
f 8691 8803 8804
f 8691 8804 8692
f 8690 8802 8803
f 8690 8803 8691
f 8802 8801 8804
f 8802 8804 8803
f 8801 8689 8692
f 8801 8692 8804
f 8689 8690 8691
f 8689 8691 8692
f 8694 8693 8805
f 8694 8805 8806
f 8695 8807 8808
f 8695 8808 8696
f 8694 8806 8807
f 8694 8807 8695
f 8806 8805 8808
f 8806 8808 8807
f 8805 8693 8696
f 8805 8696 8808
f 8693 8694 8695
f 8693 8695 8696
f 8698 8697 8809
f 8698 8809 8810
f 8699 8811 8812
f 8699 8812 8700
f 8698 8810 8811
f 8698 8811 8699
f 8810 8809 8812
f 8810 8812 8811
f 8809 8697 8700
f 8809 8700 8812
f 8697 8698 8699
f 8697 8699 8700
f 8702 8701 8813
f 8702 8813 8814
f 8703 8815 8816
f 8703 8816 8704
f 8702 8814 8815
f 8702 8815 8703
f 8814 8813 8816
f 8814 8816 8815
f 8813 8701 8704
f 8813 8704 8816
f 8701 8702 8703
f 8701 8703 8704
f 8706 8705 8817
f 8706 8817 8818
f 8707 8819 8820
f 8707 8820 8708
f 8706 8818 8819
f 8706 8819 8707
f 8818 8817 8820
f 8818 8820 8819
f 8817 8705 8708
f 8817 8708 8820
f 8705 8706 8707
f 8705 8707 8708
f 8710 8709 8821
f 8710 8821 8822
f 8711 8823 8824
f 8711 8824 8712
f 8710 8822 8823
f 8710 8823 8711
f 8822 8821 8824
f 8822 8824 8823
f 8821 8709 8712
f 8821 8712 8824
f 8709 8710 8711
f 8709 8711 8712
f 8714 8713 8825
f 8714 8825 8826
f 8715 8827 8828
f 8715 8828 8716
f 8714 8826 8827
f 8714 8827 8715
f 8826 8825 8828
f 8826 8828 8827
f 8825 8713 8716
f 8825 8716 8828
f 8713 8714 8715
f 8713 8715 8716
f 8718 8717 8829
f 8718 8829 8830
f 8719 8831 8832
f 8719 8832 8720
f 8718 8830 8831
f 8718 8831 8719
f 8830 8829 8832
f 8830 8832 8831
f 8829 8717 8720
f 8829 8720 8832
f 8717 8718 8719
f 8717 8719 8720
f 8722 8721 8833
f 8722 8833 8834
f 8723 8835 8836
f 8723 8836 8724
f 8722 8834 8835
f 8722 8835 8723
f 8834 8833 8836
f 8834 8836 8835
f 8833 8721 8724
f 8833 8724 8836
f 8721 8722 8723
f 8721 8723 8724
f 8726 8725 8837
f 8726 8837 8838
f 8727 8839 8840
f 8727 8840 8728
f 8726 8838 8839
f 8726 8839 8727
f 8838 8837 8840
f 8838 8840 8839
f 8837 8725 8728
f 8837 8728 8840
f 8725 8726 8727
f 8725 8727 8728
f 8730 8729 8841
f 8730 8841 8842
f 8731 8843 8844
f 8731 8844 8732
f 8730 8842 8843
f 8730 8843 8731
f 8842 8841 8844
f 8842 8844 8843
f 8841 8729 8732
f 8841 8732 8844
f 8729 8730 8731
f 8729 8731 8732
f 8734 8733 8845
f 8734 8845 8846
f 8735 8847 8848
f 8735 8848 8736
f 8734 8846 8847
f 8734 8847 8735
f 8846 8845 8848
f 8846 8848 8847
f 8845 8733 8736
f 8845 8736 8848
f 8733 8734 8735
f 8733 8735 8736
f 8738 8737 8849
f 8738 8849 8850
f 8739 8851 8852
f 8739 8852 8740
f 8738 8850 8851
f 8738 8851 8739
f 8850 8849 8852
f 8850 8852 8851
f 8849 8737 8740
f 8849 8740 8852
f 8737 8738 8739
f 8737 8739 8740
f 8742 8741 8853
f 8742 8853 8854
f 8743 8855 8856
f 8743 8856 8744
f 8742 8854 8855
f 8742 8855 8743
f 8854 8853 8856
f 8854 8856 8855
f 8853 8741 8744
f 8853 8744 8856
f 8741 8742 8743
f 8741 8743 8744
f 8746 8745 8857
f 8746 8857 8858
f 8747 8859 8860
f 8747 8860 8748
f 8746 8858 8859
f 8746 8859 8747
f 8858 8857 8860
f 8858 8860 8859
f 8857 8745 8748
f 8857 8748 8860
f 8745 8746 8747
f 8745 8747 8748
f 8750 8749 8861
f 8750 8861 8862
f 8751 8863 8864
f 8751 8864 8752
f 8750 8862 8863
f 8750 8863 8751
f 8862 8861 8864
f 8862 8864 8863
f 8861 8749 8752
f 8861 8752 8864
f 8749 8750 8751
f 8749 8751 8752
f 8754 8753 8865
f 8754 8865 8866
f 8755 8867 8868
f 8755 8868 8756
f 8754 8866 8867
f 8754 8867 8755
f 8866 8865 8868
f 8866 8868 8867
f 8865 8753 8756
f 8865 8756 8868
f 8753 8754 8755
f 8753 8755 8756
f 8753 8757 8869
f 8753 8869 8865
f 8756 8868 8870
f 8756 8870 8758
f 8753 8865 8868
f 8753 8868 8756
f 8865 8869 8870
f 8865 8870 8868
f 8869 8757 8758
f 8869 8758 8870
f 8757 8753 8756
f 8757 8756 8758
f 8757 8759 8871
f 8757 8871 8869
f 8758 8870 8872
f 8758 8872 8760
f 8757 8869 8870
f 8757 8870 8758
f 8869 8871 8872
f 8869 8872 8870
f 8871 8759 8760
f 8871 8760 8872
f 8759 8757 8758
f 8759 8758 8760
f 8762 8761 8873
f 8762 8873 8874
f 8763 8875 8876
f 8763 8876 8764
f 8762 8874 8875
f 8762 8875 8763
f 8874 8873 8876
f 8874 8876 8875
f 8873 8761 8764
f 8873 8764 8876
f 8761 8762 8763
f 8761 8763 8764
f 8766 8765 8877
f 8766 8877 8878
f 8767 8879 8880
f 8767 8880 8768
f 8766 8878 8879
f 8766 8879 8767
f 8878 8877 8880
f 8878 8880 8879
f 8877 8765 8768
f 8877 8768 8880
f 8765 8766 8767
f 8765 8767 8768
f 8765 8769 8881
f 8765 8881 8877
f 8768 8880 8882
f 8768 8882 8770
f 8765 8877 8880
f 8765 8880 8768
f 8877 8881 8882
f 8877 8882 8880
f 8881 8769 8770
f 8881 8770 8882
f 8769 8765 8768
f 8769 8768 8770
f 8772 8771 8883
f 8772 8883 8884
f 8773 8885 8886
f 8773 8886 8774
f 8772 8884 8885
f 8772 8885 8773
f 8884 8883 8886
f 8884 8886 8885
f 8883 8771 8774
f 8883 8774 8886
f 8771 8772 8773
f 8771 8773 8774
f 8771 8775 8887
f 8771 8887 8883
f 8774 8886 8888
f 8774 8888 8776
f 8771 8883 8886
f 8771 8886 8774
f 8883 8887 8888
f 8883 8888 8886
f 8887 8775 8776
f 8887 8776 8888
f 8775 8771 8774
f 8775 8774 8776
f 8778 8777 8889
f 8778 8889 8890
f 8779 8891 8892
f 8779 8892 8780
f 8778 8890 8891
f 8778 8891 8779
f 8890 8889 8892
f 8890 8892 8891
f 8889 8777 8780
f 8889 8780 8892
f 8777 8778 8779
f 8777 8779 8780
f 8782 8781 8893
f 8782 8893 8894
f 8783 8895 8896
f 8783 8896 8784
f 8782 8894 8895
f 8782 8895 8783
f 8894 8893 8896
f 8894 8896 8895
f 8893 8781 8784
f 8893 8784 8896
f 8781 8782 8783
f 8781 8783 8784
f 8786 8785 8897
f 8786 8897 8898
f 8787 8899 8900
f 8787 8900 8788
f 8786 8898 8899
f 8786 8899 8787
f 8898 8897 8900
f 8898 8900 8899
f 8897 8785 8788
f 8897 8788 8900
f 8785 8786 8787
f 8785 8787 8788
f 8790 8789 8901
f 8790 8901 8902
f 8791 8903 8904
f 8791 8904 8792
f 8790 8902 8903
f 8790 8903 8791
f 8902 8901 8904
f 8902 8904 8903
f 8901 8789 8792
f 8901 8792 8904
f 8789 8790 8791
f 8789 8791 8792
f 8794 8793 8905
f 8794 8905 8906
f 8795 8907 8908
f 8795 8908 8796
f 8794 8906 8907
f 8794 8907 8795
f 8906 8905 8908
f 8906 8908 8907
f 8905 8793 8796
f 8905 8796 8908
f 8793 8794 8795
f 8793 8795 8796
f 8798 8797 8909
f 8798 8909 8910
f 8799 8911 8912
f 8799 8912 8800
f 8798 8910 8911
f 8798 8911 8799
f 8910 8909 8912
f 8910 8912 8911
f 8909 8797 8800
f 8909 8800 8912
f 8797 8798 8799
f 8797 8799 8800
f 8802 8801 8913
f 8802 8913 8914
f 8803 8915 8916
f 8803 8916 8804
f 8802 8914 8915
f 8802 8915 8803
f 8914 8913 8916
f 8914 8916 8915
f 8913 8801 8804
f 8913 8804 8916
f 8801 8802 8803
f 8801 8803 8804
f 8806 8805 8917
f 8806 8917 8918
f 8807 8919 8920
f 8807 8920 8808
f 8806 8918 8919
f 8806 8919 8807
f 8918 8917 8920
f 8918 8920 8919
f 8917 8805 8808
f 8917 8808 8920
f 8805 8806 8807
f 8805 8807 8808
f 8810 8809 8921
f 8810 8921 8922
f 8811 8923 8924
f 8811 8924 8812
f 8810 8922 8923
f 8810 8923 8811
f 8922 8921 8924
f 8922 8924 8923
f 8921 8809 8812
f 8921 8812 8924
f 8809 8810 8811
f 8809 8811 8812
f 8814 8813 8925
f 8814 8925 8926
f 8815 8927 8928
f 8815 8928 8816
f 8814 8926 8927
f 8814 8927 8815
f 8926 8925 8928
f 8926 8928 8927
f 8925 8813 8816
f 8925 8816 8928
f 8813 8814 8815
f 8813 8815 8816
f 8818 8817 8929
f 8818 8929 8930
f 8819 8931 8932
f 8819 8932 8820
f 8818 8930 8931
f 8818 8931 8819
f 8930 8929 8932
f 8930 8932 8931
f 8929 8817 8820
f 8929 8820 8932
f 8817 8818 8819
f 8817 8819 8820
f 8822 8821 8933
f 8822 8933 8934
f 8823 8935 8936
f 8823 8936 8824
f 8822 8934 8935
f 8822 8935 8823
f 8934 8933 8936
f 8934 8936 8935
f 8933 8821 8824
f 8933 8824 8936
f 8821 8822 8823
f 8821 8823 8824
f 8826 8825 8937
f 8826 8937 8938
f 8827 8939 8940
f 8827 8940 8828
f 8826 8938 8939
f 8826 8939 8827
f 8938 8937 8940
f 8938 8940 8939
f 8937 8825 8828
f 8937 8828 8940
f 8825 8826 8827
f 8825 8827 8828
f 8830 8829 8941
f 8830 8941 8942
f 8831 8943 8944
f 8831 8944 8832
f 8830 8942 8943
f 8830 8943 8831
f 8942 8941 8944
f 8942 8944 8943
f 8941 8829 8832
f 8941 8832 8944
f 8829 8830 8831
f 8829 8831 8832
f 8834 8833 8945
f 8834 8945 8946
f 8835 8947 8948
f 8835 8948 8836
f 8834 8946 8947
f 8834 8947 8835
f 8946 8945 8948
f 8946 8948 8947
f 8945 8833 8836
f 8945 8836 8948
f 8833 8834 8835
f 8833 8835 8836
f 8838 8837 8949
f 8838 8949 8950
f 8839 8951 8952
f 8839 8952 8840
f 8838 8950 8951
f 8838 8951 8839
f 8950 8949 8952
f 8950 8952 8951
f 8949 8837 8840
f 8949 8840 8952
f 8837 8838 8839
f 8837 8839 8840
f 8842 8841 8953
f 8842 8953 8954
f 8843 8955 8956
f 8843 8956 8844
f 8842 8954 8955
f 8842 8955 8843
f 8954 8953 8956
f 8954 8956 8955
f 8953 8841 8844
f 8953 8844 8956
f 8841 8842 8843
f 8841 8843 8844
f 8846 8845 8957
f 8846 8957 8958
f 8847 8959 8960
f 8847 8960 8848
f 8846 8958 8959
f 8846 8959 8847
f 8958 8957 8960
f 8958 8960 8959
f 8957 8845 8848
f 8957 8848 8960
f 8845 8846 8847
f 8845 8847 8848
f 8850 8849 8961
f 8850 8961 8962
f 8851 8963 8964
f 8851 8964 8852
f 8850 8962 8963
f 8850 8963 8851
f 8962 8961 8964
f 8962 8964 8963
f 8961 8849 8852
f 8961 8852 8964
f 8849 8850 8851
f 8849 8851 8852
f 8854 8853 8965
f 8854 8965 8966
f 8855 8967 8968
f 8855 8968 8856
f 8854 8966 8967
f 8854 8967 8855
f 8966 8965 8968
f 8966 8968 8967
f 8965 8853 8856
f 8965 8856 8968
f 8853 8854 8855
f 8853 8855 8856
f 8858 8857 8969
f 8858 8969 8970
f 8859 8971 8972
f 8859 8972 8860
f 8858 8970 8971
f 8858 8971 8859
f 8970 8969 8972
f 8970 8972 8971
f 8969 8857 8860
f 8969 8860 8972
f 8857 8858 8859
f 8857 8859 8860
f 8862 8861 8973
f 8862 8973 8974
f 8863 8975 8976
f 8863 8976 8864
f 8862 8974 8975
f 8862 8975 8863
f 8974 8973 8976
f 8974 8976 8975
f 8973 8861 8864
f 8973 8864 8976
f 8861 8862 8863
f 8861 8863 8864
f 8866 8865 8977
f 8866 8977 8978
f 8867 8979 8980
f 8867 8980 8868
f 8866 8978 8979
f 8866 8979 8867
f 8978 8977 8980
f 8978 8980 8979
f 8977 8865 8868
f 8977 8868 8980
f 8865 8866 8867
f 8865 8867 8868
f 8865 8869 8981
f 8865 8981 8977
f 8868 8980 8982
f 8868 8982 8870
f 8865 8977 8980
f 8865 8980 8868
f 8977 8981 8982
f 8977 8982 8980
f 8981 8869 8870
f 8981 8870 8982
f 8869 8865 8868
f 8869 8868 8870
f 8869 8871 8983
f 8869 8983 8981
f 8870 8982 8984
f 8870 8984 8872
f 8869 8981 8982
f 8869 8982 8870
f 8981 8983 8984
f 8981 8984 8982
f 8983 8871 8872
f 8983 8872 8984
f 8871 8869 8870
f 8871 8870 8872
f 8874 8873 8985
f 8874 8985 8986
f 8875 8987 8988
f 8875 8988 8876
f 8874 8986 8987
f 8874 8987 8875
f 8986 8985 8988
f 8986 8988 8987
f 8985 8873 8876
f 8985 8876 8988
f 8873 8874 8875
f 8873 8875 8876
f 8878 8877 8989
f 8878 8989 8990
f 8879 8991 8992
f 8879 8992 8880
f 8878 8990 8991
f 8878 8991 8879
f 8990 8989 8992
f 8990 8992 8991
f 8989 8877 8880
f 8989 8880 8992
f 8877 8878 8879
f 8877 8879 8880
f 8877 8881 8993
f 8877 8993 8989
f 8880 8992 8994
f 8880 8994 8882
f 8877 8989 8992
f 8877 8992 8880
f 8989 8993 8994
f 8989 8994 8992
f 8993 8881 8882
f 8993 8882 8994
f 8881 8877 8880
f 8881 8880 8882
f 8884 8883 8995
f 8884 8995 8996
f 8885 8997 8998
f 8885 8998 8886
f 8884 8996 8997
f 8884 8997 8885
f 8996 8995 8998
f 8996 8998 8997
f 8995 8883 8886
f 8995 8886 8998
f 8883 8884 8885
f 8883 8885 8886
f 8883 8887 8999
f 8883 8999 8995
f 8886 8998 9000
f 8886 9000 8888
f 8883 8995 8998
f 8883 8998 8886
f 8995 8999 9000
f 8995 9000 8998
f 8999 8887 8888
f 8999 8888 9000
f 8887 8883 8886
f 8887 8886 8888
f 8890 8889 9001
f 8890 9001 9002
f 8891 9003 9004
f 8891 9004 8892
f 8890 9002 9003
f 8890 9003 8891
f 9002 9001 9004
f 9002 9004 9003
f 9001 8889 8892
f 9001 8892 9004
f 8889 8890 8891
f 8889 8891 8892
f 8894 8893 9005
f 8894 9005 9006
f 8895 9007 9008
f 8895 9008 8896
f 8894 9006 9007
f 8894 9007 8895
f 9006 9005 9008
f 9006 9008 9007
f 9005 8893 8896
f 9005 8896 9008
f 8893 8894 8895
f 8893 8895 8896
f 8898 8897 9009
f 8898 9009 9010
f 8899 9011 9012
f 8899 9012 8900
f 8898 9010 9011
f 8898 9011 8899
f 9010 9009 9012
f 9010 9012 9011
f 9009 8897 8900
f 9009 8900 9012
f 8897 8898 8899
f 8897 8899 8900
f 8902 8901 9013
f 8902 9013 9014
f 8903 9015 9016
f 8903 9016 8904
f 8902 9014 9015
f 8902 9015 8903
f 9014 9013 9016
f 9014 9016 9015
f 9013 8901 8904
f 9013 8904 9016
f 8901 8902 8903
f 8901 8903 8904
f 8906 8905 9017
f 8906 9017 9018
f 8907 9019 9020
f 8907 9020 8908
f 8906 9018 9019
f 8906 9019 8907
f 9018 9017 9020
f 9018 9020 9019
f 9017 8905 8908
f 9017 8908 9020
f 8905 8906 8907
f 8905 8907 8908
f 8910 8909 9021
f 8910 9021 9022
f 8911 9023 9024
f 8911 9024 8912
f 8910 9022 9023
f 8910 9023 8911
f 9022 9021 9024
f 9022 9024 9023
f 9021 8909 8912
f 9021 8912 9024
f 8909 8910 8911
f 8909 8911 8912
f 8914 8913 9025
f 8914 9025 9026
f 8915 9027 9028
f 8915 9028 8916
f 8914 9026 9027
f 8914 9027 8915
f 9026 9025 9028
f 9026 9028 9027
f 9025 8913 8916
f 9025 8916 9028
f 8913 8914 8915
f 8913 8915 8916
f 8918 8917 9029
f 8918 9029 9030
f 8919 9031 9032
f 8919 9032 8920
f 8918 9030 9031
f 8918 9031 8919
f 9030 9029 9032
f 9030 9032 9031
f 9029 8917 8920
f 9029 8920 9032
f 8917 8918 8919
f 8917 8919 8920
f 8922 8921 9033
f 8922 9033 9034
f 8923 9035 9036
f 8923 9036 8924
f 8922 9034 9035
f 8922 9035 8923
f 9034 9033 9036
f 9034 9036 9035
f 9033 8921 8924
f 9033 8924 9036
f 8921 8922 8923
f 8921 8923 8924
f 8926 8925 9037
f 8926 9037 9038
f 8927 9039 9040
f 8927 9040 8928
f 8926 9038 9039
f 8926 9039 8927
f 9038 9037 9040
f 9038 9040 9039
f 9037 8925 8928
f 9037 8928 9040
f 8925 8926 8927
f 8925 8927 8928
f 8930 8929 9041
f 8930 9041 9042
f 8931 9043 9044
f 8931 9044 8932
f 8930 9042 9043
f 8930 9043 8931
f 9042 9041 9044
f 9042 9044 9043
f 9041 8929 8932
f 9041 8932 9044
f 8929 8930 8931
f 8929 8931 8932
f 8934 8933 9045
f 8934 9045 9046
f 8935 9047 9048
f 8935 9048 8936
f 8934 9046 9047
f 8934 9047 8935
f 9046 9045 9048
f 9046 9048 9047
f 9045 8933 8936
f 9045 8936 9048
f 8933 8934 8935
f 8933 8935 8936
f 8938 8937 9049
f 8938 9049 9050
f 8939 9051 9052
f 8939 9052 8940
f 8938 9050 9051
f 8938 9051 8939
f 9050 9049 9052
f 9050 9052 9051
f 9049 8937 8940
f 9049 8940 9052
f 8937 8938 8939
f 8937 8939 8940
f 8942 8941 9053
f 8942 9053 9054
f 8943 9055 9056
f 8943 9056 8944
f 8942 9054 9055
f 8942 9055 8943
f 9054 9053 9056
f 9054 9056 9055
f 9053 8941 8944
f 9053 8944 9056
f 8941 8942 8943
f 8941 8943 8944
f 8946 8945 9057
f 8946 9057 9058
f 8947 9059 9060
f 8947 9060 8948
f 8946 9058 9059
f 8946 9059 8947
f 9058 9057 9060
f 9058 9060 9059
f 9057 8945 8948
f 9057 8948 9060
f 8945 8946 8947
f 8945 8947 8948
f 8950 8949 9061
f 8950 9061 9062
f 8951 9063 9064
f 8951 9064 8952
f 8950 9062 9063
f 8950 9063 8951
f 9062 9061 9064
f 9062 9064 9063
f 9061 8949 8952
f 9061 8952 9064
f 8949 8950 8951
f 8949 8951 8952
f 8954 8953 9065
f 8954 9065 9066
f 8955 9067 9068
f 8955 9068 8956
f 8954 9066 9067
f 8954 9067 8955
f 9066 9065 9068
f 9066 9068 9067
f 9065 8953 8956
f 9065 8956 9068
f 8953 8954 8955
f 8953 8955 8956
f 8958 8957 9069
f 8958 9069 9070
f 8959 9071 9072
f 8959 9072 8960
f 8958 9070 9071
f 8958 9071 8959
f 9070 9069 9072
f 9070 9072 9071
f 9069 8957 8960
f 9069 8960 9072
f 8957 8958 8959
f 8957 8959 8960
f 8962 8961 9073
f 8962 9073 9074
f 8963 9075 9076
f 8963 9076 8964
f 8962 9074 9075
f 8962 9075 8963
f 9074 9073 9076
f 9074 9076 9075
f 9073 8961 8964
f 9073 8964 9076
f 8961 8962 8963
f 8961 8963 8964
f 8966 8965 9077
f 8966 9077 9078
f 8967 9079 9080
f 8967 9080 8968
f 8966 9078 9079
f 8966 9079 8967
f 9078 9077 9080
f 9078 9080 9079
f 9077 8965 8968
f 9077 8968 9080
f 8965 8966 8967
f 8965 8967 8968
f 8970 8969 9081
f 8970 9081 9082
f 8971 9083 9084
f 8971 9084 8972
f 8970 9082 9083
f 8970 9083 8971
f 9082 9081 9084
f 9082 9084 9083
f 9081 8969 8972
f 9081 8972 9084
f 8969 8970 8971
f 8969 8971 8972
f 8974 8973 9085
f 8974 9085 9086
f 8975 9087 9088
f 8975 9088 8976
f 8974 9086 9087
f 8974 9087 8975
f 9086 9085 9088
f 9086 9088 9087
f 9085 8973 8976
f 9085 8976 9088
f 8973 8974 8975
f 8973 8975 8976
f 8978 8977 9089
f 8978 9089 9090
f 8979 9091 9092
f 8979 9092 8980
f 8978 9090 9091
f 8978 9091 8979
f 9090 9089 9092
f 9090 9092 9091
f 9089 8977 8980
f 9089 8980 9092
f 8977 8978 8979
f 8977 8979 8980
f 8977 8981 9093
f 8977 9093 9089
f 8980 9092 9094
f 8980 9094 8982
f 8977 9089 9092
f 8977 9092 8980
f 9089 9093 9094
f 9089 9094 9092
f 9093 8981 8982
f 9093 8982 9094
f 8981 8977 8980
f 8981 8980 8982
f 8981 8983 9095
f 8981 9095 9093
f 8982 9094 9096
f 8982 9096 8984
f 8981 9093 9094
f 8981 9094 8982
f 9093 9095 9096
f 9093 9096 9094
f 9095 8983 8984
f 9095 8984 9096
f 8983 8981 8982
f 8983 8982 8984
f 8986 8985 9097
f 8986 9097 9098
f 8987 9099 9100
f 8987 9100 8988
f 8986 9098 9099
f 8986 9099 8987
f 9098 9097 9100
f 9098 9100 9099
f 9097 8985 8988
f 9097 8988 9100
f 8985 8986 8987
f 8985 8987 8988
f 8990 8989 9101
f 8990 9101 9102
f 8991 9103 9104
f 8991 9104 8992
f 8990 9102 9103
f 8990 9103 8991
f 9102 9101 9104
f 9102 9104 9103
f 9101 8989 8992
f 9101 8992 9104
f 8989 8990 8991
f 8989 8991 8992
f 8989 8993 9105
f 8989 9105 9101
f 8992 9104 9106
f 8992 9106 8994
f 8989 9101 9104
f 8989 9104 8992
f 9101 9105 9106
f 9101 9106 9104
f 9105 8993 8994
f 9105 8994 9106
f 8993 8989 8992
f 8993 8992 8994
f 8996 8995 9107
f 8996 9107 9108
f 8997 9109 9110
f 8997 9110 8998
f 8996 9108 9109
f 8996 9109 8997
f 9108 9107 9110
f 9108 9110 9109
f 9107 8995 8998
f 9107 8998 9110
f 8995 8996 8997
f 8995 8997 8998
f 8995 8999 9111
f 8995 9111 9107
f 8998 9110 9112
f 8998 9112 9000
f 8995 9107 9110
f 8995 9110 8998
f 9107 9111 9112
f 9107 9112 9110
f 9111 8999 9000
f 9111 9000 9112
f 8999 8995 8998
f 8999 8998 9000
f 9002 9001 9113
f 9002 9113 9114
f 9003 9115 9116
f 9003 9116 9004
f 9002 9114 9115
f 9002 9115 9003
f 9114 9113 9116
f 9114 9116 9115
f 9113 9001 9004
f 9113 9004 9116
f 9001 9002 9003
f 9001 9003 9004
f 9006 9005 9117
f 9006 9117 9118
f 9007 9119 9120
f 9007 9120 9008
f 9006 9118 9119
f 9006 9119 9007
f 9118 9117 9120
f 9118 9120 9119
f 9117 9005 9008
f 9117 9008 9120
f 9005 9006 9007
f 9005 9007 9008
f 9010 9009 9121
f 9010 9121 9122
f 9011 9123 9124
f 9011 9124 9012
f 9010 9122 9123
f 9010 9123 9011
f 9122 9121 9124
f 9122 9124 9123
f 9121 9009 9012
f 9121 9012 9124
f 9009 9010 9011
f 9009 9011 9012
f 9014 9013 9125
f 9014 9125 9126
f 9015 9127 9128
f 9015 9128 9016
f 9014 9126 9127
f 9014 9127 9015
f 9126 9125 9128
f 9126 9128 9127
f 9125 9013 9016
f 9125 9016 9128
f 9013 9014 9015
f 9013 9015 9016
f 9018 9017 9129
f 9018 9129 9130
f 9019 9131 9132
f 9019 9132 9020
f 9018 9130 9131
f 9018 9131 9019
f 9130 9129 9132
f 9130 9132 9131
f 9129 9017 9020
f 9129 9020 9132
f 9017 9018 9019
f 9017 9019 9020
f 9022 9021 9133
f 9022 9133 9134
f 9023 9135 9136
f 9023 9136 9024
f 9022 9134 9135
f 9022 9135 9023
f 9134 9133 9136
f 9134 9136 9135
f 9133 9021 9024
f 9133 9024 9136
f 9021 9022 9023
f 9021 9023 9024
f 9026 9025 9137
f 9026 9137 9138
f 9027 9139 9140
f 9027 9140 9028
f 9026 9138 9139
f 9026 9139 9027
f 9138 9137 9140
f 9138 9140 9139
f 9137 9025 9028
f 9137 9028 9140
f 9025 9026 9027
f 9025 9027 9028
f 9030 9029 9141
f 9030 9141 9142
f 9031 9143 9144
f 9031 9144 9032
f 9030 9142 9143
f 9030 9143 9031
f 9142 9141 9144
f 9142 9144 9143
f 9141 9029 9032
f 9141 9032 9144
f 9029 9030 9031
f 9029 9031 9032
f 9034 9033 9145
f 9034 9145 9146
f 9035 9147 9148
f 9035 9148 9036
f 9034 9146 9147
f 9034 9147 9035
f 9146 9145 9148
f 9146 9148 9147
f 9145 9033 9036
f 9145 9036 9148
f 9033 9034 9035
f 9033 9035 9036
f 9038 9037 9149
f 9038 9149 9150
f 9039 9151 9152
f 9039 9152 9040
f 9038 9150 9151
f 9038 9151 9039
f 9150 9149 9152
f 9150 9152 9151
f 9149 9037 9040
f 9149 9040 9152
f 9037 9038 9039
f 9037 9039 9040
f 9042 9041 9153
f 9042 9153 9154
f 9043 9155 9156
f 9043 9156 9044
f 9042 9154 9155
f 9042 9155 9043
f 9154 9153 9156
f 9154 9156 9155
f 9153 9041 9044
f 9153 9044 9156
f 9041 9042 9043
f 9041 9043 9044
f 9046 9045 9157
f 9046 9157 9158
f 9047 9159 9160
f 9047 9160 9048
f 9046 9158 9159
f 9046 9159 9047
f 9158 9157 9160
f 9158 9160 9159
f 9157 9045 9048
f 9157 9048 9160
f 9045 9046 9047
f 9045 9047 9048
f 9050 9049 9161
f 9050 9161 9162
f 9051 9163 9164
f 9051 9164 9052
f 9050 9162 9163
f 9050 9163 9051
f 9162 9161 9164
f 9162 9164 9163
f 9161 9049 9052
f 9161 9052 9164
f 9049 9050 9051
f 9049 9051 9052
f 9054 9053 9165
f 9054 9165 9166
f 9055 9167 9168
f 9055 9168 9056
f 9054 9166 9167
f 9054 9167 9055
f 9166 9165 9168
f 9166 9168 9167
f 9165 9053 9056
f 9165 9056 9168
f 9053 9054 9055
f 9053 9055 9056
f 9058 9057 9169
f 9058 9169 9170
f 9059 9171 9172
f 9059 9172 9060
f 9058 9170 9171
f 9058 9171 9059
f 9170 9169 9172
f 9170 9172 9171
f 9169 9057 9060
f 9169 9060 9172
f 9057 9058 9059
f 9057 9059 9060
f 9062 9061 9173
f 9062 9173 9174
f 9063 9175 9176
f 9063 9176 9064
f 9062 9174 9175
f 9062 9175 9063
f 9174 9173 9176
f 9174 9176 9175
f 9173 9061 9064
f 9173 9064 9176
f 9061 9062 9063
f 9061 9063 9064
f 9066 9065 9177
f 9066 9177 9178
f 9067 9179 9180
f 9067 9180 9068
f 9066 9178 9179
f 9066 9179 9067
f 9178 9177 9180
f 9178 9180 9179
f 9177 9065 9068
f 9177 9068 9180
f 9065 9066 9067
f 9065 9067 9068
f 9070 9069 9181
f 9070 9181 9182
f 9071 9183 9184
f 9071 9184 9072
f 9070 9182 9183
f 9070 9183 9071
f 9182 9181 9184
f 9182 9184 9183
f 9181 9069 9072
f 9181 9072 9184
f 9069 9070 9071
f 9069 9071 9072
f 9074 9073 9185
f 9074 9185 9186
f 9075 9187 9188
f 9075 9188 9076
f 9074 9186 9187
f 9074 9187 9075
f 9186 9185 9188
f 9186 9188 9187
f 9185 9073 9076
f 9185 9076 9188
f 9073 9074 9075
f 9073 9075 9076
f 9078 9077 9189
f 9078 9189 9190
f 9079 9191 9192
f 9079 9192 9080
f 9078 9190 9191
f 9078 9191 9079
f 9190 9189 9192
f 9190 9192 9191
f 9189 9077 9080
f 9189 9080 9192
f 9077 9078 9079
f 9077 9079 9080
f 9082 9081 9193
f 9082 9193 9194
f 9083 9195 9196
f 9083 9196 9084
f 9082 9194 9195
f 9082 9195 9083
f 9194 9193 9196
f 9194 9196 9195
f 9193 9081 9084
f 9193 9084 9196
f 9081 9082 9083
f 9081 9083 9084
f 9086 9085 9197
f 9086 9197 9198
f 9087 9199 9200
f 9087 9200 9088
f 9086 9198 9199
f 9086 9199 9087
f 9198 9197 9200
f 9198 9200 9199
f 9197 9085 9088
f 9197 9088 9200
f 9085 9086 9087
f 9085 9087 9088
f 9090 9089 9201
f 9090 9201 9202
f 9091 9203 9204
f 9091 9204 9092
f 9090 9202 9203
f 9090 9203 9091
f 9202 9201 9204
f 9202 9204 9203
f 9201 9089 9092
f 9201 9092 9204
f 9089 9090 9091
f 9089 9091 9092
f 9089 9093 9205
f 9089 9205 9201
f 9092 9204 9206
f 9092 9206 9094
f 9089 9201 9204
f 9089 9204 9092
f 9201 9205 9206
f 9201 9206 9204
f 9205 9093 9094
f 9205 9094 9206
f 9093 9089 9092
f 9093 9092 9094
f 9093 9095 9207
f 9093 9207 9205
f 9094 9206 9208
f 9094 9208 9096
f 9093 9205 9206
f 9093 9206 9094
f 9205 9207 9208
f 9205 9208 9206
f 9207 9095 9096
f 9207 9096 9208
f 9095 9093 9094
f 9095 9094 9096
f 9098 9097 9209
f 9098 9209 9210
f 9099 9211 9212
f 9099 9212 9100
f 9098 9210 9211
f 9098 9211 9099
f 9210 9209 9212
f 9210 9212 9211
f 9209 9097 9100
f 9209 9100 9212
f 9097 9098 9099
f 9097 9099 9100
f 9102 9101 9213
f 9102 9213 9214
f 9103 9215 9216
f 9103 9216 9104
f 9102 9214 9215
f 9102 9215 9103
f 9214 9213 9216
f 9214 9216 9215
f 9213 9101 9104
f 9213 9104 9216
f 9101 9102 9103
f 9101 9103 9104
f 9101 9105 9217
f 9101 9217 9213
f 9104 9216 9218
f 9104 9218 9106
f 9101 9213 9216
f 9101 9216 9104
f 9213 9217 9218
f 9213 9218 9216
f 9217 9105 9106
f 9217 9106 9218
f 9105 9101 9104
f 9105 9104 9106
f 9108 9107 9219
f 9108 9219 9220
f 9109 9221 9222
f 9109 9222 9110
f 9108 9220 9221
f 9108 9221 9109
f 9220 9219 9222
f 9220 9222 9221
f 9219 9107 9110
f 9219 9110 9222
f 9107 9108 9109
f 9107 9109 9110
f 9107 9111 9223
f 9107 9223 9219
f 9110 9222 9224
f 9110 9224 9112
f 9107 9219 9222
f 9107 9222 9110
f 9219 9223 9224
f 9219 9224 9222
f 9223 9111 9112
f 9223 9112 9224
f 9111 9107 9110
f 9111 9110 9112
f 9114 9113 9225
f 9114 9225 9226
f 9115 9227 9228
f 9115 9228 9116
f 9114 9226 9227
f 9114 9227 9115
f 9226 9225 9228
f 9226 9228 9227
f 9225 9113 9116
f 9225 9116 9228
f 9113 9114 9115
f 9113 9115 9116
f 9118 9117 9229
f 9118 9229 9230
f 9119 9231 9232
f 9119 9232 9120
f 9118 9230 9231
f 9118 9231 9119
f 9230 9229 9232
f 9230 9232 9231
f 9229 9117 9120
f 9229 9120 9232
f 9117 9118 9119
f 9117 9119 9120
f 9122 9121 9233
f 9122 9233 9234
f 9123 9235 9236
f 9123 9236 9124
f 9122 9234 9235
f 9122 9235 9123
f 9234 9233 9236
f 9234 9236 9235
f 9233 9121 9124
f 9233 9124 9236
f 9121 9122 9123
f 9121 9123 9124
f 9126 9125 9237
f 9126 9237 9238
f 9127 9239 9240
f 9127 9240 9128
f 9126 9238 9239
f 9126 9239 9127
f 9238 9237 9240
f 9238 9240 9239
f 9237 9125 9128
f 9237 9128 9240
f 9125 9126 9127
f 9125 9127 9128
f 9130 9129 9241
f 9130 9241 9242
f 9131 9243 9244
f 9131 9244 9132
f 9130 9242 9243
f 9130 9243 9131
f 9242 9241 9244
f 9242 9244 9243
f 9241 9129 9132
f 9241 9132 9244
f 9129 9130 9131
f 9129 9131 9132
f 9134 9133 9245
f 9134 9245 9246
f 9135 9247 9248
f 9135 9248 9136
f 9134 9246 9247
f 9134 9247 9135
f 9246 9245 9248
f 9246 9248 9247
f 9245 9133 9136
f 9245 9136 9248
f 9133 9134 9135
f 9133 9135 9136
f 9138 9137 9249
f 9138 9249 9250
f 9139 9251 9252
f 9139 9252 9140
f 9138 9250 9251
f 9138 9251 9139
f 9250 9249 9252
f 9250 9252 9251
f 9249 9137 9140
f 9249 9140 9252
f 9137 9138 9139
f 9137 9139 9140
f 9142 9141 9253
f 9142 9253 9254
f 9143 9255 9256
f 9143 9256 9144
f 9142 9254 9255
f 9142 9255 9143
f 9254 9253 9256
f 9254 9256 9255
f 9253 9141 9144
f 9253 9144 9256
f 9141 9142 9143
f 9141 9143 9144
f 9146 9145 9257
f 9146 9257 9258
f 9147 9259 9260
f 9147 9260 9148
f 9146 9258 9259
f 9146 9259 9147
f 9258 9257 9260
f 9258 9260 9259
f 9257 9145 9148
f 9257 9148 9260
f 9145 9146 9147
f 9145 9147 9148
f 9150 9149 9261
f 9150 9261 9262
f 9151 9263 9264
f 9151 9264 9152
f 9150 9262 9263
f 9150 9263 9151
f 9262 9261 9264
f 9262 9264 9263
f 9261 9149 9152
f 9261 9152 9264
f 9149 9150 9151
f 9149 9151 9152
f 9154 9153 9265
f 9154 9265 9266
f 9155 9267 9268
f 9155 9268 9156
f 9154 9266 9267
f 9154 9267 9155
f 9266 9265 9268
f 9266 9268 9267
f 9265 9153 9156
f 9265 9156 9268
f 9153 9154 9155
f 9153 9155 9156
f 9158 9157 9269
f 9158 9269 9270
f 9159 9271 9272
f 9159 9272 9160
f 9158 9270 9271
f 9158 9271 9159
f 9270 9269 9272
f 9270 9272 9271
f 9269 9157 9160
f 9269 9160 9272
f 9157 9158 9159
f 9157 9159 9160
f 9162 9161 9273
f 9162 9273 9274
f 9163 9275 9276
f 9163 9276 9164
f 9162 9274 9275
f 9162 9275 9163
f 9274 9273 9276
f 9274 9276 9275
f 9273 9161 9164
f 9273 9164 9276
f 9161 9162 9163
f 9161 9163 9164
f 9166 9165 9277
f 9166 9277 9278
f 9167 9279 9280
f 9167 9280 9168
f 9166 9278 9279
f 9166 9279 9167
f 9278 9277 9280
f 9278 9280 9279
f 9277 9165 9168
f 9277 9168 9280
f 9165 9166 9167
f 9165 9167 9168
f 9170 9169 9281
f 9170 9281 9282
f 9171 9283 9284
f 9171 9284 9172
f 9170 9282 9283
f 9170 9283 9171
f 9282 9281 9284
f 9282 9284 9283
f 9281 9169 9172
f 9281 9172 9284
f 9169 9170 9171
f 9169 9171 9172
f 9174 9173 9285
f 9174 9285 9286
f 9175 9287 9288
f 9175 9288 9176
f 9174 9286 9287
f 9174 9287 9175
f 9286 9285 9288
f 9286 9288 9287
f 9285 9173 9176
f 9285 9176 9288
f 9173 9174 9175
f 9173 9175 9176
f 9178 9177 9289
f 9178 9289 9290
f 9179 9291 9292
f 9179 9292 9180
f 9178 9290 9291
f 9178 9291 9179
f 9290 9289 9292
f 9290 9292 9291
f 9289 9177 9180
f 9289 9180 9292
f 9177 9178 9179
f 9177 9179 9180
f 9182 9181 9293
f 9182 9293 9294
f 9183 9295 9296
f 9183 9296 9184
f 9182 9294 9295
f 9182 9295 9183
f 9294 9293 9296
f 9294 9296 9295
f 9293 9181 9184
f 9293 9184 9296
f 9181 9182 9183
f 9181 9183 9184
f 9186 9185 9297
f 9186 9297 9298
f 9187 9299 9300
f 9187 9300 9188
f 9186 9298 9299
f 9186 9299 9187
f 9298 9297 9300
f 9298 9300 9299
f 9297 9185 9188
f 9297 9188 9300
f 9185 9186 9187
f 9185 9187 9188
f 9190 9189 9301
f 9190 9301 9302
f 9191 9303 9304
f 9191 9304 9192
f 9190 9302 9303
f 9190 9303 9191
f 9302 9301 9304
f 9302 9304 9303
f 9301 9189 9192
f 9301 9192 9304
f 9189 9190 9191
f 9189 9191 9192
f 9194 9193 9305
f 9194 9305 9306
f 9195 9307 9308
f 9195 9308 9196
f 9194 9306 9307
f 9194 9307 9195
f 9306 9305 9308
f 9306 9308 9307
f 9305 9193 9196
f 9305 9196 9308
f 9193 9194 9195
f 9193 9195 9196
f 9198 9197 9309
f 9198 9309 9310
f 9199 9311 9312
f 9199 9312 9200
f 9198 9310 9311
f 9198 9311 9199
f 9310 9309 9312
f 9310 9312 9311
f 9309 9197 9200
f 9309 9200 9312
f 9197 9198 9199
f 9197 9199 9200
f 9202 9201 9313
f 9202 9313 9314
f 9203 9315 9316
f 9203 9316 9204
f 9202 9314 9315
f 9202 9315 9203
f 9314 9313 9316
f 9314 9316 9315
f 9313 9201 9204
f 9313 9204 9316
f 9201 9202 9203
f 9201 9203 9204
f 9201 9205 9317
f 9201 9317 9313
f 9204 9316 9318
f 9204 9318 9206
f 9201 9313 9316
f 9201 9316 9204
f 9313 9317 9318
f 9313 9318 9316
f 9317 9205 9206
f 9317 9206 9318
f 9205 9201 9204
f 9205 9204 9206
f 9205 9207 9319
f 9205 9319 9317
f 9206 9318 9320
f 9206 9320 9208
f 9205 9317 9318
f 9205 9318 9206
f 9317 9319 9320
f 9317 9320 9318
f 9319 9207 9208
f 9319 9208 9320
f 9207 9205 9206
f 9207 9206 9208
f 9210 9209 9321
f 9210 9321 9322
f 9211 9323 9324
f 9211 9324 9212
f 9210 9322 9323
f 9210 9323 9211
f 9322 9321 9324
f 9322 9324 9323
f 9321 9209 9212
f 9321 9212 9324
f 9209 9210 9211
f 9209 9211 9212
f 9214 9213 9325
f 9214 9325 9326
f 9215 9327 9328
f 9215 9328 9216
f 9214 9326 9327
f 9214 9327 9215
f 9326 9325 9328
f 9326 9328 9327
f 9325 9213 9216
f 9325 9216 9328
f 9213 9214 9215
f 9213 9215 9216
f 9213 9217 9329
f 9213 9329 9325
f 9216 9328 9330
f 9216 9330 9218
f 9213 9325 9328
f 9213 9328 9216
f 9325 9329 9330
f 9325 9330 9328
f 9329 9217 9218
f 9329 9218 9330
f 9217 9213 9216
f 9217 9216 9218
f 9220 9219 9331
f 9220 9331 9332
f 9221 9333 9334
f 9221 9334 9222
f 9220 9332 9333
f 9220 9333 9221
f 9332 9331 9334
f 9332 9334 9333
f 9331 9219 9222
f 9331 9222 9334
f 9219 9220 9221
f 9219 9221 9222
f 9219 9223 9335
f 9219 9335 9331
f 9222 9334 9336
f 9222 9336 9224
f 9219 9331 9334
f 9219 9334 9222
f 9331 9335 9336
f 9331 9336 9334
f 9335 9223 9224
f 9335 9224 9336
f 9223 9219 9222
f 9223 9222 9224
f 9226 9225 9337
f 9226 9337 9338
f 9227 9339 9340
f 9227 9340 9228
f 9226 9338 9339
f 9226 9339 9227
f 9338 9337 9340
f 9338 9340 9339
f 9337 9225 9228
f 9337 9228 9340
f 9225 9226 9227
f 9225 9227 9228
f 9230 9229 9341
f 9230 9341 9342
f 9231 9343 9344
f 9231 9344 9232
f 9230 9342 9343
f 9230 9343 9231
f 9342 9341 9344
f 9342 9344 9343
f 9341 9229 9232
f 9341 9232 9344
f 9229 9230 9231
f 9229 9231 9232
f 9234 9233 9345
f 9234 9345 9346
f 9235 9347 9348
f 9235 9348 9236
f 9234 9346 9347
f 9234 9347 9235
f 9346 9345 9348
f 9346 9348 9347
f 9345 9233 9236
f 9345 9236 9348
f 9233 9234 9235
f 9233 9235 9236
f 9238 9237 9349
f 9238 9349 9350
f 9239 9351 9352
f 9239 9352 9240
f 9238 9350 9351
f 9238 9351 9239
f 9350 9349 9352
f 9350 9352 9351
f 9349 9237 9240
f 9349 9240 9352
f 9237 9238 9239
f 9237 9239 9240
f 9242 9241 9353
f 9242 9353 9354
f 9243 9355 9356
f 9243 9356 9244
f 9242 9354 9355
f 9242 9355 9243
f 9354 9353 9356
f 9354 9356 9355
f 9353 9241 9244
f 9353 9244 9356
f 9241 9242 9243
f 9241 9243 9244
f 9246 9245 9357
f 9246 9357 9358
f 9247 9359 9360
f 9247 9360 9248
f 9246 9358 9359
f 9246 9359 9247
f 9358 9357 9360
f 9358 9360 9359
f 9357 9245 9248
f 9357 9248 9360
f 9245 9246 9247
f 9245 9247 9248
f 9250 9249 9361
f 9250 9361 9362
f 9251 9363 9364
f 9251 9364 9252
f 9250 9362 9363
f 9250 9363 9251
f 9362 9361 9364
f 9362 9364 9363
f 9361 9249 9252
f 9361 9252 9364
f 9249 9250 9251
f 9249 9251 9252
f 9254 9253 9365
f 9254 9365 9366
f 9255 9367 9368
f 9255 9368 9256
f 9254 9366 9367
f 9254 9367 9255
f 9366 9365 9368
f 9366 9368 9367
f 9365 9253 9256
f 9365 9256 9368
f 9253 9254 9255
f 9253 9255 9256
f 9258 9257 9369
f 9258 9369 9370
f 9259 9371 9372
f 9259 9372 9260
f 9258 9370 9371
f 9258 9371 9259
f 9370 9369 9372
f 9370 9372 9371
f 9369 9257 9260
f 9369 9260 9372
f 9257 9258 9259
f 9257 9259 9260
f 9262 9261 9373
f 9262 9373 9374
f 9263 9375 9376
f 9263 9376 9264
f 9262 9374 9375
f 9262 9375 9263
f 9374 9373 9376
f 9374 9376 9375
f 9373 9261 9264
f 9373 9264 9376
f 9261 9262 9263
f 9261 9263 9264
f 9266 9265 9377
f 9266 9377 9378
f 9267 9379 9380
f 9267 9380 9268
f 9266 9378 9379
f 9266 9379 9267
f 9378 9377 9380
f 9378 9380 9379
f 9377 9265 9268
f 9377 9268 9380
f 9265 9266 9267
f 9265 9267 9268
f 9270 9269 9381
f 9270 9381 9382
f 9271 9383 9384
f 9271 9384 9272
f 9270 9382 9383
f 9270 9383 9271
f 9382 9381 9384
f 9382 9384 9383
f 9381 9269 9272
f 9381 9272 9384
f 9269 9270 9271
f 9269 9271 9272
f 9274 9273 9385
f 9274 9385 9386
f 9275 9387 9388
f 9275 9388 9276
f 9274 9386 9387
f 9274 9387 9275
f 9386 9385 9388
f 9386 9388 9387
f 9385 9273 9276
f 9385 9276 9388
f 9273 9274 9275
f 9273 9275 9276
f 9278 9277 9389
f 9278 9389 9390
f 9279 9391 9392
f 9279 9392 9280
f 9278 9390 9391
f 9278 9391 9279
f 9390 9389 9392
f 9390 9392 9391
f 9389 9277 9280
f 9389 9280 9392
f 9277 9278 9279
f 9277 9279 9280
f 9282 9281 9393
f 9282 9393 9394
f 9283 9395 9396
f 9283 9396 9284
f 9282 9394 9395
f 9282 9395 9283
f 9394 9393 9396
f 9394 9396 9395
f 9393 9281 9284
f 9393 9284 9396
f 9281 9282 9283
f 9281 9283 9284
f 9286 9285 9397
f 9286 9397 9398
f 9287 9399 9400
f 9287 9400 9288
f 9286 9398 9399
f 9286 9399 9287
f 9398 9397 9400
f 9398 9400 9399
f 9397 9285 9288
f 9397 9288 9400
f 9285 9286 9287
f 9285 9287 9288
f 9290 9289 9401
f 9290 9401 9402
f 9291 9403 9404
f 9291 9404 9292
f 9290 9402 9403
f 9290 9403 9291
f 9402 9401 9404
f 9402 9404 9403
f 9401 9289 9292
f 9401 9292 9404
f 9289 9290 9291
f 9289 9291 9292
f 9294 9293 9405
f 9294 9405 9406
f 9295 9407 9408
f 9295 9408 9296
f 9294 9406 9407
f 9294 9407 9295
f 9406 9405 9408
f 9406 9408 9407
f 9405 9293 9296
f 9405 9296 9408
f 9293 9294 9295
f 9293 9295 9296
f 9298 9297 9409
f 9298 9409 9410
f 9299 9411 9412
f 9299 9412 9300
f 9298 9410 9411
f 9298 9411 9299
f 9410 9409 9412
f 9410 9412 9411
f 9409 9297 9300
f 9409 9300 9412
f 9297 9298 9299
f 9297 9299 9300
f 9302 9301 9413
f 9302 9413 9414
f 9303 9415 9416
f 9303 9416 9304
f 9302 9414 9415
f 9302 9415 9303
f 9414 9413 9416
f 9414 9416 9415
f 9413 9301 9304
f 9413 9304 9416
f 9301 9302 9303
f 9301 9303 9304
f 9306 9305 9417
f 9306 9417 9418
f 9307 9419 9420
f 9307 9420 9308
f 9306 9418 9419
f 9306 9419 9307
f 9418 9417 9420
f 9418 9420 9419
f 9417 9305 9308
f 9417 9308 9420
f 9305 9306 9307
f 9305 9307 9308
f 9310 9309 9421
f 9310 9421 9422
f 9311 9423 9424
f 9311 9424 9312
f 9310 9422 9423
f 9310 9423 9311
f 9422 9421 9424
f 9422 9424 9423
f 9421 9309 9312
f 9421 9312 9424
f 9309 9310 9311
f 9309 9311 9312
f 9314 9313 9425
f 9314 9425 9426
f 9315 9427 9428
f 9315 9428 9316
f 9314 9426 9427
f 9314 9427 9315
f 9426 9425 9428
f 9426 9428 9427
f 9425 9313 9316
f 9425 9316 9428
f 9313 9314 9315
f 9313 9315 9316
f 9313 9317 9429
f 9313 9429 9425
f 9316 9428 9430
f 9316 9430 9318
f 9313 9425 9428
f 9313 9428 9316
f 9425 9429 9430
f 9425 9430 9428
f 9429 9317 9318
f 9429 9318 9430
f 9317 9313 9316
f 9317 9316 9318
f 9317 9319 9431
f 9317 9431 9429
f 9318 9430 9432
f 9318 9432 9320
f 9317 9429 9430
f 9317 9430 9318
f 9429 9431 9432
f 9429 9432 9430
f 9431 9319 9320
f 9431 9320 9432
f 9319 9317 9318
f 9319 9318 9320
f 9322 9321 9433
f 9322 9433 9434
f 9323 9435 9436
f 9323 9436 9324
f 9322 9434 9435
f 9322 9435 9323
f 9434 9433 9436
f 9434 9436 9435
f 9433 9321 9324
f 9433 9324 9436
f 9321 9322 9323
f 9321 9323 9324
f 9326 9325 9437
f 9326 9437 9438
f 9327 9439 9440
f 9327 9440 9328
f 9326 9438 9439
f 9326 9439 9327
f 9438 9437 9440
f 9438 9440 9439
f 9437 9325 9328
f 9437 9328 9440
f 9325 9326 9327
f 9325 9327 9328
f 9325 9329 9441
f 9325 9441 9437
f 9328 9440 9442
f 9328 9442 9330
f 9325 9437 9440
f 9325 9440 9328
f 9437 9441 9442
f 9437 9442 9440
f 9441 9329 9330
f 9441 9330 9442
f 9329 9325 9328
f 9329 9328 9330
f 9332 9331 9443
f 9332 9443 9444
f 9333 9445 9446
f 9333 9446 9334
f 9332 9444 9445
f 9332 9445 9333
f 9444 9443 9446
f 9444 9446 9445
f 9443 9331 9334
f 9443 9334 9446
f 9331 9332 9333
f 9331 9333 9334
f 9331 9335 9447
f 9331 9447 9443
f 9334 9446 9448
f 9334 9448 9336
f 9331 9443 9446
f 9331 9446 9334
f 9443 9447 9448
f 9443 9448 9446
f 9447 9335 9336
f 9447 9336 9448
f 9335 9331 9334
f 9335 9334 9336
f 9338 9337 9449
f 9338 9449 9450
f 9339 9451 9452
f 9339 9452 9340
f 9338 9450 9451
f 9338 9451 9339
f 9450 9449 9452
f 9450 9452 9451
f 9449 9337 9340
f 9449 9340 9452
f 9337 9338 9339
f 9337 9339 9340
f 9342 9341 9453
f 9342 9453 9454
f 9343 9455 9456
f 9343 9456 9344
f 9342 9454 9455
f 9342 9455 9343
f 9454 9453 9456
f 9454 9456 9455
f 9453 9341 9344
f 9453 9344 9456
f 9341 9342 9343
f 9341 9343 9344
f 9346 9345 9457
f 9346 9457 9458
f 9347 9459 9460
f 9347 9460 9348
f 9346 9458 9459
f 9346 9459 9347
f 9458 9457 9460
f 9458 9460 9459
f 9457 9345 9348
f 9457 9348 9460
f 9345 9346 9347
f 9345 9347 9348
f 9350 9349 9461
f 9350 9461 9462
f 9351 9463 9464
f 9351 9464 9352
f 9350 9462 9463
f 9350 9463 9351
f 9462 9461 9464
f 9462 9464 9463
f 9461 9349 9352
f 9461 9352 9464
f 9349 9350 9351
f 9349 9351 9352
f 9354 9353 9465
f 9354 9465 9466
f 9355 9467 9468
f 9355 9468 9356
f 9354 9466 9467
f 9354 9467 9355
f 9466 9465 9468
f 9466 9468 9467
f 9465 9353 9356
f 9465 9356 9468
f 9353 9354 9355
f 9353 9355 9356
f 9358 9357 9469
f 9358 9469 9470
f 9359 9471 9472
f 9359 9472 9360
f 9358 9470 9471
f 9358 9471 9359
f 9470 9469 9472
f 9470 9472 9471
f 9469 9357 9360
f 9469 9360 9472
f 9357 9358 9359
f 9357 9359 9360
f 9362 9361 9473
f 9362 9473 9474
f 9363 9475 9476
f 9363 9476 9364
f 9362 9474 9475
f 9362 9475 9363
f 9474 9473 9476
f 9474 9476 9475
f 9473 9361 9364
f 9473 9364 9476
f 9361 9362 9363
f 9361 9363 9364
f 9366 9365 9477
f 9366 9477 9478
f 9367 9479 9480
f 9367 9480 9368
f 9366 9478 9479
f 9366 9479 9367
f 9478 9477 9480
f 9478 9480 9479
f 9477 9365 9368
f 9477 9368 9480
f 9365 9366 9367
f 9365 9367 9368
f 9370 9369 9481
f 9370 9481 9482
f 9371 9483 9484
f 9371 9484 9372
f 9370 9482 9483
f 9370 9483 9371
f 9482 9481 9484
f 9482 9484 9483
f 9481 9369 9372
f 9481 9372 9484
f 9369 9370 9371
f 9369 9371 9372
f 9374 9373 9485
f 9374 9485 9486
f 9375 9487 9488
f 9375 9488 9376
f 9374 9486 9487
f 9374 9487 9375
f 9486 9485 9488
f 9486 9488 9487
f 9485 9373 9376
f 9485 9376 9488
f 9373 9374 9375
f 9373 9375 9376
f 9378 9377 9489
f 9378 9489 9490
f 9379 9491 9492
f 9379 9492 9380
f 9378 9490 9491
f 9378 9491 9379
f 9490 9489 9492
f 9490 9492 9491
f 9489 9377 9380
f 9489 9380 9492
f 9377 9378 9379
f 9377 9379 9380
f 9382 9381 9493
f 9382 9493 9494
f 9383 9495 9496
f 9383 9496 9384
f 9382 9494 9495
f 9382 9495 9383
f 9494 9493 9496
f 9494 9496 9495
f 9493 9381 9384
f 9493 9384 9496
f 9381 9382 9383
f 9381 9383 9384
f 9386 9385 9497
f 9386 9497 9498
f 9387 9499 9500
f 9387 9500 9388
f 9386 9498 9499
f 9386 9499 9387
f 9498 9497 9500
f 9498 9500 9499
f 9497 9385 9388
f 9497 9388 9500
f 9385 9386 9387
f 9385 9387 9388
f 9390 9389 9501
f 9390 9501 9502
f 9391 9503 9504
f 9391 9504 9392
f 9390 9502 9503
f 9390 9503 9391
f 9502 9501 9504
f 9502 9504 9503
f 9501 9389 9392
f 9501 9392 9504
f 9389 9390 9391
f 9389 9391 9392
f 9394 9393 9505
f 9394 9505 9506
f 9395 9507 9508
f 9395 9508 9396
f 9394 9506 9507
f 9394 9507 9395
f 9506 9505 9508
f 9506 9508 9507
f 9505 9393 9396
f 9505 9396 9508
f 9393 9394 9395
f 9393 9395 9396
f 9398 9397 9509
f 9398 9509 9510
f 9399 9511 9512
f 9399 9512 9400
f 9398 9510 9511
f 9398 9511 9399
f 9510 9509 9512
f 9510 9512 9511
f 9509 9397 9400
f 9509 9400 9512
f 9397 9398 9399
f 9397 9399 9400
f 9402 9401 9513
f 9402 9513 9514
f 9403 9515 9516
f 9403 9516 9404
f 9402 9514 9515
f 9402 9515 9403
f 9514 9513 9516
f 9514 9516 9515
f 9513 9401 9404
f 9513 9404 9516
f 9401 9402 9403
f 9401 9403 9404
f 9406 9405 9517
f 9406 9517 9518
f 9407 9519 9520
f 9407 9520 9408
f 9406 9518 9519
f 9406 9519 9407
f 9518 9517 9520
f 9518 9520 9519
f 9517 9405 9408
f 9517 9408 9520
f 9405 9406 9407
f 9405 9407 9408
f 9410 9409 9521
f 9410 9521 9522
f 9411 9523 9524
f 9411 9524 9412
f 9410 9522 9523
f 9410 9523 9411
f 9522 9521 9524
f 9522 9524 9523
f 9521 9409 9412
f 9521 9412 9524
f 9409 9410 9411
f 9409 9411 9412
f 9414 9413 9525
f 9414 9525 9526
f 9415 9527 9528
f 9415 9528 9416
f 9414 9526 9527
f 9414 9527 9415
f 9526 9525 9528
f 9526 9528 9527
f 9525 9413 9416
f 9525 9416 9528
f 9413 9414 9415
f 9413 9415 9416
f 9418 9417 9529
f 9418 9529 9530
f 9419 9531 9532
f 9419 9532 9420
f 9418 9530 9531
f 9418 9531 9419
f 9530 9529 9532
f 9530 9532 9531
f 9529 9417 9420
f 9529 9420 9532
f 9417 9418 9419
f 9417 9419 9420
f 9422 9421 9533
f 9422 9533 9534
f 9423 9535 9536
f 9423 9536 9424
f 9422 9534 9535
f 9422 9535 9423
f 9534 9533 9536
f 9534 9536 9535
f 9533 9421 9424
f 9533 9424 9536
f 9421 9422 9423
f 9421 9423 9424
f 9426 9425 9537
f 9426 9537 9538
f 9427 9539 9540
f 9427 9540 9428
f 9426 9538 9539
f 9426 9539 9427
f 9538 9537 9540
f 9538 9540 9539
f 9537 9425 9428
f 9537 9428 9540
f 9425 9426 9427
f 9425 9427 9428
f 9425 9429 9541
f 9425 9541 9537
f 9428 9540 9542
f 9428 9542 9430
f 9425 9537 9540
f 9425 9540 9428
f 9537 9541 9542
f 9537 9542 9540
f 9541 9429 9430
f 9541 9430 9542
f 9429 9425 9428
f 9429 9428 9430
f 9429 9431 9543
f 9429 9543 9541
f 9430 9542 9544
f 9430 9544 9432
f 9429 9541 9542
f 9429 9542 9430
f 9541 9543 9544
f 9541 9544 9542
f 9543 9431 9432
f 9543 9432 9544
f 9431 9429 9430
f 9431 9430 9432
f 9434 9433 9545
f 9434 9545 9546
f 9435 9547 9548
f 9435 9548 9436
f 9434 9546 9547
f 9434 9547 9435
f 9546 9545 9548
f 9546 9548 9547
f 9545 9433 9436
f 9545 9436 9548
f 9433 9434 9435
f 9433 9435 9436
f 9438 9437 9549
f 9438 9549 9550
f 9439 9551 9552
f 9439 9552 9440
f 9438 9550 9551
f 9438 9551 9439
f 9550 9549 9552
f 9550 9552 9551
f 9549 9437 9440
f 9549 9440 9552
f 9437 9438 9439
f 9437 9439 9440
f 9437 9441 9553
f 9437 9553 9549
f 9440 9552 9554
f 9440 9554 9442
f 9437 9549 9552
f 9437 9552 9440
f 9549 9553 9554
f 9549 9554 9552
f 9553 9441 9442
f 9553 9442 9554
f 9441 9437 9440
f 9441 9440 9442
f 9444 9443 9555
f 9444 9555 9556
f 9445 9557 9558
f 9445 9558 9446
f 9444 9556 9557
f 9444 9557 9445
f 9556 9555 9558
f 9556 9558 9557
f 9555 9443 9446
f 9555 9446 9558
f 9443 9444 9445
f 9443 9445 9446
f 9443 9447 9559
f 9443 9559 9555
f 9446 9558 9560
f 9446 9560 9448
f 9443 9555 9558
f 9443 9558 9446
f 9555 9559 9560
f 9555 9560 9558
f 9559 9447 9448
f 9559 9448 9560
f 9447 9443 9446
f 9447 9446 9448
f 9450 9449 9561
f 9450 9561 9562
f 9451 9563 9564
f 9451 9564 9452
f 9450 9562 9563
f 9450 9563 9451
f 9562 9561 9564
f 9562 9564 9563
f 9561 9449 9452
f 9561 9452 9564
f 9449 9450 9451
f 9449 9451 9452
f 9449 9565 9566
f 9449 9566 9561
f 9452 9564 9567
f 9452 9567 9568
f 9449 9561 9564
f 9449 9564 9452
f 9561 9566 9567
f 9561 9567 9564
f 9566 9565 9568
f 9566 9568 9567
f 9565 9449 9452
f 9565 9452 9568
f 9569 9570 9571
f 9569 9571 9572
f 9573 9574 9575
f 9573 9575 9576
f 9569 9572 9574
f 9569 9574 9573
f 9572 9571 9575
f 9572 9575 9574
f 9571 9570 9576
f 9571 9576 9575
f 9570 9569 9573
f 9570 9573 9576
f 9570 9577 9578
f 9570 9578 9571
f 9576 9575 9579
f 9576 9579 9580
f 9570 9571 9575
f 9570 9575 9576
f 9571 9578 9579
f 9571 9579 9575
f 9578 9577 9580
f 9578 9580 9579
f 9577 9570 9576
f 9577 9576 9580
f 9581 9582 9583
f 9581 9583 9584
f 9585 9586 9587
f 9585 9587 9588
f 9581 9584 9586
f 9581 9586 9585
f 9584 9583 9587
f 9584 9587 9586
f 9583 9582 9588
f 9583 9588 9587
f 9582 9581 9585
f 9582 9585 9588
f 9454 9453 9589
f 9454 9589 9590
f 9455 9591 9592
f 9455 9592 9456
f 9454 9590 9591
f 9454 9591 9455
f 9590 9589 9592
f 9590 9592 9591
f 9589 9453 9456
f 9589 9456 9592
f 9453 9454 9455
f 9453 9455 9456
f 9458 9457 9593
f 9458 9593 9594
f 9459 9595 9596
f 9459 9596 9460
f 9458 9594 9595
f 9458 9595 9459
f 9594 9593 9596
f 9594 9596 9595
f 9593 9457 9460
f 9593 9460 9596
f 9457 9458 9459
f 9457 9459 9460
f 9462 9461 9597
f 9462 9597 9598
f 9463 9599 9600
f 9463 9600 9464
f 9462 9598 9599
f 9462 9599 9463
f 9598 9597 9600
f 9598 9600 9599
f 9597 9461 9464
f 9597 9464 9600
f 9461 9462 9463
f 9461 9463 9464
f 9466 9465 9601
f 9466 9601 9602
f 9467 9603 9604
f 9467 9604 9468
f 9466 9602 9603
f 9466 9603 9467
f 9602 9601 9604
f 9602 9604 9603
f 9601 9465 9468
f 9601 9468 9604
f 9465 9466 9467
f 9465 9467 9468
f 9470 9469 9605
f 9470 9605 9606
f 9471 9607 9608
f 9471 9608 9472
f 9470 9606 9607
f 9470 9607 9471
f 9606 9605 9608
f 9606 9608 9607
f 9605 9469 9472
f 9605 9472 9608
f 9469 9470 9471
f 9469 9471 9472
f 9474 9473 9609
f 9474 9609 9610
f 9475 9611 9612
f 9475 9612 9476
f 9474 9610 9611
f 9474 9611 9475
f 9610 9609 9612
f 9610 9612 9611
f 9609 9473 9476
f 9609 9476 9612
f 9473 9474 9475
f 9473 9475 9476
f 9478 9477 9613
f 9478 9613 9614
f 9479 9615 9616
f 9479 9616 9480
f 9478 9614 9615
f 9478 9615 9479
f 9614 9613 9616
f 9614 9616 9615
f 9613 9477 9480
f 9613 9480 9616
f 9477 9478 9479
f 9477 9479 9480
f 9482 9481 9617
f 9482 9617 9618
f 9483 9619 9620
f 9483 9620 9484
f 9482 9618 9619
f 9482 9619 9483
f 9618 9617 9620
f 9618 9620 9619
f 9617 9481 9484
f 9617 9484 9620
f 9481 9482 9483
f 9481 9483 9484
f 9486 9485 9621
f 9486 9621 9622
f 9487 9623 9624
f 9487 9624 9488
f 9486 9622 9623
f 9486 9623 9487
f 9622 9621 9624
f 9622 9624 9623
f 9621 9485 9488
f 9621 9488 9624
f 9485 9486 9487
f 9485 9487 9488
f 9490 9489 9625
f 9490 9625 9626
f 9491 9627 9628
f 9491 9628 9492
f 9490 9626 9627
f 9490 9627 9491
f 9626 9625 9628
f 9626 9628 9627
f 9625 9489 9492
f 9625 9492 9628
f 9489 9490 9491
f 9489 9491 9492
f 9494 9493 9629
f 9494 9629 9630
f 9495 9631 9632
f 9495 9632 9496
f 9494 9630 9631
f 9494 9631 9495
f 9630 9629 9632
f 9630 9632 9631
f 9629 9493 9496
f 9629 9496 9632
f 9493 9494 9495
f 9493 9495 9496
f 9498 9497 9633
f 9498 9633 9634
f 9499 9635 9636
f 9499 9636 9500
f 9498 9634 9635
f 9498 9635 9499
f 9634 9633 9636
f 9634 9636 9635
f 9633 9497 9500
f 9633 9500 9636
f 9497 9498 9499
f 9497 9499 9500
f 9502 9501 9637
f 9502 9637 9638
f 9503 9639 9640
f 9503 9640 9504
f 9502 9638 9639
f 9502 9639 9503
f 9638 9637 9640
f 9638 9640 9639
f 9637 9501 9504
f 9637 9504 9640
f 9501 9502 9503
f 9501 9503 9504
f 9506 9505 9641
f 9506 9641 9642
f 9507 9643 9644
f 9507 9644 9508
f 9506 9642 9643
f 9506 9643 9507
f 9642 9641 9644
f 9642 9644 9643
f 9641 9505 9508
f 9641 9508 9644
f 9505 9506 9507
f 9505 9507 9508
f 9510 9509 9645
f 9510 9645 9646
f 9511 9647 9648
f 9511 9648 9512
f 9510 9646 9647
f 9510 9647 9511
f 9646 9645 9648
f 9646 9648 9647
f 9645 9509 9512
f 9645 9512 9648
f 9509 9510 9511
f 9509 9511 9512
f 9514 9513 9649
f 9514 9649 9650
f 9515 9651 9652
f 9515 9652 9516
f 9514 9650 9651
f 9514 9651 9515
f 9650 9649 9652
f 9650 9652 9651
f 9649 9513 9516
f 9649 9516 9652
f 9513 9514 9515
f 9513 9515 9516
f 9518 9517 9653
f 9518 9653 9654
f 9519 9655 9656
f 9519 9656 9520
f 9518 9654 9655
f 9518 9655 9519
f 9654 9653 9656
f 9654 9656 9655
f 9653 9517 9520
f 9653 9520 9656
f 9517 9518 9519
f 9517 9519 9520
f 9522 9521 9657
f 9522 9657 9658
f 9523 9659 9660
f 9523 9660 9524
f 9522 9658 9659
f 9522 9659 9523
f 9658 9657 9660
f 9658 9660 9659
f 9657 9521 9524
f 9657 9524 9660
f 9521 9522 9523
f 9521 9523 9524
f 9526 9525 9661
f 9526 9661 9662
f 9527 9663 9664
f 9527 9664 9528
f 9526 9662 9663
f 9526 9663 9527
f 9662 9661 9664
f 9662 9664 9663
f 9661 9525 9528
f 9661 9528 9664
f 9525 9526 9527
f 9525 9527 9528
f 9530 9529 9665
f 9530 9665 9666
f 9531 9667 9668
f 9531 9668 9532
f 9530 9666 9667
f 9530 9667 9531
f 9666 9665 9668
f 9666 9668 9667
f 9665 9529 9532
f 9665 9532 9668
f 9529 9530 9531
f 9529 9531 9532
f 9534 9533 9669
f 9534 9669 9670
f 9535 9671 9672
f 9535 9672 9536
f 9534 9670 9671
f 9534 9671 9535
f 9670 9669 9672
f 9670 9672 9671
f 9669 9533 9536
f 9669 9536 9672
f 9533 9534 9535
f 9533 9535 9536
f 9538 9537 9673
f 9538 9673 9674
f 9539 9675 9676
f 9539 9676 9540
f 9538 9674 9675
f 9538 9675 9539
f 9674 9673 9676
f 9674 9676 9675
f 9673 9537 9540
f 9673 9540 9676
f 9537 9538 9539
f 9537 9539 9540
f 9537 9541 9677
f 9537 9677 9673
f 9540 9676 9678
f 9540 9678 9542
f 9537 9673 9676
f 9537 9676 9540
f 9673 9677 9678
f 9673 9678 9676
f 9677 9541 9542
f 9677 9542 9678
f 9541 9537 9540
f 9541 9540 9542
f 9541 9543 9679
f 9541 9679 9677
f 9542 9678 9680
f 9542 9680 9544
f 9541 9677 9678
f 9541 9678 9542
f 9677 9679 9680
f 9677 9680 9678
f 9679 9543 9544
f 9679 9544 9680
f 9543 9541 9542
f 9543 9542 9544
f 9546 9545 9681
f 9546 9681 9682
f 9547 9683 9684
f 9547 9684 9548
f 9546 9682 9683
f 9546 9683 9547
f 9682 9681 9684
f 9682 9684 9683
f 9681 9545 9548
f 9681 9548 9684
f 9545 9546 9547
f 9545 9547 9548
f 9550 9549 9685
f 9550 9685 9686
f 9551 9687 9688
f 9551 9688 9552
f 9550 9686 9687
f 9550 9687 9551
f 9686 9685 9688
f 9686 9688 9687
f 9685 9549 9552
f 9685 9552 9688
f 9549 9550 9551
f 9549 9551 9552
f 9549 9553 9689
f 9549 9689 9685
f 9552 9688 9690
f 9552 9690 9554
f 9549 9685 9688
f 9549 9688 9552
f 9685 9689 9690
f 9685 9690 9688
f 9689 9553 9554
f 9689 9554 9690
f 9553 9549 9552
f 9553 9552 9554
f 9556 9555 9691
f 9556 9691 9692
f 9557 9693 9694
f 9557 9694 9558
f 9556 9692 9693
f 9556 9693 9557
f 9692 9691 9694
f 9692 9694 9693
f 9691 9555 9558
f 9691 9558 9694
f 9555 9556 9557
f 9555 9557 9558
f 9555 9559 9695
f 9555 9695 9691
f 9558 9694 9696
f 9558 9696 9560
f 9555 9691 9694
f 9555 9694 9558
f 9691 9695 9696
f 9691 9696 9694
f 9695 9559 9560
f 9695 9560 9696
f 9559 9555 9558
f 9559 9558 9560
f 9562 9561 9697
f 9562 9697 9698
f 9563 9699 9700
f 9563 9700 9564
f 9562 9698 9699
f 9562 9699 9563
f 9698 9697 9700
f 9698 9700 9699
f 9697 9561 9564
f 9697 9564 9700
f 9561 9562 9563
f 9561 9563 9564
f 9571 9578 9701
f 9571 9701 9702
f 9575 9703 9704
f 9575 9704 9579
f 9571 9702 9703
f 9571 9703 9575
f 9702 9701 9704
f 9702 9704 9703
f 9701 9578 9579
f 9701 9579 9704
f 9578 9571 9575
f 9578 9575 9579
f 9584 9583 9705
f 9584 9705 9706
f 9586 9707 9708
f 9586 9708 9587
f 9584 9706 9707
f 9584 9707 9586
f 9706 9705 9708
f 9706 9708 9707
f 9705 9583 9587
f 9705 9587 9708
f 9583 9584 9586
f 9583 9586 9587
f 9590 9589 9709
f 9590 9709 9710
f 9591 9711 9712
f 9591 9712 9592
f 9590 9710 9711
f 9590 9711 9591
f 9710 9709 9712
f 9710 9712 9711
f 9709 9589 9592
f 9709 9592 9712
f 9589 9590 9591
f 9589 9591 9592
f 9594 9593 9713
f 9594 9713 9714
f 9595 9715 9716
f 9595 9716 9596
f 9594 9714 9715
f 9594 9715 9595
f 9714 9713 9716
f 9714 9716 9715
f 9713 9593 9596
f 9713 9596 9716
f 9593 9594 9595
f 9593 9595 9596
f 9598 9597 9717
f 9598 9717 9718
f 9599 9719 9720
f 9599 9720 9600
f 9598 9718 9719
f 9598 9719 9599
f 9718 9717 9720
f 9718 9720 9719
f 9717 9597 9600
f 9717 9600 9720
f 9597 9598 9599
f 9597 9599 9600
f 9602 9601 9721
f 9602 9721 9722
f 9603 9723 9724
f 9603 9724 9604
f 9602 9722 9723
f 9602 9723 9603
f 9722 9721 9724
f 9722 9724 9723
f 9721 9601 9604
f 9721 9604 9724
f 9601 9602 9603
f 9601 9603 9604
f 9606 9605 9725
f 9606 9725 9726
f 9607 9727 9728
f 9607 9728 9608
f 9606 9726 9727
f 9606 9727 9607
f 9726 9725 9728
f 9726 9728 9727
f 9725 9605 9608
f 9725 9608 9728
f 9605 9606 9607
f 9605 9607 9608
f 9610 9609 9729
f 9610 9729 9730
f 9611 9731 9732
f 9611 9732 9612
f 9610 9730 9731
f 9610 9731 9611
f 9730 9729 9732
f 9730 9732 9731
f 9729 9609 9612
f 9729 9612 9732
f 9609 9610 9611
f 9609 9611 9612
f 9614 9613 9733
f 9614 9733 9734
f 9615 9735 9736
f 9615 9736 9616
f 9614 9734 9735
f 9614 9735 9615
f 9734 9733 9736
f 9734 9736 9735
f 9733 9613 9616
f 9733 9616 9736
f 9613 9614 9615
f 9613 9615 9616
f 9618 9617 9737
f 9618 9737 9738
f 9619 9739 9740
f 9619 9740 9620
f 9618 9738 9739
f 9618 9739 9619
f 9738 9737 9740
f 9738 9740 9739
f 9737 9617 9620
f 9737 9620 9740
f 9617 9618 9619
f 9617 9619 9620
f 9622 9621 9741
f 9622 9741 9742
f 9623 9743 9744
f 9623 9744 9624
f 9622 9742 9743
f 9622 9743 9623
f 9742 9741 9744
f 9742 9744 9743
f 9741 9621 9624
f 9741 9624 9744
f 9621 9622 9623
f 9621 9623 9624
f 9626 9625 9745
f 9626 9745 9746
f 9627 9747 9748
f 9627 9748 9628
f 9626 9746 9747
f 9626 9747 9627
f 9746 9745 9748
f 9746 9748 9747
f 9745 9625 9628
f 9745 9628 9748
f 9625 9626 9627
f 9625 9627 9628
f 9630 9629 9749
f 9630 9749 9750
f 9631 9751 9752
f 9631 9752 9632
f 9630 9750 9751
f 9630 9751 9631
f 9750 9749 9752
f 9750 9752 9751
f 9749 9629 9632
f 9749 9632 9752
f 9629 9630 9631
f 9629 9631 9632
f 9634 9633 9753
f 9634 9753 9754
f 9635 9755 9756
f 9635 9756 9636
f 9634 9754 9755
f 9634 9755 9635
f 9754 9753 9756
f 9754 9756 9755
f 9753 9633 9636
f 9753 9636 9756
f 9633 9634 9635
f 9633 9635 9636
f 9638 9637 9757
f 9638 9757 9758
f 9639 9759 9760
f 9639 9760 9640
f 9638 9758 9759
f 9638 9759 9639
f 9758 9757 9760
f 9758 9760 9759
f 9757 9637 9640
f 9757 9640 9760
f 9637 9638 9639
f 9637 9639 9640
f 9642 9641 9761
f 9642 9761 9762
f 9643 9763 9764
f 9643 9764 9644
f 9642 9762 9763
f 9642 9763 9643
f 9762 9761 9764
f 9762 9764 9763
f 9761 9641 9644
f 9761 9644 9764
f 9641 9642 9643
f 9641 9643 9644
f 9646 9645 9765
f 9646 9765 9766
f 9647 9767 9768
f 9647 9768 9648
f 9646 9766 9767
f 9646 9767 9647
f 9766 9765 9768
f 9766 9768 9767
f 9765 9645 9648
f 9765 9648 9768
f 9645 9646 9647
f 9645 9647 9648
f 9650 9649 9769
f 9650 9769 9770
f 9651 9771 9772
f 9651 9772 9652
f 9650 9770 9771
f 9650 9771 9651
f 9770 9769 9772
f 9770 9772 9771
f 9769 9649 9652
f 9769 9652 9772
f 9649 9650 9651
f 9649 9651 9652
f 9654 9653 9773
f 9654 9773 9774
f 9655 9775 9776
f 9655 9776 9656
f 9654 9774 9775
f 9654 9775 9655
f 9774 9773 9776
f 9774 9776 9775
f 9773 9653 9656
f 9773 9656 9776
f 9653 9654 9655
f 9653 9655 9656
f 9658 9657 9777
f 9658 9777 9778
f 9659 9779 9780
f 9659 9780 9660
f 9658 9778 9779
f 9658 9779 9659
f 9778 9777 9780
f 9778 9780 9779
f 9777 9657 9660
f 9777 9660 9780
f 9657 9658 9659
f 9657 9659 9660
f 9662 9661 9781
f 9662 9781 9782
f 9663 9783 9784
f 9663 9784 9664
f 9662 9782 9783
f 9662 9783 9663
f 9782 9781 9784
f 9782 9784 9783
f 9781 9661 9664
f 9781 9664 9784
f 9661 9662 9663
f 9661 9663 9664
f 9666 9665 9785
f 9666 9785 9786
f 9667 9787 9788
f 9667 9788 9668
f 9666 9786 9787
f 9666 9787 9667
f 9786 9785 9788
f 9786 9788 9787
f 9785 9665 9668
f 9785 9668 9788
f 9665 9666 9667
f 9665 9667 9668
f 9670 9669 9789
f 9670 9789 9790
f 9671 9791 9792
f 9671 9792 9672
f 9670 9790 9791
f 9670 9791 9671
f 9790 9789 9792
f 9790 9792 9791
f 9789 9669 9672
f 9789 9672 9792
f 9669 9670 9671
f 9669 9671 9672
f 9674 9673 9793
f 9674 9793 9794
f 9675 9795 9796
f 9675 9796 9676
f 9674 9794 9795
f 9674 9795 9675
f 9794 9793 9796
f 9794 9796 9795
f 9793 9673 9676
f 9793 9676 9796
f 9673 9674 9675
f 9673 9675 9676
f 9673 9677 9797
f 9673 9797 9793
f 9676 9796 9798
f 9676 9798 9678
f 9673 9793 9796
f 9673 9796 9676
f 9793 9797 9798
f 9793 9798 9796
f 9797 9677 9678
f 9797 9678 9798
f 9677 9673 9676
f 9677 9676 9678
f 9677 9679 9799
f 9677 9799 9797
f 9678 9798 9800
f 9678 9800 9680
f 9677 9797 9798
f 9677 9798 9678
f 9797 9799 9800
f 9797 9800 9798
f 9799 9679 9680
f 9799 9680 9800
f 9679 9677 9678
f 9679 9678 9680
f 9682 9681 9801
f 9682 9801 9802
f 9683 9803 9804
f 9683 9804 9684
f 9682 9802 9803
f 9682 9803 9683
f 9802 9801 9804
f 9802 9804 9803
f 9801 9681 9684
f 9801 9684 9804
f 9681 9682 9683
f 9681 9683 9684
f 9686 9685 9805
f 9686 9805 9806
f 9687 9807 9808
f 9687 9808 9688
f 9686 9806 9807
f 9686 9807 9687
f 9806 9805 9808
f 9806 9808 9807
f 9805 9685 9688
f 9805 9688 9808
f 9685 9686 9687
f 9685 9687 9688
f 9685 9689 9809
f 9685 9809 9805
f 9688 9808 9810
f 9688 9810 9690
f 9685 9805 9808
f 9685 9808 9688
f 9805 9809 9810
f 9805 9810 9808
f 9809 9689 9690
f 9809 9690 9810
f 9689 9685 9688
f 9689 9688 9690
f 9692 9691 9811
f 9692 9811 9812
f 9693 9813 9814
f 9693 9814 9694
f 9692 9812 9813
f 9692 9813 9693
f 9812 9811 9814
f 9812 9814 9813
f 9811 9691 9694
f 9811 9694 9814
f 9691 9692 9693
f 9691 9693 9694
f 9691 9695 9815
f 9691 9815 9811
f 9694 9814 9816
f 9694 9816 9696
f 9691 9811 9814
f 9691 9814 9694
f 9811 9815 9816
f 9811 9816 9814
f 9815 9695 9696
f 9815 9696 9816
f 9695 9691 9694
f 9695 9694 9696
f 9698 9697 9817
f 9698 9817 9818
f 9699 9819 9820
f 9699 9820 9700
f 9698 9818 9819
f 9698 9819 9699
f 9818 9817 9820
f 9818 9820 9819
f 9817 9697 9700
f 9817 9700 9820
f 9697 9698 9699
f 9697 9699 9700
f 9702 9701 9821
f 9702 9821 9822
f 9703 9823 9824
f 9703 9824 9704
f 9702 9822 9823
f 9702 9823 9703
f 9822 9821 9824
f 9822 9824 9823
f 9821 9701 9704
f 9821 9704 9824
f 9701 9702 9703
f 9701 9703 9704
f 9706 9705 9825
f 9706 9825 9826
f 9707 9827 9828
f 9707 9828 9708
f 9706 9826 9827
f 9706 9827 9707
f 9826 9825 9828
f 9826 9828 9827
f 9825 9705 9708
f 9825 9708 9828
f 9705 9706 9707
f 9705 9707 9708
f 9710 9709 9829
f 9710 9829 9830
f 9711 9831 9832
f 9711 9832 9712
f 9710 9830 9831
f 9710 9831 9711
f 9830 9829 9832
f 9830 9832 9831
f 9829 9709 9712
f 9829 9712 9832
f 9709 9710 9711
f 9709 9711 9712
f 9714 9713 9833
f 9714 9833 9834
f 9715 9835 9836
f 9715 9836 9716
f 9714 9834 9835
f 9714 9835 9715
f 9834 9833 9836
f 9834 9836 9835
f 9833 9713 9716
f 9833 9716 9836
f 9713 9714 9715
f 9713 9715 9716
f 9718 9717 9837
f 9718 9837 9838
f 9719 9839 9840
f 9719 9840 9720
f 9718 9838 9839
f 9718 9839 9719
f 9838 9837 9840
f 9838 9840 9839
f 9837 9717 9720
f 9837 9720 9840
f 9717 9718 9719
f 9717 9719 9720
f 9722 9721 9841
f 9722 9841 9842
f 9723 9843 9844
f 9723 9844 9724
f 9722 9842 9843
f 9722 9843 9723
f 9842 9841 9844
f 9842 9844 9843
f 9841 9721 9724
f 9841 9724 9844
f 9721 9722 9723
f 9721 9723 9724
f 9726 9725 9845
f 9726 9845 9846
f 9727 9847 9848
f 9727 9848 9728
f 9726 9846 9847
f 9726 9847 9727
f 9846 9845 9848
f 9846 9848 9847
f 9845 9725 9728
f 9845 9728 9848
f 9725 9726 9727
f 9725 9727 9728
f 9730 9729 9849
f 9730 9849 9850
f 9731 9851 9852
f 9731 9852 9732
f 9730 9850 9851
f 9730 9851 9731
f 9850 9849 9852
f 9850 9852 9851
f 9849 9729 9732
f 9849 9732 9852
f 9729 9730 9731
f 9729 9731 9732
f 9734 9733 9853
f 9734 9853 9854
f 9735 9855 9856
f 9735 9856 9736
f 9734 9854 9855
f 9734 9855 9735
f 9854 9853 9856
f 9854 9856 9855
f 9853 9733 9736
f 9853 9736 9856
f 9733 9734 9735
f 9733 9735 9736
f 9738 9737 9857
f 9738 9857 9858
f 9739 9859 9860
f 9739 9860 9740
f 9738 9858 9859
f 9738 9859 9739
f 9858 9857 9860
f 9858 9860 9859
f 9857 9737 9740
f 9857 9740 9860
f 9737 9738 9739
f 9737 9739 9740
f 9742 9741 9861
f 9742 9861 9862
f 9743 9863 9864
f 9743 9864 9744
f 9742 9862 9863
f 9742 9863 9743
f 9862 9861 9864
f 9862 9864 9863
f 9861 9741 9744
f 9861 9744 9864
f 9741 9742 9743
f 9741 9743 9744
f 9746 9745 9865
f 9746 9865 9866
f 9747 9867 9868
f 9747 9868 9748
f 9746 9866 9867
f 9746 9867 9747
f 9866 9865 9868
f 9866 9868 9867
f 9865 9745 9748
f 9865 9748 9868
f 9745 9746 9747
f 9745 9747 9748
f 9750 9749 9869
f 9750 9869 9870
f 9751 9871 9872
f 9751 9872 9752
f 9750 9870 9871
f 9750 9871 9751
f 9870 9869 9872
f 9870 9872 9871
f 9869 9749 9752
f 9869 9752 9872
f 9749 9750 9751
f 9749 9751 9752
f 9754 9753 9873
f 9754 9873 9874
f 9755 9875 9876
f 9755 9876 9756
f 9754 9874 9875
f 9754 9875 9755
f 9874 9873 9876
f 9874 9876 9875
f 9873 9753 9756
f 9873 9756 9876
f 9753 9754 9755
f 9753 9755 9756
f 9758 9757 9877
f 9758 9877 9878
f 9759 9879 9880
f 9759 9880 9760
f 9758 9878 9879
f 9758 9879 9759
f 9878 9877 9880
f 9878 9880 9879
f 9877 9757 9760
f 9877 9760 9880
f 9757 9758 9759
f 9757 9759 9760
f 9762 9761 9881
f 9762 9881 9882
f 9763 9883 9884
f 9763 9884 9764
f 9762 9882 9883
f 9762 9883 9763
f 9882 9881 9884
f 9882 9884 9883
f 9881 9761 9764
f 9881 9764 9884
f 9761 9762 9763
f 9761 9763 9764
f 9766 9765 9885
f 9766 9885 9886
f 9767 9887 9888
f 9767 9888 9768
f 9766 9886 9887
f 9766 9887 9767
f 9886 9885 9888
f 9886 9888 9887
f 9885 9765 9768
f 9885 9768 9888
f 9765 9766 9767
f 9765 9767 9768
f 9770 9769 9889
f 9770 9889 9890
f 9771 9891 9892
f 9771 9892 9772
f 9770 9890 9891
f 9770 9891 9771
f 9890 9889 9892
f 9890 9892 9891
f 9889 9769 9772
f 9889 9772 9892
f 9769 9770 9771
f 9769 9771 9772
f 9774 9773 9893
f 9774 9893 9894
f 9775 9895 9896
f 9775 9896 9776
f 9774 9894 9895
f 9774 9895 9775
f 9894 9893 9896
f 9894 9896 9895
f 9893 9773 9776
f 9893 9776 9896
f 9773 9774 9775
f 9773 9775 9776
f 9778 9777 9897
f 9778 9897 9898
f 9779 9899 9900
f 9779 9900 9780
f 9778 9898 9899
f 9778 9899 9779
f 9898 9897 9900
f 9898 9900 9899
f 9897 9777 9780
f 9897 9780 9900
f 9777 9778 9779
f 9777 9779 9780
f 9782 9781 9901
f 9782 9901 9902
f 9783 9903 9904
f 9783 9904 9784
f 9782 9902 9903
f 9782 9903 9783
f 9902 9901 9904
f 9902 9904 9903
f 9901 9781 9784
f 9901 9784 9904
f 9781 9782 9783
f 9781 9783 9784
f 9786 9785 9905
f 9786 9905 9906
f 9787 9907 9908
f 9787 9908 9788
f 9786 9906 9907
f 9786 9907 9787
f 9906 9905 9908
f 9906 9908 9907
f 9905 9785 9788
f 9905 9788 9908
f 9785 9786 9787
f 9785 9787 9788
f 9790 9789 9909
f 9790 9909 9910
f 9791 9911 9912
f 9791 9912 9792
f 9790 9910 9911
f 9790 9911 9791
f 9910 9909 9912
f 9910 9912 9911
f 9909 9789 9792
f 9909 9792 9912
f 9789 9790 9791
f 9789 9791 9792
f 9794 9793 9913
f 9794 9913 9914
f 9795 9915 9916
f 9795 9916 9796
f 9794 9914 9915
f 9794 9915 9795
f 9914 9913 9916
f 9914 9916 9915
f 9913 9793 9796
f 9913 9796 9916
f 9793 9794 9795
f 9793 9795 9796
f 9793 9797 9917
f 9793 9917 9913
f 9796 9916 9918
f 9796 9918 9798
f 9793 9913 9916
f 9793 9916 9796
f 9913 9917 9918
f 9913 9918 9916
f 9917 9797 9798
f 9917 9798 9918
f 9797 9793 9796
f 9797 9796 9798
f 9797 9799 9919
f 9797 9919 9917
f 9798 9918 9920
f 9798 9920 9800
f 9797 9917 9918
f 9797 9918 9798
f 9917 9919 9920
f 9917 9920 9918
f 9919 9799 9800
f 9919 9800 9920
f 9799 9797 9798
f 9799 9798 9800
f 9802 9801 9921
f 9802 9921 9922
f 9803 9923 9924
f 9803 9924 9804
f 9802 9922 9923
f 9802 9923 9803
f 9922 9921 9924
f 9922 9924 9923
f 9921 9801 9804
f 9921 9804 9924
f 9801 9802 9803
f 9801 9803 9804
f 9806 9805 9925
f 9806 9925 9926
f 9807 9927 9928
f 9807 9928 9808
f 9806 9926 9927
f 9806 9927 9807
f 9926 9925 9928
f 9926 9928 9927
f 9925 9805 9808
f 9925 9808 9928
f 9805 9806 9807
f 9805 9807 9808
f 9805 9809 9929
f 9805 9929 9925
f 9808 9928 9930
f 9808 9930 9810
f 9805 9925 9928
f 9805 9928 9808
f 9925 9929 9930
f 9925 9930 9928
f 9929 9809 9810
f 9929 9810 9930
f 9809 9805 9808
f 9809 9808 9810
f 9812 9811 9931
f 9812 9931 9932
f 9813 9933 9934
f 9813 9934 9814
f 9812 9932 9933
f 9812 9933 9813
f 9932 9931 9934
f 9932 9934 9933
f 9931 9811 9814
f 9931 9814 9934
f 9811 9812 9813
f 9811 9813 9814
f 9811 9815 9935
f 9811 9935 9931
f 9814 9934 9936
f 9814 9936 9816
f 9811 9931 9934
f 9811 9934 9814
f 9931 9935 9936
f 9931 9936 9934
f 9935 9815 9816
f 9935 9816 9936
f 9815 9811 9814
f 9815 9814 9816
f 9818 9817 9937
f 9818 9937 9938
f 9819 9939 9940
f 9819 9940 9820
f 9818 9938 9939
f 9818 9939 9819
f 9938 9937 9940
f 9938 9940 9939
f 9937 9817 9820
f 9937 9820 9940
f 9817 9818 9819
f 9817 9819 9820
f 9822 9821 9941
f 9822 9941 9942
f 9823 9943 9944
f 9823 9944 9824
f 9822 9942 9943
f 9822 9943 9823
f 9942 9941 9944
f 9942 9944 9943
f 9941 9821 9824
f 9941 9824 9944
f 9821 9822 9823
f 9821 9823 9824
f 9826 9825 9945
f 9826 9945 9946
f 9827 9947 9948
f 9827 9948 9828
f 9826 9946 9947
f 9826 9947 9827
f 9946 9945 9948
f 9946 9948 9947
f 9945 9825 9828
f 9945 9828 9948
f 9825 9826 9827
f 9825 9827 9828
f 9830 9829 9949
f 9830 9949 9950
f 9831 9951 9952
f 9831 9952 9832
f 9830 9950 9951
f 9830 9951 9831
f 9950 9949 9952
f 9950 9952 9951
f 9949 9829 9832
f 9949 9832 9952
f 9829 9830 9831
f 9829 9831 9832
f 9834 9833 9953
f 9834 9953 9954
f 9835 9955 9956
f 9835 9956 9836
f 9834 9954 9955
f 9834 9955 9835
f 9954 9953 9956
f 9954 9956 9955
f 9953 9833 9836
f 9953 9836 9956
f 9833 9834 9835
f 9833 9835 9836
f 9838 9837 9957
f 9838 9957 9958
f 9839 9959 9960
f 9839 9960 9840
f 9838 9958 9959
f 9838 9959 9839
f 9958 9957 9960
f 9958 9960 9959
f 9957 9837 9840
f 9957 9840 9960
f 9837 9838 9839
f 9837 9839 9840
f 9842 9841 9961
f 9842 9961 9962
f 9843 9963 9964
f 9843 9964 9844
f 9842 9962 9963
f 9842 9963 9843
f 9962 9961 9964
f 9962 9964 9963
f 9961 9841 9844
f 9961 9844 9964
f 9841 9842 9843
f 9841 9843 9844
f 9846 9845 9965
f 9846 9965 9966
f 9847 9967 9968
f 9847 9968 9848
f 9846 9966 9967
f 9846 9967 9847
f 9966 9965 9968
f 9966 9968 9967
f 9965 9845 9848
f 9965 9848 9968
f 9845 9846 9847
f 9845 9847 9848
f 9850 9849 9969
f 9850 9969 9970
f 9851 9971 9972
f 9851 9972 9852
f 9850 9970 9971
f 9850 9971 9851
f 9970 9969 9972
f 9970 9972 9971
f 9969 9849 9852
f 9969 9852 9972
f 9849 9850 9851
f 9849 9851 9852
f 9854 9853 9973
f 9854 9973 9974
f 9855 9975 9976
f 9855 9976 9856
f 9854 9974 9975
f 9854 9975 9855
f 9974 9973 9976
f 9974 9976 9975
f 9973 9853 9856
f 9973 9856 9976
f 9853 9854 9855
f 9853 9855 9856
f 9858 9857 9977
f 9858 9977 9978
f 9859 9979 9980
f 9859 9980 9860
f 9858 9978 9979
f 9858 9979 9859
f 9978 9977 9980
f 9978 9980 9979
f 9977 9857 9860
f 9977 9860 9980
f 9857 9858 9859
f 9857 9859 9860
f 9862 9861 9981
f 9862 9981 9982
f 9863 9983 9984
f 9863 9984 9864
f 9862 9982 9983
f 9862 9983 9863
f 9982 9981 9984
f 9982 9984 9983
f 9981 9861 9864
f 9981 9864 9984
f 9861 9862 9863
f 9861 9863 9864
f 9866 9865 9985
f 9866 9985 9986
f 9867 9987 9988
f 9867 9988 9868
f 9866 9986 9987
f 9866 9987 9867
f 9986 9985 9988
f 9986 9988 9987
f 9985 9865 9868
f 9985 9868 9988
f 9865 9866 9867
f 9865 9867 9868
f 9870 9869 9989
f 9870 9989 9990
f 9871 9991 9992
f 9871 9992 9872
f 9870 9990 9991
f 9870 9991 9871
f 9990 9989 9992
f 9990 9992 9991
f 9989 9869 9872
f 9989 9872 9992
f 9869 9870 9871
f 9869 9871 9872
f 9874 9873 9993
f 9874 9993 9994
f 9875 9995 9996
f 9875 9996 9876
f 9874 9994 9995
f 9874 9995 9875
f 9994 9993 9996
f 9994 9996 9995
f 9993 9873 9876
f 9993 9876 9996
f 9873 9874 9875
f 9873 9875 9876
f 9878 9877 9997
f 9878 9997 9998
f 9879 9999 10000
f 9879 10000 9880
f 9878 9998 9999
f 9878 9999 9879
f 9998 9997 10000
f 9998 10000 9999
f 9997 9877 9880
f 9997 9880 10000
f 9877 9878 9879
f 9877 9879 9880
f 9882 9881 10001
f 9882 10001 10002
f 9883 10003 10004
f 9883 10004 9884
f 9882 10002 10003
f 9882 10003 9883
f 10002 10001 10004
f 10002 10004 10003
f 10001 9881 9884
f 10001 9884 10004
f 9881 9882 9883
f 9881 9883 9884
f 9886 9885 10005
f 9886 10005 10006
f 9887 10007 10008
f 9887 10008 9888
f 9886 10006 10007
f 9886 10007 9887
f 10006 10005 10008
f 10006 10008 10007
f 10005 9885 9888
f 10005 9888 10008
f 9885 9886 9887
f 9885 9887 9888
f 9890 9889 10009
f 9890 10009 10010
f 9891 10011 10012
f 9891 10012 9892
f 9890 10010 10011
f 9890 10011 9891
f 10010 10009 10012
f 10010 10012 10011
f 10009 9889 9892
f 10009 9892 10012
f 9889 9890 9891
f 9889 9891 9892
f 9894 9893 10013
f 9894 10013 10014
f 9895 10015 10016
f 9895 10016 9896
f 9894 10014 10015
f 9894 10015 9895
f 10014 10013 10016
f 10014 10016 10015
f 10013 9893 9896
f 10013 9896 10016
f 9893 9894 9895
f 9893 9895 9896
f 9898 9897 10017
f 9898 10017 10018
f 9899 10019 10020
f 9899 10020 9900
f 9898 10018 10019
f 9898 10019 9899
f 10018 10017 10020
f 10018 10020 10019
f 10017 9897 9900
f 10017 9900 10020
f 9897 9898 9899
f 9897 9899 9900
f 9902 9901 10021
f 9902 10021 10022
f 9903 10023 10024
f 9903 10024 9904
f 9902 10022 10023
f 9902 10023 9903
f 10022 10021 10024
f 10022 10024 10023
f 10021 9901 9904
f 10021 9904 10024
f 9901 9902 9903
f 9901 9903 9904
f 9906 9905 10025
f 9906 10025 10026
f 9907 10027 10028
f 9907 10028 9908
f 9906 10026 10027
f 9906 10027 9907
f 10026 10025 10028
f 10026 10028 10027
f 10025 9905 9908
f 10025 9908 10028
f 9905 9906 9907
f 9905 9907 9908
f 9910 9909 10029
f 9910 10029 10030
f 9911 10031 10032
f 9911 10032 9912
f 9910 10030 10031
f 9910 10031 9911
f 10030 10029 10032
f 10030 10032 10031
f 10029 9909 9912
f 10029 9912 10032
f 9909 9910 9911
f 9909 9911 9912
f 9914 9913 10033
f 9914 10033 10034
f 9915 10035 10036
f 9915 10036 9916
f 9914 10034 10035
f 9914 10035 9915
f 10034 10033 10036
f 10034 10036 10035
f 10033 9913 9916
f 10033 9916 10036
f 9913 9914 9915
f 9913 9915 9916
f 9913 9917 10037
f 9913 10037 10033
f 9916 10036 10038
f 9916 10038 9918
f 9913 10033 10036
f 9913 10036 9916
f 10033 10037 10038
f 10033 10038 10036
f 10037 9917 9918
f 10037 9918 10038
f 9917 9913 9916
f 9917 9916 9918
f 9917 9919 10039
f 9917 10039 10037
f 9918 10038 10040
f 9918 10040 9920
f 9917 10037 10038
f 9917 10038 9918
f 10037 10039 10040
f 10037 10040 10038
f 10039 9919 9920
f 10039 9920 10040
f 9919 9917 9918
f 9919 9918 9920
f 9922 9921 10041
f 9922 10041 10042
f 9923 10043 10044
f 9923 10044 9924
f 9922 10042 10043
f 9922 10043 9923
f 10042 10041 10044
f 10042 10044 10043
f 10041 9921 9924
f 10041 9924 10044
f 9921 9922 9923
f 9921 9923 9924
f 9926 9925 10045
f 9926 10045 10046
f 9927 10047 10048
f 9927 10048 9928
f 9926 10046 10047
f 9926 10047 9927
f 10046 10045 10048
f 10046 10048 10047
f 10045 9925 9928
f 10045 9928 10048
f 9925 9926 9927
f 9925 9927 9928
f 9925 9929 10049
f 9925 10049 10045
f 9928 10048 10050
f 9928 10050 9930
f 9925 10045 10048
f 9925 10048 9928
f 10045 10049 10050
f 10045 10050 10048
f 10049 9929 9930
f 10049 9930 10050
f 9929 9925 9928
f 9929 9928 9930
f 9932 9931 10051
f 9932 10051 10052
f 9933 10053 10054
f 9933 10054 9934
f 9932 10052 10053
f 9932 10053 9933
f 10052 10051 10054
f 10052 10054 10053
f 10051 9931 9934
f 10051 9934 10054
f 9931 9932 9933
f 9931 9933 9934
f 9931 9935 10055
f 9931 10055 10051
f 9934 10054 10056
f 9934 10056 9936
f 9931 10051 10054
f 9931 10054 9934
f 10051 10055 10056
f 10051 10056 10054
f 10055 9935 9936
f 10055 9936 10056
f 9935 9931 9934
f 9935 9934 9936
f 9938 9937 10057
f 9938 10057 10058
f 9939 10059 10060
f 9939 10060 9940
f 9938 10058 10059
f 9938 10059 9939
f 10058 10057 10060
f 10058 10060 10059
f 10057 9937 9940
f 10057 9940 10060
f 9937 9938 9939
f 9937 9939 9940
f 9937 10061 10062
f 9937 10062 10057
f 9940 10060 10063
f 9940 10063 10064
f 9937 10057 10060
f 9937 10060 9940
f 10057 10062 10063
f 10057 10063 10060
f 10062 10061 10064
f 10062 10064 10063
f 10061 9937 9940
f 10061 9940 10064
f 10065 9942 10066
f 10065 10066 10067
f 10068 10069 10070
f 10068 10070 9943
f 10065 10067 10069
f 10065 10069 10068
f 10067 10066 10070
f 10067 10070 10069
f 10066 9942 9943
f 10066 9943 10070
f 9942 10065 10068
f 9942 10068 9943
f 9942 9941 10071
f 9942 10071 10066
f 9943 10070 10072
f 9943 10072 9944
f 9942 10066 10070
f 9942 10070 9943
f 10066 10071 10072
f 10066 10072 10070
f 10071 9941 9944
f 10071 9944 10072
f 9941 9942 9943
f 9941 9943 9944
f 9946 9945 10073
f 9946 10073 10074
f 9947 10075 10076
f 9947 10076 9948
f 9946 10074 10075
f 9946 10075 9947
f 10074 10073 10076
f 10074 10076 10075
f 10073 9945 9948
f 10073 9948 10076
f 9945 9946 9947
f 9945 9947 9948
f 9945 10077 10078
f 9945 10078 10073
f 9948 10076 10079
f 9948 10079 10080
f 9945 10073 10076
f 9945 10076 9948
f 10073 10078 10079
f 10073 10079 10076
f 10078 10077 10080
f 10078 10080 10079
f 10077 9945 9948
f 10077 9948 10080
f 10077 10081 10082
f 10077 10082 10078
f 10080 10079 10083
f 10080 10083 10084
f 10077 10078 10079
f 10077 10079 10080
f 10078 10082 10083
f 10078 10083 10079
f 10082 10081 10084
f 10082 10084 10083
f 10081 10077 10080
f 10081 10080 10084
f 10085 10086 10087
f 10085 10087 10088
f 10089 10090 10091
f 10089 10091 10092
f 10085 10088 10090
f 10085 10090 10089
f 10088 10087 10091
f 10088 10091 10090
f 10087 10086 10092
f 10087 10092 10091
f 10086 10085 10089
f 10086 10089 10092
f 10093 10094 10095
f 10093 10095 10096
f 10097 10098 10099
f 10097 10099 10100
f 10093 10096 10098
f 10093 10098 10097
f 10096 10095 10099
f 10096 10099 10098
f 10095 10094 10100
f 10095 10100 10099
f 10094 10093 10097
f 10094 10097 10100
f 10101 10102 10103
f 10101 10103 10104
f 10105 10106 10107
f 10105 10107 10108
f 10101 10104 10106
f 10101 10106 10105
f 10104 10103 10107
f 10104 10107 10106
f 10103 10102 10108
f 10103 10108 10107
f 10102 10101 10105
f 10102 10105 10108
f 10109 10110 10111
f 10109 10111 10112
f 10113 10114 10115
f 10113 10115 10116
f 10109 10112 10114
f 10109 10114 10113
f 10112 10111 10115
f 10112 10115 10114
f 10111 10110 10116
f 10111 10116 10115
f 10110 10109 10113
f 10110 10113 10116
f 10117 10118 10119
f 10117 10119 10120
f 10121 10122 10123
f 10121 10123 10124
f 10117 10120 10122
f 10117 10122 10121
f 10120 10119 10123
f 10120 10123 10122
f 10119 10118 10124
f 10119 10124 10123
f 10118 10117 10121
f 10118 10121 10124
f 10125 10126 10127
f 10125 10127 10128
f 10129 10130 10131
f 10129 10131 10132
f 10125 10128 10130
f 10125 10130 10129
f 10128 10127 10131
f 10128 10131 10130
f 10127 10126 10132
f 10127 10132 10131
f 10126 10125 10129
f 10126 10129 10132
f 10133 10134 10135
f 10133 10135 10136
f 10137 10138 10139
f 10137 10139 10140
f 10133 10136 10138
f 10133 10138 10137
f 10136 10135 10139
f 10136 10139 10138
f 10135 10134 10140
f 10135 10140 10139
f 10134 10133 10137
f 10134 10137 10140
f 10141 10142 10143
f 10141 10143 10144
f 10145 10146 10147
f 10145 10147 10148
f 10141 10144 10146
f 10141 10146 10145
f 10144 10143 10147
f 10144 10147 10146
f 10143 10142 10148
f 10143 10148 10147
f 10142 10141 10145
f 10142 10145 10148
f 10149 10150 10151
f 10149 10151 10152
f 10153 10154 10155
f 10153 10155 10156
f 10149 10152 10154
f 10149 10154 10153
f 10152 10151 10155
f 10152 10155 10154
f 10151 10150 10156
f 10151 10156 10155
f 10150 10149 10153
f 10150 10153 10156
f 10157 10158 10159
f 10157 10159 10160
f 10161 10162 10163
f 10161 10163 10164
f 10157 10160 10162
f 10157 10162 10161
f 10160 10159 10163
f 10160 10163 10162
f 10159 10158 10164
f 10159 10164 10163
f 10158 10157 10161
f 10158 10161 10164
f 10165 10166 10167
f 10165 10167 10168
f 10169 10170 10171
f 10169 10171 10172
f 10165 10168 10170
f 10165 10170 10169
f 10168 10167 10171
f 10168 10171 10170
f 10167 10166 10172
f 10167 10172 10171
f 10166 10165 10169
f 10166 10169 10172
f 9950 9949 10173
f 9950 10173 10174
f 9951 10175 10176
f 9951 10176 9952
f 9950 10174 10175
f 9950 10175 9951
f 10174 10173 10176
f 10174 10176 10175
f 10173 9949 9952
f 10173 9952 10176
f 9949 9950 9951
f 9949 9951 9952
f 9954 9953 10177
f 9954 10177 10178
f 9955 10179 10180
f 9955 10180 9956
f 9954 10178 10179
f 9954 10179 9955
f 10178 10177 10180
f 10178 10180 10179
f 10177 9953 9956
f 10177 9956 10180
f 9953 9954 9955
f 9953 9955 9956
f 9958 9957 10181
f 9958 10181 10182
f 9959 10183 10184
f 9959 10184 9960
f 9958 10182 10183
f 9958 10183 9959
f 10182 10181 10184
f 10182 10184 10183
f 10181 9957 9960
f 10181 9960 10184
f 9957 9958 9959
f 9957 9959 9960
f 9962 9961 10185
f 9962 10185 10186
f 9963 10187 10188
f 9963 10188 9964
f 9962 10186 10187
f 9962 10187 9963
f 10186 10185 10188
f 10186 10188 10187
f 10185 9961 9964
f 10185 9964 10188
f 9961 9962 9963
f 9961 9963 9964
f 9966 9965 10189
f 9966 10189 10190
f 9967 10191 10192
f 9967 10192 9968
f 9966 10190 10191
f 9966 10191 9967
f 10190 10189 10192
f 10190 10192 10191
f 10189 9965 9968
f 10189 9968 10192
f 9965 9966 9967
f 9965 9967 9968
f 9970 9969 10193
f 9970 10193 10194
f 9971 10195 10196
f 9971 10196 9972
f 9970 10194 10195
f 9970 10195 9971
f 10194 10193 10196
f 10194 10196 10195
f 10193 9969 9972
f 10193 9972 10196
f 9969 9970 9971
f 9969 9971 9972
f 9974 9973 10197
f 9974 10197 10198
f 9975 10199 10200
f 9975 10200 9976
f 9974 10198 10199
f 9974 10199 9975
f 10198 10197 10200
f 10198 10200 10199
f 10197 9973 9976
f 10197 9976 10200
f 9973 9974 9975
f 9973 9975 9976
f 9978 9977 10201
f 9978 10201 10202
f 9979 10203 10204
f 9979 10204 9980
f 9978 10202 10203
f 9978 10203 9979
f 10202 10201 10204
f 10202 10204 10203
f 10201 9977 9980
f 10201 9980 10204
f 9977 9978 9979
f 9977 9979 9980
f 9982 9981 10205
f 9982 10205 10206
f 9983 10207 10208
f 9983 10208 9984
f 9982 10206 10207
f 9982 10207 9983
f 10206 10205 10208
f 10206 10208 10207
f 10205 9981 9984
f 10205 9984 10208
f 9981 9982 9983
f 9981 9983 9984
f 9986 9985 10209
f 9986 10209 10210
f 9987 10211 10212
f 9987 10212 9988
f 9986 10210 10211
f 9986 10211 9987
f 10210 10209 10212
f 10210 10212 10211
f 10209 9985 9988
f 10209 9988 10212
f 9985 9986 9987
f 9985 9987 9988
f 9990 9989 10213
f 9990 10213 10214
f 9991 10215 10216
f 9991 10216 9992
f 9990 10214 10215
f 9990 10215 9991
f 10214 10213 10216
f 10214 10216 10215
f 10213 9989 9992
f 10213 9992 10216
f 9989 9990 9991
f 9989 9991 9992
f 9994 9993 10217
f 9994 10217 10218
f 9995 10219 10220
f 9995 10220 9996
f 9994 10218 10219
f 9994 10219 9995
f 10218 10217 10220
f 10218 10220 10219
f 10217 9993 9996
f 10217 9996 10220
f 9993 9994 9995
f 9993 9995 9996
f 9998 9997 10221
f 9998 10221 10222
f 9999 10223 10224
f 9999 10224 10000
f 9998 10222 10223
f 9998 10223 9999
f 10222 10221 10224
f 10222 10224 10223
f 10221 9997 10000
f 10221 10000 10224
f 9997 9998 9999
f 9997 9999 10000
f 10002 10001 10225
f 10002 10225 10226
f 10003 10227 10228
f 10003 10228 10004
f 10002 10226 10227
f 10002 10227 10003
f 10226 10225 10228
f 10226 10228 10227
f 10225 10001 10004
f 10225 10004 10228
f 10001 10002 10003
f 10001 10003 10004
f 10006 10005 10229
f 10006 10229 10230
f 10007 10231 10232
f 10007 10232 10008
f 10006 10230 10231
f 10006 10231 10007
f 10230 10229 10232
f 10230 10232 10231
f 10229 10005 10008
f 10229 10008 10232
f 10005 10006 10007
f 10005 10007 10008
f 10010 10009 10233
f 10010 10233 10234
f 10011 10235 10236
f 10011 10236 10012
f 10010 10234 10235
f 10010 10235 10011
f 10234 10233 10236
f 10234 10236 10235
f 10233 10009 10012
f 10233 10012 10236
f 10009 10010 10011
f 10009 10011 10012
f 10014 10013 10237
f 10014 10237 10238
f 10015 10239 10240
f 10015 10240 10016
f 10014 10238 10239
f 10014 10239 10015
f 10238 10237 10240
f 10238 10240 10239
f 10237 10013 10016
f 10237 10016 10240
f 10013 10014 10015
f 10013 10015 10016
f 10018 10017 10241
f 10018 10241 10242
f 10019 10243 10244
f 10019 10244 10020
f 10018 10242 10243
f 10018 10243 10019
f 10242 10241 10244
f 10242 10244 10243
f 10241 10017 10020
f 10241 10020 10244
f 10017 10018 10019
f 10017 10019 10020
f 10022 10021 10245
f 10022 10245 10246
f 10023 10247 10248
f 10023 10248 10024
f 10022 10246 10247
f 10022 10247 10023
f 10246 10245 10248
f 10246 10248 10247
f 10245 10021 10024
f 10245 10024 10248
f 10021 10022 10023
f 10021 10023 10024
f 10026 10025 10249
f 10026 10249 10250
f 10027 10251 10252
f 10027 10252 10028
f 10026 10250 10251
f 10026 10251 10027
f 10250 10249 10252
f 10250 10252 10251
f 10249 10025 10028
f 10249 10028 10252
f 10025 10026 10027
f 10025 10027 10028
f 10030 10029 10253
f 10030 10253 10254
f 10031 10255 10256
f 10031 10256 10032
f 10030 10254 10255
f 10030 10255 10031
f 10254 10253 10256
f 10254 10256 10255
f 10253 10029 10032
f 10253 10032 10256
f 10029 10030 10031
f 10029 10031 10032
f 10034 10033 10257
f 10034 10257 10258
f 10035 10259 10260
f 10035 10260 10036
f 10034 10258 10259
f 10034 10259 10035
f 10258 10257 10260
f 10258 10260 10259
f 10257 10033 10036
f 10257 10036 10260
f 10033 10034 10035
f 10033 10035 10036
f 10033 10037 10261
f 10033 10261 10257
f 10036 10260 10262
f 10036 10262 10038
f 10033 10257 10260
f 10033 10260 10036
f 10257 10261 10262
f 10257 10262 10260
f 10261 10037 10038
f 10261 10038 10262
f 10037 10033 10036
f 10037 10036 10038
f 10037 10039 10263
f 10037 10263 10261
f 10038 10262 10264
f 10038 10264 10040
f 10037 10261 10262
f 10037 10262 10038
f 10261 10263 10264
f 10261 10264 10262
f 10263 10039 10040
f 10263 10040 10264
f 10039 10037 10038
f 10039 10038 10040
f 10042 10041 10265
f 10042 10265 10266
f 10043 10267 10268
f 10043 10268 10044
f 10042 10266 10267
f 10042 10267 10043
f 10266 10265 10268
f 10266 10268 10267
f 10265 10041 10044
f 10265 10044 10268
f 10041 10042 10043
f 10041 10043 10044
f 10046 10045 10269
f 10046 10269 10270
f 10047 10271 10272
f 10047 10272 10048
f 10046 10270 10271
f 10046 10271 10047
f 10270 10269 10272
f 10270 10272 10271
f 10269 10045 10048
f 10269 10048 10272
f 10045 10046 10047
f 10045 10047 10048
f 10045 10049 10273
f 10045 10273 10269
f 10048 10272 10274
f 10048 10274 10050
f 10045 10269 10272
f 10045 10272 10048
f 10269 10273 10274
f 10269 10274 10272
f 10273 10049 10050
f 10273 10050 10274
f 10049 10045 10048
f 10049 10048 10050
f 10052 10051 10275
f 10052 10275 10276
f 10053 10277 10278
f 10053 10278 10054
f 10052 10276 10277
f 10052 10277 10053
f 10276 10275 10278
f 10276 10278 10277
f 10275 10051 10054
f 10275 10054 10278
f 10051 10052 10053
f 10051 10053 10054
f 10051 10055 10279
f 10051 10279 10275
f 10054 10278 10280
f 10054 10280 10056
f 10051 10275 10278
f 10051 10278 10054
f 10275 10279 10280
f 10275 10280 10278
f 10279 10055 10056
f 10279 10056 10280
f 10055 10051 10054
f 10055 10054 10056
f 10058 10057 10281
f 10058 10281 10282
f 10059 10283 10284
f 10059 10284 10060
f 10058 10282 10283
f 10058 10283 10059
f 10282 10281 10284
f 10282 10284 10283
f 10281 10057 10060
f 10281 10060 10284
f 10057 10058 10059
f 10057 10059 10060
f 10057 10062 10285
f 10057 10285 10281
f 10060 10284 10286
f 10060 10286 10063
f 10057 10281 10284
f 10057 10284 10060
f 10281 10285 10286
f 10281 10286 10284
f 10285 10062 10063
f 10285 10063 10286
f 10062 10057 10060
f 10062 10060 10063
f 10062 10287 10288
f 10062 10288 10285
f 10063 10286 10289
f 10063 10289 10290
f 10062 10285 10286
f 10062 10286 10063
f 10285 10288 10289
f 10285 10289 10286
f 10288 10287 10290
f 10288 10290 10289
f 10287 10062 10063
f 10287 10063 10290
f 10291 10067 10292
f 10291 10292 10293
f 10294 10295 10296
f 10294 10296 10069
f 10291 10293 10295
f 10291 10295 10294
f 10293 10292 10296
f 10293 10296 10295
f 10292 10067 10069
f 10292 10069 10296
f 10067 10291 10294
f 10067 10294 10069
f 10067 10066 10297
f 10067 10297 10292
f 10069 10296 10298
f 10069 10298 10070
f 10067 10292 10296
f 10067 10296 10069
f 10292 10297 10298
f 10292 10298 10296
f 10297 10066 10070
f 10297 10070 10298
f 10066 10067 10069
f 10066 10069 10070
f 10066 10071 10299
f 10066 10299 10297
f 10070 10298 10300
f 10070 10300 10072
f 10066 10297 10298
f 10066 10298 10070
f 10297 10299 10300
f 10297 10300 10298
f 10299 10071 10072
f 10299 10072 10300
f 10071 10066 10070
f 10071 10070 10072
f 10074 10073 10301
f 10074 10301 10302
f 10075 10303 10304
f 10075 10304 10076
f 10074 10302 10303
f 10074 10303 10075
f 10302 10301 10304
f 10302 10304 10303
f 10301 10073 10076
f 10301 10076 10304
f 10073 10074 10075
f 10073 10075 10076
f 10073 10078 10305
f 10073 10305 10301
f 10076 10304 10306
f 10076 10306 10079
f 10073 10301 10304
f 10073 10304 10076
f 10301 10305 10306
f 10301 10306 10304
f 10305 10078 10079
f 10305 10079 10306
f 10078 10073 10076
f 10078 10076 10079
f 10078 10082 10307
f 10078 10307 10305
f 10079 10306 10308
f 10079 10308 10083
f 10078 10305 10306
f 10078 10306 10079
f 10305 10307 10308
f 10305 10308 10306
f 10307 10082 10083
f 10307 10083 10308
f 10082 10078 10079
f 10082 10079 10083
f 10088 10087 10309
f 10088 10309 10310
f 10090 10311 10312
f 10090 10312 10091
f 10088 10310 10311
f 10088 10311 10090
f 10310 10309 10312
f 10310 10312 10311
f 10309 10087 10091
f 10309 10091 10312
f 10087 10088 10090
f 10087 10090 10091
f 10096 10095 10313
f 10096 10313 10314
f 10098 10315 10316
f 10098 10316 10099
f 10096 10314 10315
f 10096 10315 10098
f 10314 10313 10316
f 10314 10316 10315
f 10313 10095 10099
f 10313 10099 10316
f 10095 10096 10098
f 10095 10098 10099
f 10104 10103 10317
f 10104 10317 10318
f 10106 10319 10320
f 10106 10320 10107
f 10104 10318 10319
f 10104 10319 10106
f 10318 10317 10320
f 10318 10320 10319
f 10317 10103 10107
f 10317 10107 10320
f 10103 10104 10106
f 10103 10106 10107
f 10112 10111 10321
f 10112 10321 10322
f 10114 10323 10324
f 10114 10324 10115
f 10112 10322 10323
f 10112 10323 10114
f 10322 10321 10324
f 10322 10324 10323
f 10321 10111 10115
f 10321 10115 10324
f 10111 10112 10114
f 10111 10114 10115
f 10120 10119 10325
f 10120 10325 10326
f 10122 10327 10328
f 10122 10328 10123
f 10120 10326 10327
f 10120 10327 10122
f 10326 10325 10328
f 10326 10328 10327
f 10325 10119 10123
f 10325 10123 10328
f 10119 10120 10122
f 10119 10122 10123
f 10128 10127 10329
f 10128 10329 10330
f 10130 10331 10332
f 10130 10332 10131
f 10128 10330 10331
f 10128 10331 10130
f 10330 10329 10332
f 10330 10332 10331
f 10329 10127 10131
f 10329 10131 10332
f 10127 10128 10130
f 10127 10130 10131
f 10136 10135 10333
f 10136 10333 10334
f 10138 10335 10336
f 10138 10336 10139
f 10136 10334 10335
f 10136 10335 10138
f 10334 10333 10336
f 10334 10336 10335
f 10333 10135 10139
f 10333 10139 10336
f 10135 10136 10138
f 10135 10138 10139
f 10144 10143 10337
f 10144 10337 10338
f 10146 10339 10340
f 10146 10340 10147
f 10144 10338 10339
f 10144 10339 10146
f 10338 10337 10340
f 10338 10340 10339
f 10337 10143 10147
f 10337 10147 10340
f 10143 10144 10146
f 10143 10146 10147
f 10152 10151 10341
f 10152 10341 10342
f 10154 10343 10344
f 10154 10344 10155
f 10152 10342 10343
f 10152 10343 10154
f 10342 10341 10344
f 10342 10344 10343
f 10341 10151 10155
f 10341 10155 10344
f 10151 10152 10154
f 10151 10154 10155
f 10160 10159 10345
f 10160 10345 10346
f 10162 10347 10348
f 10162 10348 10163
f 10160 10346 10347
f 10160 10347 10162
f 10346 10345 10348
f 10346 10348 10347
f 10345 10159 10163
f 10345 10163 10348
f 10159 10160 10162
f 10159 10162 10163
f 10168 10167 10349
f 10168 10349 10350
f 10170 10351 10352
f 10170 10352 10171
f 10168 10350 10351
f 10168 10351 10170
f 10350 10349 10352
f 10350 10352 10351
f 10349 10167 10171
f 10349 10171 10352
f 10167 10168 10170
f 10167 10170 10171
f 10174 10173 10353
f 10174 10353 10354
f 10175 10355 10356
f 10175 10356 10176
f 10174 10354 10355
f 10174 10355 10175
f 10354 10353 10356
f 10354 10356 10355
f 10353 10173 10176
f 10353 10176 10356
f 10173 10174 10175
f 10173 10175 10176
f 10178 10177 10357
f 10178 10357 10358
f 10179 10359 10360
f 10179 10360 10180
f 10178 10358 10359
f 10178 10359 10179
f 10358 10357 10360
f 10358 10360 10359
f 10357 10177 10180
f 10357 10180 10360
f 10177 10178 10179
f 10177 10179 10180
f 10182 10181 10361
f 10182 10361 10362
f 10183 10363 10364
f 10183 10364 10184
f 10182 10362 10363
f 10182 10363 10183
f 10362 10361 10364
f 10362 10364 10363
f 10361 10181 10184
f 10361 10184 10364
f 10181 10182 10183
f 10181 10183 10184
f 10186 10185 10365
f 10186 10365 10366
f 10187 10367 10368
f 10187 10368 10188
f 10186 10366 10367
f 10186 10367 10187
f 10366 10365 10368
f 10366 10368 10367
f 10365 10185 10188
f 10365 10188 10368
f 10185 10186 10187
f 10185 10187 10188
f 10190 10189 10369
f 10190 10369 10370
f 10191 10371 10372
f 10191 10372 10192
f 10190 10370 10371
f 10190 10371 10191
f 10370 10369 10372
f 10370 10372 10371
f 10369 10189 10192
f 10369 10192 10372
f 10189 10190 10191
f 10189 10191 10192
f 10194 10193 10373
f 10194 10373 10374
f 10195 10375 10376
f 10195 10376 10196
f 10194 10374 10375
f 10194 10375 10195
f 10374 10373 10376
f 10374 10376 10375
f 10373 10193 10196
f 10373 10196 10376
f 10193 10194 10195
f 10193 10195 10196
f 10198 10197 10377
f 10198 10377 10378
f 10199 10379 10380
f 10199 10380 10200
f 10198 10378 10379
f 10198 10379 10199
f 10378 10377 10380
f 10378 10380 10379
f 10377 10197 10200
f 10377 10200 10380
f 10197 10198 10199
f 10197 10199 10200
f 10202 10201 10381
f 10202 10381 10382
f 10203 10383 10384
f 10203 10384 10204
f 10202 10382 10383
f 10202 10383 10203
f 10382 10381 10384
f 10382 10384 10383
f 10381 10201 10204
f 10381 10204 10384
f 10201 10202 10203
f 10201 10203 10204
f 10206 10205 10385
f 10206 10385 10386
f 10207 10387 10388
f 10207 10388 10208
f 10206 10386 10387
f 10206 10387 10207
f 10386 10385 10388
f 10386 10388 10387
f 10385 10205 10208
f 10385 10208 10388
f 10205 10206 10207
f 10205 10207 10208
f 10210 10209 10389
f 10210 10389 10390
f 10211 10391 10392
f 10211 10392 10212
f 10210 10390 10391
f 10210 10391 10211
f 10390 10389 10392
f 10390 10392 10391
f 10389 10209 10212
f 10389 10212 10392
f 10209 10210 10211
f 10209 10211 10212
f 10214 10213 10393
f 10214 10393 10394
f 10215 10395 10396
f 10215 10396 10216
f 10214 10394 10395
f 10214 10395 10215
f 10394 10393 10396
f 10394 10396 10395
f 10393 10213 10216
f 10393 10216 10396
f 10213 10214 10215
f 10213 10215 10216
f 10218 10217 10397
f 10218 10397 10398
f 10219 10399 10400
f 10219 10400 10220
f 10218 10398 10399
f 10218 10399 10219
f 10398 10397 10400
f 10398 10400 10399
f 10397 10217 10220
f 10397 10220 10400
f 10217 10218 10219
f 10217 10219 10220
f 10222 10221 10401
f 10222 10401 10402
f 10223 10403 10404
f 10223 10404 10224
f 10222 10402 10403
f 10222 10403 10223
f 10402 10401 10404
f 10402 10404 10403
f 10401 10221 10224
f 10401 10224 10404
f 10221 10222 10223
f 10221 10223 10224
f 10226 10225 10405
f 10226 10405 10406
f 10227 10407 10408
f 10227 10408 10228
f 10226 10406 10407
f 10226 10407 10227
f 10406 10405 10408
f 10406 10408 10407
f 10405 10225 10228
f 10405 10228 10408
f 10225 10226 10227
f 10225 10227 10228
f 10230 10229 10409
f 10230 10409 10410
f 10231 10411 10412
f 10231 10412 10232
f 10230 10410 10411
f 10230 10411 10231
f 10410 10409 10412
f 10410 10412 10411
f 10409 10229 10232
f 10409 10232 10412
f 10229 10230 10231
f 10229 10231 10232
f 10234 10233 10413
f 10234 10413 10414
f 10235 10415 10416
f 10235 10416 10236
f 10234 10414 10415
f 10234 10415 10235
f 10414 10413 10416
f 10414 10416 10415
f 10413 10233 10236
f 10413 10236 10416
f 10233 10234 10235
f 10233 10235 10236
f 10238 10237 10417
f 10238 10417 10418
f 10239 10419 10420
f 10239 10420 10240
f 10238 10418 10419
f 10238 10419 10239
f 10418 10417 10420
f 10418 10420 10419
f 10417 10237 10240
f 10417 10240 10420
f 10237 10238 10239
f 10237 10239 10240
f 10242 10241 10421
f 10242 10421 10422
f 10243 10423 10424
f 10243 10424 10244
f 10242 10422 10423
f 10242 10423 10243
f 10422 10421 10424
f 10422 10424 10423
f 10421 10241 10244
f 10421 10244 10424
f 10241 10242 10243
f 10241 10243 10244
f 10246 10245 10425
f 10246 10425 10426
f 10247 10427 10428
f 10247 10428 10248
f 10246 10426 10427
f 10246 10427 10247
f 10426 10425 10428
f 10426 10428 10427
f 10425 10245 10248
f 10425 10248 10428
f 10245 10246 10247
f 10245 10247 10248
f 10250 10249 10429
f 10250 10429 10430
f 10251 10431 10432
f 10251 10432 10252
f 10250 10430 10431
f 10250 10431 10251
f 10430 10429 10432
f 10430 10432 10431
f 10429 10249 10252
f 10429 10252 10432
f 10249 10250 10251
f 10249 10251 10252
f 10254 10253 10433
f 10254 10433 10434
f 10255 10435 10436
f 10255 10436 10256
f 10254 10434 10435
f 10254 10435 10255
f 10434 10433 10436
f 10434 10436 10435
f 10433 10253 10256
f 10433 10256 10436
f 10253 10254 10255
f 10253 10255 10256
f 10258 10257 10437
f 10258 10437 10438
f 10259 10439 10440
f 10259 10440 10260
f 10258 10438 10439
f 10258 10439 10259
f 10438 10437 10440
f 10438 10440 10439
f 10437 10257 10260
f 10437 10260 10440
f 10257 10258 10259
f 10257 10259 10260
f 10257 10261 10441
f 10257 10441 10437
f 10260 10440 10442
f 10260 10442 10262
f 10257 10437 10440
f 10257 10440 10260
f 10437 10441 10442
f 10437 10442 10440
f 10441 10261 10262
f 10441 10262 10442
f 10261 10257 10260
f 10261 10260 10262
f 10261 10263 10443
f 10261 10443 10441
f 10262 10442 10444
f 10262 10444 10264
f 10261 10441 10442
f 10261 10442 10262
f 10441 10443 10444
f 10441 10444 10442
f 10443 10263 10264
f 10443 10264 10444
f 10263 10261 10262
f 10263 10262 10264
f 10266 10265 10445
f 10266 10445 10446
f 10267 10447 10448
f 10267 10448 10268
f 10266 10446 10447
f 10266 10447 10267
f 10446 10445 10448
f 10446 10448 10447
f 10445 10265 10268
f 10445 10268 10448
f 10265 10266 10267
f 10265 10267 10268
f 10270 10269 10449
f 10270 10449 10450
f 10271 10451 10452
f 10271 10452 10272
f 10270 10450 10451
f 10270 10451 10271
f 10450 10449 10452
f 10450 10452 10451
f 10449 10269 10272
f 10449 10272 10452
f 10269 10270 10271
f 10269 10271 10272
f 10269 10273 10453
f 10269 10453 10449
f 10272 10452 10454
f 10272 10454 10274
f 10269 10449 10452
f 10269 10452 10272
f 10449 10453 10454
f 10449 10454 10452
f 10453 10273 10274
f 10453 10274 10454
f 10273 10269 10272
f 10273 10272 10274
f 10276 10275 10455
f 10276 10455 10456
f 10277 10457 10458
f 10277 10458 10278
f 10276 10456 10457
f 10276 10457 10277
f 10456 10455 10458
f 10456 10458 10457
f 10455 10275 10278
f 10455 10278 10458
f 10275 10276 10277
f 10275 10277 10278
f 10275 10279 10459
f 10275 10459 10455
f 10278 10458 10460
f 10278 10460 10280
f 10275 10455 10458
f 10275 10458 10278
f 10455 10459 10460
f 10455 10460 10458
f 10459 10279 10280
f 10459 10280 10460
f 10279 10275 10278
f 10279 10278 10280
f 10282 10281 10461
f 10282 10461 10462
f 10283 10463 10464
f 10283 10464 10284
f 10282 10462 10463
f 10282 10463 10283
f 10462 10461 10464
f 10462 10464 10463
f 10461 10281 10284
f 10461 10284 10464
f 10281 10282 10283
f 10281 10283 10284
f 10281 10285 10465
f 10281 10465 10461
f 10284 10464 10466
f 10284 10466 10286
f 10281 10461 10464
f 10281 10464 10284
f 10461 10465 10466
f 10461 10466 10464
f 10465 10285 10286
f 10465 10286 10466
f 10285 10281 10284
f 10285 10284 10286
f 10285 10288 10467
f 10285 10467 10465
f 10286 10466 10468
f 10286 10468 10289
f 10285 10465 10466
f 10285 10466 10286
f 10465 10467 10468
f 10465 10468 10466
f 10467 10288 10289
f 10467 10289 10468
f 10288 10285 10286
f 10288 10286 10289
f 10293 10292 10469
f 10293 10469 10470
f 10295 10471 10472
f 10295 10472 10296
f 10293 10470 10471
f 10293 10471 10295
f 10470 10469 10472
f 10470 10472 10471
f 10469 10292 10296
f 10469 10296 10472
f 10292 10293 10295
f 10292 10295 10296
f 10292 10297 10473
f 10292 10473 10469
f 10296 10472 10474
f 10296 10474 10298
f 10292 10469 10472
f 10292 10472 10296
f 10469 10473 10474
f 10469 10474 10472
f 10473 10297 10298
f 10473 10298 10474
f 10297 10292 10296
f 10297 10296 10298
f 10297 10299 10475
f 10297 10475 10473
f 10298 10474 10476
f 10298 10476 10300
f 10297 10473 10474
f 10297 10474 10298
f 10473 10475 10476
f 10473 10476 10474
f 10475 10299 10300
f 10475 10300 10476
f 10299 10297 10298
f 10299 10298 10300
f 10302 10301 10477
f 10302 10477 10478
f 10303 10479 10480
f 10303 10480 10304
f 10302 10478 10479
f 10302 10479 10303
f 10478 10477 10480
f 10478 10480 10479
f 10477 10301 10304
f 10477 10304 10480
f 10301 10302 10303
f 10301 10303 10304
f 10301 10305 10481
f 10301 10481 10477
f 10304 10480 10482
f 10304 10482 10306
f 10301 10477 10480
f 10301 10480 10304
f 10477 10481 10482
f 10477 10482 10480
f 10481 10305 10306
f 10481 10306 10482
f 10305 10301 10304
f 10305 10304 10306
f 10305 10307 10483
f 10305 10483 10481
f 10306 10482 10484
f 10306 10484 10308
f 10305 10481 10482
f 10305 10482 10306
f 10481 10483 10484
f 10481 10484 10482
f 10483 10307 10308
f 10483 10308 10484
f 10307 10305 10306
f 10307 10306 10308
f 10310 10309 10485
f 10310 10485 10486
f 10311 10487 10488
f 10311 10488 10312
f 10310 10486 10487
f 10310 10487 10311
f 10486 10485 10488
f 10486 10488 10487
f 10485 10309 10312
f 10485 10312 10488
f 10309 10310 10311
f 10309 10311 10312
f 10314 10313 10489
f 10314 10489 10490
f 10315 10491 10492
f 10315 10492 10316
f 10314 10490 10491
f 10314 10491 10315
f 10490 10489 10492
f 10490 10492 10491
f 10489 10313 10316
f 10489 10316 10492
f 10313 10314 10315
f 10313 10315 10316
f 10318 10317 10493
f 10318 10493 10494
f 10319 10495 10496
f 10319 10496 10320
f 10318 10494 10495
f 10318 10495 10319
f 10494 10493 10496
f 10494 10496 10495
f 10493 10317 10320
f 10493 10320 10496
f 10317 10318 10319
f 10317 10319 10320
f 10322 10321 10497
f 10322 10497 10498
f 10323 10499 10500
f 10323 10500 10324
f 10322 10498 10499
f 10322 10499 10323
f 10498 10497 10500
f 10498 10500 10499
f 10497 10321 10324
f 10497 10324 10500
f 10321 10322 10323
f 10321 10323 10324
f 10326 10325 10501
f 10326 10501 10502
f 10327 10503 10504
f 10327 10504 10328
f 10326 10502 10503
f 10326 10503 10327
f 10502 10501 10504
f 10502 10504 10503
f 10501 10325 10328
f 10501 10328 10504
f 10325 10326 10327
f 10325 10327 10328
f 10330 10329 10505
f 10330 10505 10506
f 10331 10507 10508
f 10331 10508 10332
f 10330 10506 10507
f 10330 10507 10331
f 10506 10505 10508
f 10506 10508 10507
f 10505 10329 10332
f 10505 10332 10508
f 10329 10330 10331
f 10329 10331 10332
f 10334 10333 10509
f 10334 10509 10510
f 10335 10511 10512
f 10335 10512 10336
f 10334 10510 10511
f 10334 10511 10335
f 10510 10509 10512
f 10510 10512 10511
f 10509 10333 10336
f 10509 10336 10512
f 10333 10334 10335
f 10333 10335 10336
f 10338 10337 10513
f 10338 10513 10514
f 10339 10515 10516
f 10339 10516 10340
f 10338 10514 10515
f 10338 10515 10339
f 10514 10513 10516
f 10514 10516 10515
f 10513 10337 10340
f 10513 10340 10516
f 10337 10338 10339
f 10337 10339 10340
f 10342 10341 10517
f 10342 10517 10518
f 10343 10519 10520
f 10343 10520 10344
f 10342 10518 10519
f 10342 10519 10343
f 10518 10517 10520
f 10518 10520 10519
f 10517 10341 10344
f 10517 10344 10520
f 10341 10342 10343
f 10341 10343 10344
f 10346 10345 10521
f 10346 10521 10522
f 10347 10523 10524
f 10347 10524 10348
f 10346 10522 10523
f 10346 10523 10347
f 10522 10521 10524
f 10522 10524 10523
f 10521 10345 10348
f 10521 10348 10524
f 10345 10346 10347
f 10345 10347 10348
f 10350 10349 10525
f 10350 10525 10526
f 10351 10527 10528
f 10351 10528 10352
f 10350 10526 10527
f 10350 10527 10351
f 10526 10525 10528
f 10526 10528 10527
f 10525 10349 10352
f 10525 10352 10528
f 10349 10350 10351
f 10349 10351 10352
f 10354 10353 10529
f 10354 10529 10530
f 10355 10531 10532
f 10355 10532 10356
f 10354 10530 10531
f 10354 10531 10355
f 10530 10529 10532
f 10530 10532 10531
f 10529 10353 10356
f 10529 10356 10532
f 10353 10354 10355
f 10353 10355 10356
f 10358 10357 10533
f 10358 10533 10534
f 10359 10535 10536
f 10359 10536 10360
f 10358 10534 10535
f 10358 10535 10359
f 10534 10533 10536
f 10534 10536 10535
f 10533 10357 10360
f 10533 10360 10536
f 10357 10358 10359
f 10357 10359 10360
f 10362 10361 10537
f 10362 10537 10538
f 10363 10539 10540
f 10363 10540 10364
f 10362 10538 10539
f 10362 10539 10363
f 10538 10537 10540
f 10538 10540 10539
f 10537 10361 10364
f 10537 10364 10540
f 10361 10362 10363
f 10361 10363 10364
f 10366 10365 10541
f 10366 10541 10542
f 10367 10543 10544
f 10367 10544 10368
f 10366 10542 10543
f 10366 10543 10367
f 10542 10541 10544
f 10542 10544 10543
f 10541 10365 10368
f 10541 10368 10544
f 10365 10366 10367
f 10365 10367 10368
f 10370 10369 10545
f 10370 10545 10546
f 10371 10547 10548
f 10371 10548 10372
f 10370 10546 10547
f 10370 10547 10371
f 10546 10545 10548
f 10546 10548 10547
f 10545 10369 10372
f 10545 10372 10548
f 10369 10370 10371
f 10369 10371 10372
f 10374 10373 10549
f 10374 10549 10550
f 10375 10551 10552
f 10375 10552 10376
f 10374 10550 10551
f 10374 10551 10375
f 10550 10549 10552
f 10550 10552 10551
f 10549 10373 10376
f 10549 10376 10552
f 10373 10374 10375
f 10373 10375 10376
f 10378 10377 10553
f 10378 10553 10554
f 10379 10555 10556
f 10379 10556 10380
f 10378 10554 10555
f 10378 10555 10379
f 10554 10553 10556
f 10554 10556 10555
f 10553 10377 10380
f 10553 10380 10556
f 10377 10378 10379
f 10377 10379 10380
f 10382 10381 10557
f 10382 10557 10558
f 10383 10559 10560
f 10383 10560 10384
f 10382 10558 10559
f 10382 10559 10383
f 10558 10557 10560
f 10558 10560 10559
f 10557 10381 10384
f 10557 10384 10560
f 10381 10382 10383
f 10381 10383 10384
f 10386 10385 10561
f 10386 10561 10562
f 10387 10563 10564
f 10387 10564 10388
f 10386 10562 10563
f 10386 10563 10387
f 10562 10561 10564
f 10562 10564 10563
f 10561 10385 10388
f 10561 10388 10564
f 10385 10386 10387
f 10385 10387 10388
f 10390 10389 10565
f 10390 10565 10566
f 10391 10567 10568
f 10391 10568 10392
f 10390 10566 10567
f 10390 10567 10391
f 10566 10565 10568
f 10566 10568 10567
f 10565 10389 10392
f 10565 10392 10568
f 10389 10390 10391
f 10389 10391 10392
f 10394 10393 10569
f 10394 10569 10570
f 10395 10571 10572
f 10395 10572 10396
f 10394 10570 10571
f 10394 10571 10395
f 10570 10569 10572
f 10570 10572 10571
f 10569 10393 10396
f 10569 10396 10572
f 10393 10394 10395
f 10393 10395 10396
f 10398 10397 10573
f 10398 10573 10574
f 10399 10575 10576
f 10399 10576 10400
f 10398 10574 10575
f 10398 10575 10399
f 10574 10573 10576
f 10574 10576 10575
f 10573 10397 10400
f 10573 10400 10576
f 10397 10398 10399
f 10397 10399 10400
f 10402 10401 10577
f 10402 10577 10578
f 10403 10579 10580
f 10403 10580 10404
f 10402 10578 10579
f 10402 10579 10403
f 10578 10577 10580
f 10578 10580 10579
f 10577 10401 10404
f 10577 10404 10580
f 10401 10402 10403
f 10401 10403 10404
f 10406 10405 10581
f 10406 10581 10582
f 10407 10583 10584
f 10407 10584 10408
f 10406 10582 10583
f 10406 10583 10407
f 10582 10581 10584
f 10582 10584 10583
f 10581 10405 10408
f 10581 10408 10584
f 10405 10406 10407
f 10405 10407 10408
f 10410 10409 10585
f 10410 10585 10586
f 10411 10587 10588
f 10411 10588 10412
f 10410 10586 10587
f 10410 10587 10411
f 10586 10585 10588
f 10586 10588 10587
f 10585 10409 10412
f 10585 10412 10588
f 10409 10410 10411
f 10409 10411 10412
f 10414 10413 10589
f 10414 10589 10590
f 10415 10591 10592
f 10415 10592 10416
f 10414 10590 10591
f 10414 10591 10415
f 10590 10589 10592
f 10590 10592 10591
f 10589 10413 10416
f 10589 10416 10592
f 10413 10414 10415
f 10413 10415 10416
f 10418 10417 10593
f 10418 10593 10594
f 10419 10595 10596
f 10419 10596 10420
f 10418 10594 10595
f 10418 10595 10419
f 10594 10593 10596
f 10594 10596 10595
f 10593 10417 10420
f 10593 10420 10596
f 10417 10418 10419
f 10417 10419 10420
f 10422 10421 10597
f 10422 10597 10598
f 10423 10599 10600
f 10423 10600 10424
f 10422 10598 10599
f 10422 10599 10423
f 10598 10597 10600
f 10598 10600 10599
f 10597 10421 10424
f 10597 10424 10600
f 10421 10422 10423
f 10421 10423 10424
f 10426 10425 10601
f 10426 10601 10602
f 10427 10603 10604
f 10427 10604 10428
f 10426 10602 10603
f 10426 10603 10427
f 10602 10601 10604
f 10602 10604 10603
f 10601 10425 10428
f 10601 10428 10604
f 10425 10426 10427
f 10425 10427 10428
f 10430 10429 10605
f 10430 10605 10606
f 10431 10607 10608
f 10431 10608 10432
f 10430 10606 10607
f 10430 10607 10431
f 10606 10605 10608
f 10606 10608 10607
f 10605 10429 10432
f 10605 10432 10608
f 10429 10430 10431
f 10429 10431 10432
f 10434 10433 10609
f 10434 10609 10610
f 10435 10611 10612
f 10435 10612 10436
f 10434 10610 10611
f 10434 10611 10435
f 10610 10609 10612
f 10610 10612 10611
f 10609 10433 10436
f 10609 10436 10612
f 10433 10434 10435
f 10433 10435 10436
f 10438 10437 10613
f 10438 10613 10614
f 10439 10615 10616
f 10439 10616 10440
f 10438 10614 10615
f 10438 10615 10439
f 10614 10613 10616
f 10614 10616 10615
f 10613 10437 10440
f 10613 10440 10616
f 10437 10438 10439
f 10437 10439 10440
f 10437 10441 10617
f 10437 10617 10613
f 10440 10616 10618
f 10440 10618 10442
f 10437 10613 10616
f 10437 10616 10440
f 10613 10617 10618
f 10613 10618 10616
f 10617 10441 10442
f 10617 10442 10618
f 10441 10437 10440
f 10441 10440 10442
f 10441 10443 10619
f 10441 10619 10617
f 10442 10618 10620
f 10442 10620 10444
f 10441 10617 10618
f 10441 10618 10442
f 10617 10619 10620
f 10617 10620 10618
f 10619 10443 10444
f 10619 10444 10620
f 10443 10441 10442
f 10443 10442 10444
f 10446 10445 10621
f 10446 10621 10622
f 10447 10623 10624
f 10447 10624 10448
f 10446 10622 10623
f 10446 10623 10447
f 10622 10621 10624
f 10622 10624 10623
f 10621 10445 10448
f 10621 10448 10624
f 10445 10446 10447
f 10445 10447 10448
f 10450 10449 10625
f 10450 10625 10626
f 10451 10627 10628
f 10451 10628 10452
f 10450 10626 10627
f 10450 10627 10451
f 10626 10625 10628
f 10626 10628 10627
f 10625 10449 10452
f 10625 10452 10628
f 10449 10450 10451
f 10449 10451 10452
f 10449 10453 10629
f 10449 10629 10625
f 10452 10628 10630
f 10452 10630 10454
f 10449 10625 10628
f 10449 10628 10452
f 10625 10629 10630
f 10625 10630 10628
f 10629 10453 10454
f 10629 10454 10630
f 10453 10449 10452
f 10453 10452 10454
f 10456 10455 10631
f 10456 10631 10632
f 10457 10633 10634
f 10457 10634 10458
f 10456 10632 10633
f 10456 10633 10457
f 10632 10631 10634
f 10632 10634 10633
f 10631 10455 10458
f 10631 10458 10634
f 10455 10456 10457
f 10455 10457 10458
f 10455 10459 10635
f 10455 10635 10631
f 10458 10634 10636
f 10458 10636 10460
f 10455 10631 10634
f 10455 10634 10458
f 10631 10635 10636
f 10631 10636 10634
f 10635 10459 10460
f 10635 10460 10636
f 10459 10455 10458
f 10459 10458 10460
f 10462 10461 10637
f 10462 10637 10638
f 10463 10639 10640
f 10463 10640 10464
f 10462 10638 10639
f 10462 10639 10463
f 10638 10637 10640
f 10638 10640 10639
f 10637 10461 10464
f 10637 10464 10640
f 10461 10462 10463
f 10461 10463 10464
f 10461 10465 10641
f 10461 10641 10637
f 10464 10640 10642
f 10464 10642 10466
f 10461 10637 10640
f 10461 10640 10464
f 10637 10641 10642
f 10637 10642 10640
f 10641 10465 10466
f 10641 10466 10642
f 10465 10461 10464
f 10465 10464 10466
f 10465 10467 10643
f 10465 10643 10641
f 10466 10642 10644
f 10466 10644 10468
f 10465 10641 10642
f 10465 10642 10466
f 10641 10643 10644
f 10641 10644 10642
f 10643 10467 10468
f 10643 10468 10644
f 10467 10465 10466
f 10467 10466 10468
f 10470 10469 10645
f 10470 10645 10646
f 10471 10647 10648
f 10471 10648 10472
f 10470 10646 10647
f 10470 10647 10471
f 10646 10645 10648
f 10646 10648 10647
f 10645 10469 10472
f 10645 10472 10648
f 10469 10470 10471
f 10469 10471 10472
f 10469 10473 10649
f 10469 10649 10645
f 10472 10648 10650
f 10472 10650 10474
f 10469 10645 10648
f 10469 10648 10472
f 10645 10649 10650
f 10645 10650 10648
f 10649 10473 10474
f 10649 10474 10650
f 10473 10469 10472
f 10473 10472 10474
f 10473 10475 10651
f 10473 10651 10649
f 10474 10650 10652
f 10474 10652 10476
f 10473 10649 10650
f 10473 10650 10474
f 10649 10651 10652
f 10649 10652 10650
f 10651 10475 10476
f 10651 10476 10652
f 10475 10473 10474
f 10475 10474 10476
f 10478 10477 10653
f 10478 10653 10654
f 10479 10655 10656
f 10479 10656 10480
f 10478 10654 10655
f 10478 10655 10479
f 10654 10653 10656
f 10654 10656 10655
f 10653 10477 10480
f 10653 10480 10656
f 10477 10478 10479
f 10477 10479 10480
f 10477 10481 10657
f 10477 10657 10653
f 10480 10656 10658
f 10480 10658 10482
f 10477 10653 10656
f 10477 10656 10480
f 10653 10657 10658
f 10653 10658 10656
f 10657 10481 10482
f 10657 10482 10658
f 10481 10477 10480
f 10481 10480 10482
f 10481 10483 10659
f 10481 10659 10657
f 10482 10658 10660
f 10482 10660 10484
f 10481 10657 10658
f 10481 10658 10482
f 10657 10659 10660
f 10657 10660 10658
f 10659 10483 10484
f 10659 10484 10660
f 10483 10481 10482
f 10483 10482 10484
f 10486 10485 10661
f 10486 10661 10662
f 10487 10663 10664
f 10487 10664 10488
f 10486 10662 10663
f 10486 10663 10487
f 10662 10661 10664
f 10662 10664 10663
f 10661 10485 10488
f 10661 10488 10664
f 10485 10486 10487
f 10485 10487 10488
f 10490 10489 10665
f 10490 10665 10666
f 10491 10667 10668
f 10491 10668 10492
f 10490 10666 10667
f 10490 10667 10491
f 10666 10665 10668
f 10666 10668 10667
f 10665 10489 10492
f 10665 10492 10668
f 10489 10490 10491
f 10489 10491 10492
f 10494 10493 10669
f 10494 10669 10670
f 10495 10671 10672
f 10495 10672 10496
f 10494 10670 10671
f 10494 10671 10495
f 10670 10669 10672
f 10670 10672 10671
f 10669 10493 10496
f 10669 10496 10672
f 10493 10494 10495
f 10493 10495 10496
f 10498 10497 10673
f 10498 10673 10674
f 10499 10675 10676
f 10499 10676 10500
f 10498 10674 10675
f 10498 10675 10499
f 10674 10673 10676
f 10674 10676 10675
f 10673 10497 10500
f 10673 10500 10676
f 10497 10498 10499
f 10497 10499 10500
f 10502 10501 10677
f 10502 10677 10678
f 10503 10679 10680
f 10503 10680 10504
f 10502 10678 10679
f 10502 10679 10503
f 10678 10677 10680
f 10678 10680 10679
f 10677 10501 10504
f 10677 10504 10680
f 10501 10502 10503
f 10501 10503 10504
f 10506 10505 10681
f 10506 10681 10682
f 10507 10683 10684
f 10507 10684 10508
f 10506 10682 10683
f 10506 10683 10507
f 10682 10681 10684
f 10682 10684 10683
f 10681 10505 10508
f 10681 10508 10684
f 10505 10506 10507
f 10505 10507 10508
f 10510 10509 10685
f 10510 10685 10686
f 10511 10687 10688
f 10511 10688 10512
f 10510 10686 10687
f 10510 10687 10511
f 10686 10685 10688
f 10686 10688 10687
f 10685 10509 10512
f 10685 10512 10688
f 10509 10510 10511
f 10509 10511 10512
f 10514 10513 10689
f 10514 10689 10690
f 10515 10691 10692
f 10515 10692 10516
f 10514 10690 10691
f 10514 10691 10515
f 10690 10689 10692
f 10690 10692 10691
f 10689 10513 10516
f 10689 10516 10692
f 10513 10514 10515
f 10513 10515 10516
f 10518 10517 10693
f 10518 10693 10694
f 10519 10695 10696
f 10519 10696 10520
f 10518 10694 10695
f 10518 10695 10519
f 10694 10693 10696
f 10694 10696 10695
f 10693 10517 10520
f 10693 10520 10696
f 10517 10518 10519
f 10517 10519 10520
f 10522 10521 10697
f 10522 10697 10698
f 10523 10699 10700
f 10523 10700 10524
f 10522 10698 10699
f 10522 10699 10523
f 10698 10697 10700
f 10698 10700 10699
f 10697 10521 10524
f 10697 10524 10700
f 10521 10522 10523
f 10521 10523 10524
f 10526 10525 10701
f 10526 10701 10702
f 10527 10703 10704
f 10527 10704 10528
f 10526 10702 10703
f 10526 10703 10527
f 10702 10701 10704
f 10702 10704 10703
f 10701 10525 10528
f 10701 10528 10704
f 10525 10526 10527
f 10525 10527 10528
f 10530 10529 10705
f 10530 10705 10706
f 10531 10707 10708
f 10531 10708 10532
f 10530 10706 10707
f 10530 10707 10531
f 10706 10705 10708
f 10706 10708 10707
f 10705 10529 10532
f 10705 10532 10708
f 10529 10530 10531
f 10529 10531 10532
f 10534 10533 10709
f 10534 10709 10710
f 10535 10711 10712
f 10535 10712 10536
f 10534 10710 10711
f 10534 10711 10535
f 10710 10709 10712
f 10710 10712 10711
f 10709 10533 10536
f 10709 10536 10712
f 10533 10534 10535
f 10533 10535 10536
f 10538 10537 10713
f 10538 10713 10714
f 10539 10715 10716
f 10539 10716 10540
f 10538 10714 10715
f 10538 10715 10539
f 10714 10713 10716
f 10714 10716 10715
f 10713 10537 10540
f 10713 10540 10716
f 10537 10538 10539
f 10537 10539 10540
f 10542 10541 10717
f 10542 10717 10718
f 10543 10719 10720
f 10543 10720 10544
f 10542 10718 10719
f 10542 10719 10543
f 10718 10717 10720
f 10718 10720 10719
f 10717 10541 10544
f 10717 10544 10720
f 10541 10542 10543
f 10541 10543 10544
f 10546 10545 10721
f 10546 10721 10722
f 10547 10723 10724
f 10547 10724 10548
f 10546 10722 10723
f 10546 10723 10547
f 10722 10721 10724
f 10722 10724 10723
f 10721 10545 10548
f 10721 10548 10724
f 10545 10546 10547
f 10545 10547 10548
f 10550 10549 10725
f 10550 10725 10726
f 10551 10727 10728
f 10551 10728 10552
f 10550 10726 10727
f 10550 10727 10551
f 10726 10725 10728
f 10726 10728 10727
f 10725 10549 10552
f 10725 10552 10728
f 10549 10550 10551
f 10549 10551 10552
f 10554 10553 10729
f 10554 10729 10730
f 10555 10731 10732
f 10555 10732 10556
f 10554 10730 10731
f 10554 10731 10555
f 10730 10729 10732
f 10730 10732 10731
f 10729 10553 10556
f 10729 10556 10732
f 10553 10554 10555
f 10553 10555 10556
f 10558 10557 10733
f 10558 10733 10734
f 10559 10735 10736
f 10559 10736 10560
f 10558 10734 10735
f 10558 10735 10559
f 10734 10733 10736
f 10734 10736 10735
f 10733 10557 10560
f 10733 10560 10736
f 10557 10558 10559
f 10557 10559 10560
f 10562 10561 10737
f 10562 10737 10738
f 10563 10739 10740
f 10563 10740 10564
f 10562 10738 10739
f 10562 10739 10563
f 10738 10737 10740
f 10738 10740 10739
f 10737 10561 10564
f 10737 10564 10740
f 10561 10562 10563
f 10561 10563 10564
f 10566 10565 10741
f 10566 10741 10742
f 10567 10743 10744
f 10567 10744 10568
f 10566 10742 10743
f 10566 10743 10567
f 10742 10741 10744
f 10742 10744 10743
f 10741 10565 10568
f 10741 10568 10744
f 10565 10566 10567
f 10565 10567 10568
f 10570 10569 10745
f 10570 10745 10746
f 10571 10747 10748
f 10571 10748 10572
f 10570 10746 10747
f 10570 10747 10571
f 10746 10745 10748
f 10746 10748 10747
f 10745 10569 10572
f 10745 10572 10748
f 10569 10570 10571
f 10569 10571 10572
f 10574 10573 10749
f 10574 10749 10750
f 10575 10751 10752
f 10575 10752 10576
f 10574 10750 10751
f 10574 10751 10575
f 10750 10749 10752
f 10750 10752 10751
f 10749 10573 10576
f 10749 10576 10752
f 10573 10574 10575
f 10573 10575 10576
f 10578 10577 10753
f 10578 10753 10754
f 10579 10755 10756
f 10579 10756 10580
f 10578 10754 10755
f 10578 10755 10579
f 10754 10753 10756
f 10754 10756 10755
f 10753 10577 10580
f 10753 10580 10756
f 10577 10578 10579
f 10577 10579 10580
f 10582 10581 10757
f 10582 10757 10758
f 10583 10759 10760
f 10583 10760 10584
f 10582 10758 10759
f 10582 10759 10583
f 10758 10757 10760
f 10758 10760 10759
f 10757 10581 10584
f 10757 10584 10760
f 10581 10582 10583
f 10581 10583 10584
f 10586 10585 10761
f 10586 10761 10762
f 10587 10763 10764
f 10587 10764 10588
f 10586 10762 10763
f 10586 10763 10587
f 10762 10761 10764
f 10762 10764 10763
f 10761 10585 10588
f 10761 10588 10764
f 10585 10586 10587
f 10585 10587 10588
f 10590 10589 10765
f 10590 10765 10766
f 10591 10767 10768
f 10591 10768 10592
f 10590 10766 10767
f 10590 10767 10591
f 10766 10765 10768
f 10766 10768 10767
f 10765 10589 10592
f 10765 10592 10768
f 10589 10590 10591
f 10589 10591 10592
f 10594 10593 10769
f 10594 10769 10770
f 10595 10771 10772
f 10595 10772 10596
f 10594 10770 10771
f 10594 10771 10595
f 10770 10769 10772
f 10770 10772 10771
f 10769 10593 10596
f 10769 10596 10772
f 10593 10594 10595
f 10593 10595 10596
f 10598 10597 10773
f 10598 10773 10774
f 10599 10775 10776
f 10599 10776 10600
f 10598 10774 10775
f 10598 10775 10599
f 10774 10773 10776
f 10774 10776 10775
f 10773 10597 10600
f 10773 10600 10776
f 10597 10598 10599
f 10597 10599 10600
f 10602 10601 10777
f 10602 10777 10778
f 10603 10779 10780
f 10603 10780 10604
f 10602 10778 10779
f 10602 10779 10603
f 10778 10777 10780
f 10778 10780 10779
f 10777 10601 10604
f 10777 10604 10780
f 10601 10602 10603
f 10601 10603 10604
f 10606 10605 10781
f 10606 10781 10782
f 10607 10783 10784
f 10607 10784 10608
f 10606 10782 10783
f 10606 10783 10607
f 10782 10781 10784
f 10782 10784 10783
f 10781 10605 10608
f 10781 10608 10784
f 10605 10606 10607
f 10605 10607 10608
f 10610 10609 10785
f 10610 10785 10786
f 10611 10787 10788
f 10611 10788 10612
f 10610 10786 10787
f 10610 10787 10611
f 10786 10785 10788
f 10786 10788 10787
f 10785 10609 10612
f 10785 10612 10788
f 10609 10610 10611
f 10609 10611 10612
f 10614 10613 10789
f 10614 10789 10790
f 10615 10791 10792
f 10615 10792 10616
f 10614 10790 10791
f 10614 10791 10615
f 10790 10789 10792
f 10790 10792 10791
f 10789 10613 10616
f 10789 10616 10792
f 10613 10614 10615
f 10613 10615 10616
f 10613 10617 10793
f 10613 10793 10789
f 10616 10792 10794
f 10616 10794 10618
f 10613 10789 10792
f 10613 10792 10616
f 10789 10793 10794
f 10789 10794 10792
f 10793 10617 10618
f 10793 10618 10794
f 10617 10613 10616
f 10617 10616 10618
f 10617 10619 10795
f 10617 10795 10793
f 10618 10794 10796
f 10618 10796 10620
f 10617 10793 10794
f 10617 10794 10618
f 10793 10795 10796
f 10793 10796 10794
f 10795 10619 10620
f 10795 10620 10796
f 10619 10617 10618
f 10619 10618 10620
f 10622 10621 10797
f 10622 10797 10798
f 10623 10799 10800
f 10623 10800 10624
f 10622 10798 10799
f 10622 10799 10623
f 10798 10797 10800
f 10798 10800 10799
f 10797 10621 10624
f 10797 10624 10800
f 10621 10622 10623
f 10621 10623 10624
f 10801 10802 10803
f 10801 10803 10804
f 10805 10806 10807
f 10805 10807 10808
f 10801 10804 10806
f 10801 10806 10805
f 10804 10803 10807
f 10804 10807 10806
f 10803 10802 10808
f 10803 10808 10807
f 10802 10801 10805
f 10802 10805 10808
f 10809 10810 10811
f 10809 10811 10812
f 10813 10814 10815
f 10813 10815 10816
f 10809 10812 10814
f 10809 10814 10813
f 10812 10811 10815
f 10812 10815 10814
f 10811 10810 10816
f 10811 10816 10815
f 10810 10809 10813
f 10810 10813 10816
f 10817 10818 10819
f 10817 10819 10820
f 10821 10822 10823
f 10821 10823 10824
f 10817 10820 10822
f 10817 10822 10821
f 10820 10819 10823
f 10820 10823 10822
f 10819 10818 10824
f 10819 10824 10823
f 10818 10817 10821
f 10818 10821 10824
f 10825 10826 10827
f 10825 10827 10828
f 10829 10830 10831
f 10829 10832 10830
f 10825 10831 10826
f 10825 10829 10831
f 10828 10827 10830
f 10828 10830 10832
f 10826 10833 10834
f 10826 10834 10827
f 10831 10835 10836
f 10831 10830 10835
f 10826 10836 10833
f 10826 10831 10836
f 10827 10834 10835
f 10827 10835 10830
f 10833 10837 10838
f 10833 10838 10834
f 10836 10839 10840
f 10836 10835 10839
f 10833 10840 10837
f 10833 10836 10840
f 10834 10838 10839
f 10834 10839 10835
f 10837 10841 10842
f 10837 10842 10838
f 10840 10843 10844
f 10840 10839 10843
f 10837 10844 10841
f 10837 10840 10844
f 10838 10842 10843
f 10838 10843 10839
f 10841 10845 10846
f 10841 10846 10842
f 10844 10847 10848
f 10844 10843 10847
f 10841 10848 10845
f 10841 10844 10848
f 10842 10846 10847
f 10842 10847 10843
f 10845 10849 10850
f 10845 10850 10846
f 10848 10851 10852
f 10848 10847 10851
f 10845 10852 10849
f 10845 10848 10852
f 10846 10850 10851
f 10846 10851 10847
f 10849 10853 10854
f 10849 10854 10850
f 10852 10855 10856
f 10852 10851 10855
f 10849 10856 10853
f 10849 10852 10856
f 10850 10854 10855
f 10850 10855 10851
f 10853 10857 10858
f 10853 10858 10854
f 10856 10859 10860
f 10856 10855 10859
f 10853 10860 10857
f 10853 10856 10860
f 10854 10858 10859
f 10854 10859 10855
f 10857 10861 10862
f 10857 10862 10858
f 10860 10863 10864
f 10860 10859 10863
f 10857 10864 10861
f 10857 10860 10864
f 10858 10862 10863
f 10858 10863 10859
f 10861 10865 10866
f 10861 10866 10862
f 10864 10867 10868
f 10864 10863 10867
f 10861 10868 10865
f 10861 10864 10868
f 10862 10866 10867
f 10862 10867 10863
f 10865 10869 10870
f 10865 10870 10866
f 10868 10871 10872
f 10868 10867 10871
f 10865 10872 10869
f 10865 10868 10872
f 10866 10870 10871
f 10866 10871 10867
f 10869 10873 10874
f 10869 10874 10870
f 10872 10875 10876
f 10872 10871 10875
f 10869 10876 10873
f 10869 10872 10876
f 10870 10874 10875
f 10870 10875 10871
f 10873 10877 10878
f 10873 10878 10874
f 10876 10879 10880
f 10876 10875 10879
f 10873 10880 10877
f 10873 10876 10880
f 10874 10878 10879
f 10874 10879 10875
f 10877 10881 10882
f 10877 10882 10878
f 10880 10883 10884
f 10880 10879 10883
f 10877 10884 10881
f 10877 10880 10884
f 10878 10882 10883
f 10878 10883 10879
f 10881 10885 10886
f 10881 10886 10882
f 10884 10887 10888
f 10884 10883 10887
f 10881 10888 10885
f 10881 10884 10888
f 10882 10886 10887
f 10882 10887 10883
f 10885 10889 10890
f 10885 10890 10886
f 10888 10891 10892
f 10888 10887 10891
f 10885 10892 10889
f 10885 10888 10892
f 10886 10890 10891
f 10886 10891 10887
f 10889 10893 10894
f 10889 10894 10890
f 10892 10895 10896
f 10892 10891 10895
f 10889 10896 10893
f 10889 10892 10896
f 10890 10894 10895
f 10890 10895 10891
f 10893 10897 10898
f 10893 10898 10894
f 10896 10899 10900
f 10896 10895 10899
f 10893 10900 10897
f 10893 10896 10900
f 10894 10898 10899
f 10894 10899 10895
f 10897 10901 10902
f 10897 10902 10898
f 10900 10903 10904
f 10900 10899 10903
f 10897 10904 10901
f 10897 10900 10904
f 10898 10902 10903
f 10898 10903 10899
f 10901 10905 10906
f 10901 10906 10902
f 10904 10907 10908
f 10904 10903 10907
f 10901 10908 10905
f 10901 10904 10908
f 10902 10906 10907
f 10902 10907 10903
f 10905 10909 10910
f 10905 10910 10906
f 10908 10911 10912
f 10908 10907 10911
f 10905 10912 10909
f 10905 10908 10912
f 10906 10910 10911
f 10906 10911 10907
f 10909 10913 10914
f 10909 10914 10910
f 10912 10915 10916
f 10912 10911 10915
f 10909 10916 10913
f 10909 10912 10916
f 10910 10914 10915
f 10910 10915 10911
f 10913 10917 10918
f 10913 10918 10914
f 10916 10919 10920
f 10916 10915 10919
f 10913 10920 10917
f 10913 10916 10920
f 10914 10918 10919
f 10914 10919 10915
f 10917 10921 10922
f 10917 10922 10918
f 10920 10923 10924
f 10920 10919 10923
f 10917 10924 10921
f 10917 10920 10924
f 10918 10922 10923
f 10918 10923 10919
f 10921 10925 10926
f 10921 10926 10922
f 10924 10927 10928
f 10924 10923 10927
f 10921 10928 10925
f 10921 10924 10928
f 10922 10926 10927
f 10922 10927 10923
f 10925 10929 10930
f 10925 10930 10926
f 10928 10931 10932
f 10928 10927 10931
f 10925 10932 10929
f 10925 10928 10932
f 10926 10930 10931
f 10926 10931 10927
f 10929 10933 10934
f 10929 10934 10930
f 10932 10935 10936
f 10932 10931 10935
f 10929 10936 10933
f 10929 10932 10936
f 10930 10934 10935
f 10930 10935 10931
f 10933 10937 10938
f 10933 10938 10934
f 10936 10939 10940
f 10936 10935 10939
f 10933 10940 10937
f 10933 10936 10940
f 10934 10938 10939
f 10934 10939 10935
f 10937 10941 10942
f 10937 10942 10938
f 10940 10943 10944
f 10940 10939 10943
f 10937 10944 10941
f 10937 10940 10944
f 10938 10942 10943
f 10938 10943 10939
f 10941 10945 10946
f 10941 10946 10942
f 10944 10947 10948
f 10944 10943 10947
f 10941 10948 10945
f 10941 10944 10948
f 10942 10946 10947
f 10942 10947 10943
f 10945 10949 10950
f 10945 10950 10946
f 10948 10951 10952
f 10948 10947 10951
f 10945 10952 10949
f 10945 10948 10952
f 10946 10950 10951
f 10946 10951 10947
f 10949 10953 10954
f 10949 10954 10950
f 10952 10955 10956
f 10952 10951 10955
f 10949 10956 10953
f 10949 10952 10956
f 10950 10954 10955
f 10950 10955 10951
f 10953 10957 10958
f 10953 10958 10954
f 10956 10959 10960
f 10956 10955 10959
f 10953 10960 10957
f 10953 10956 10960
f 10954 10958 10959
f 10954 10959 10955
f 10957 10961 10962
f 10957 10962 10958
f 10960 10963 10964
f 10960 10959 10963
f 10957 10964 10961
f 10957 10960 10964
f 10958 10962 10963
f 10958 10963 10959
f 10961 10965 10966
f 10961 10966 10962
f 10964 10967 10968
f 10964 10963 10967
f 10961 10968 10965
f 10961 10964 10968
f 10962 10966 10967
f 10962 10967 10963
f 10965 10969 10970
f 10965 10970 10966
f 10968 10971 10972
f 10968 10967 10971
f 10965 10972 10969
f 10965 10968 10972
f 10966 10970 10971
f 10966 10971 10967
f 10973 10974 10975
f 10973 10975 10976
f 10977 10978 10797
f 10977 10797 346
f 10973 10976 10978
f 10973 10978 10977
f 10976 10975 10797
f 10976 10797 10978
f 10975 10974 346
f 10975 346 10797
f 10974 10973 10977
f 10974 10977 346
f 10979 10980 10981
f 10979 10981 10982
f 1 10626 10983
f 1 10983 10984
f 10979 10982 10626
f 10979 10626 1
f 10982 10981 10983
f 10982 10983 10626
f 10981 10980 10984
f 10981 10984 10983
f 10980 10979 1
f 10980 1 10984
f 10985 10986 10976
f 10985 10976 10981
f 10987 10983 10978
f 10987 10978 10988
f 10985 10981 10983
f 10985 10983 10987
f 10981 10976 10978
f 10981 10978 10983
f 10976 10986 10988
f 10976 10988 10978
f 10986 10985 10987
f 10986 10987 10988
f 10980 10973 10989
f 10980 10989 10990
f 10984 10991 10992
f 10984 10992 10977
f 10980 10990 10991
f 10980 10991 10984
f 10990 10989 10992
f 10990 10992 10991
f 10989 10973 10977
f 10989 10977 10992
f 10973 10980 10984
f 10973 10984 10977
f 10993 10994 10995
f 10993 10995 10996
f 10997 10998 10999
f 10997 11000 10998
f 10993 10999 10994
f 10993 10997 10999
f 10996 10995 10998
f 10996 10998 11000
f 10994 11001 11002
f 10994 11002 10995
f 10999 11003 11004
f 10999 10998 11003
f 10994 11004 11001
f 10994 10999 11004
f 10995 11002 11003
f 10995 11003 10998
f 11001 11005 11006
f 11001 11006 11002
f 11004 11007 11008
f 11004 11003 11007
f 11001 11008 11005
f 11001 11004 11008
f 11002 11006 11007
f 11002 11007 11003
f 11005 11009 11010
f 11005 11010 11006
f 11008 11011 11012
f 11008 11007 11011
f 11005 11012 11009
f 11005 11008 11012
f 11006 11010 11011
f 11006 11011 11007
f 11009 11013 11014
f 11009 11014 11010
f 11012 11015 11016
f 11012 11011 11015
f 11009 11016 11013
f 11009 11012 11016
f 11010 11014 11015
f 11010 11015 11011
f 11013 11017 11018
f 11013 11018 11014
f 11016 11019 11020
f 11016 11015 11019
f 11013 11020 11017
f 11013 11016 11020
f 11014 11018 11019
f 11014 11019 11015
f 11017 11021 11022
f 11017 11022 11018
f 11020 11023 11024
f 11020 11019 11023
f 11017 11024 11021
f 11017 11020 11024
f 11018 11022 11023
f 11018 11023 11019
f 11021 11025 11026
f 11021 11026 11022
f 11024 11027 11028
f 11024 11023 11027
f 11021 11028 11025
f 11021 11024 11028
f 11022 11026 11027
f 11022 11027 11023
f 11025 11029 11030
f 11025 11030 11026
f 11028 11031 11032
f 11028 11027 11031
f 11025 11032 11029
f 11025 11028 11032
f 11026 11030 11031
f 11026 11031 11027
f 11029 11033 11034
f 11029 11034 11030
f 11032 11035 11036
f 11032 11031 11035
f 11029 11036 11033
f 11029 11032 11036
f 11030 11034 11035
f 11030 11035 11031
f 11033 11037 11038
f 11033 11038 11034
f 11036 11039 11040
f 11036 11035 11039
f 11033 11040 11037
f 11033 11036 11040
f 11034 11038 11039
f 11034 11039 11035
f 11037 11041 11042
f 11037 11042 11038
f 11040 11043 11044
f 11040 11039 11043
f 11037 11044 11041
f 11037 11040 11044
f 11038 11042 11043
f 11038 11043 11039
f 11041 11045 11046
f 11041 11046 11042
f 11044 11047 11048
f 11044 11043 11047
f 11041 11048 11045
f 11041 11044 11048
f 11042 11046 11047
f 11042 11047 11043
f 11045 11049 11050
f 11045 11050 11046
f 11048 11051 11052
f 11048 11047 11051
f 11045 11052 11049
f 11045 11048 11052
f 11046 11050 11051
f 11046 11051 11047
f 11049 11053 11054
f 11049 11054 11050
f 11052 11055 11056
f 11052 11051 11055
f 11049 11056 11053
f 11049 11052 11056
f 11050 11054 11055
f 11050 11055 11051
f 11053 11057 11058
f 11053 11058 11054
f 11056 11059 11060
f 11056 11055 11059
f 11053 11060 11057
f 11053 11056 11060
f 11054 11058 11059
f 11054 11059 11055
f 11057 11061 11062
f 11057 11062 11058
f 11060 11063 11064
f 11060 11059 11063
f 11057 11064 11061
f 11057 11060 11064
f 11058 11062 11063
f 11058 11063 11059
f 11061 11065 11066
f 11061 11066 11062
f 11064 11067 11068
f 11064 11063 11067
f 11061 11068 11065
f 11061 11064 11068
f 11062 11066 11067
f 11062 11067 11063
f 11065 11069 11070
f 11065 11070 11066
f 11068 11071 11072
f 11068 11067 11071
f 11065 11072 11069
f 11065 11068 11072
f 11066 11070 11071
f 11066 11071 11067
f 11069 11073 11074
f 11069 11074 11070
f 11072 11075 11076
f 11072 11071 11075
f 11069 11076 11073
f 11069 11072 11076
f 11070 11074 11075
f 11070 11075 11071
f 11073 11077 11078
f 11073 11078 11074
f 11076 11079 11080
f 11076 11075 11079
f 11073 11080 11077
f 11073 11076 11080
f 11074 11078 11079
f 11074 11079 11075
f 11077 11081 11082
f 11077 11082 11078
f 11080 11083 11084
f 11080 11079 11083
f 11077 11084 11081
f 11077 11080 11084
f 11078 11082 11083
f 11078 11083 11079
f 11081 11085 11086
f 11081 11086 11082
f 11084 11087 11088
f 11084 11083 11087
f 11081 11088 11085
f 11081 11084 11088
f 11082 11086 11087
f 11082 11087 11083
f 11085 11089 11090
f 11085 11090 11086
f 11088 11091 11092
f 11088 11087 11091
f 11085 11092 11089
f 11085 11088 11092
f 11086 11090 11091
f 11086 11091 11087
f 11089 11093 11094
f 11089 11094 11090
f 11092 11095 11096
f 11092 11091 11095
f 11089 11096 11093
f 11089 11092 11096
f 11090 11094 11095
f 11090 11095 11091
f 11093 11097 11098
f 11093 11098 11094
f 11096 11099 11100
f 11096 11095 11099
f 11093 11100 11097
f 11093 11096 11100
f 11094 11098 11099
f 11094 11099 11095
f 11097 11101 11102
f 11097 11102 11098
f 11100 11103 11104
f 11100 11099 11103
f 11097 11104 11101
f 11097 11100 11104
f 11098 11102 11103
f 11098 11103 11099
f 11101 11105 11106
f 11101 11106 11102
f 11104 11107 11108
f 11104 11103 11107
f 11101 11108 11105
f 11101 11104 11108
f 11102 11106 11107
f 11102 11107 11103
f 11105 11109 11110
f 11105 11110 11106
f 11108 11111 11112
f 11108 11107 11111
f 11105 11112 11109
f 11105 11108 11112
f 11106 11110 11111
f 11106 11111 11107
f 11109 11113 11114
f 11109 11114 11110
f 11112 11115 11116
f 11112 11111 11115
f 11109 11116 11113
f 11109 11112 11116
f 11110 11114 11115
f 11110 11115 11111
f 11113 11117 11118
f 11113 11118 11114
f 11116 11119 11120
f 11116 11115 11119
f 11113 11120 11117
f 11113 11116 11120
f 11114 11118 11119
f 11114 11119 11115
f 11117 11121 11122
f 11117 11122 11118
f 11120 11123 11124
f 11120 11119 11123
f 11117 11124 11121
f 11117 11120 11124
f 11118 11122 11123
f 11118 11123 11119
f 11121 11125 11126
f 11121 11126 11122
f 11124 11127 11128
f 11124 11123 11127
f 11121 11128 11125
f 11121 11124 11128
f 11122 11126 11127
f 11122 11127 11123
f 11125 11129 11130
f 11125 11130 11126
f 11128 11131 11132
f 11128 11127 11131
f 11125 11132 11129
f 11125 11128 11132
f 11126 11130 11131
f 11126 11131 11127
f 11129 11133 11134
f 11129 11134 11130
f 11132 11135 11136
f 11132 11131 11135
f 11129 11136 11133
f 11129 11132 11136
f 11130 11134 11135
f 11130 11135 11131
f 11133 10993 10996
f 11133 10996 11134
f 11136 11000 10997
f 11136 11135 11000
f 11133 10997 10993
f 11133 11136 10997
f 11134 10996 11000
f 11134 11000 11135
f 11137 11138 11139
f 11137 11139 11140
f 11141 11142 11143
f 11141 11144 11142
f 11137 11143 11138
f 11137 11141 11143
f 11140 11139 11142
f 11140 11142 11144
f 11138 11145 11146
f 11138 11146 11139
f 11143 11147 11148
f 11143 11142 11147
f 11138 11148 11145
f 11138 11143 11148
f 11139 11146 11147
f 11139 11147 11142
f 11145 11149 11150
f 11145 11150 11146
f 11148 11151 11152
f 11148 11147 11151
f 11145 11152 11149
f 11145 11148 11152
f 11146 11150 11151
f 11146 11151 11147
f 11149 11153 11154
f 11149 11154 11150
f 11152 11155 11156
f 11152 11151 11155
f 11149 11156 11153
f 11149 11152 11156
f 11150 11154 11155
f 11150 11155 11151
f 11153 11157 11158
f 11153 11158 11154
f 11156 11159 11160
f 11156 11155 11159
f 11153 11160 11157
f 11153 11156 11160
f 11154 11158 11159
f 11154 11159 11155
f 11157 11161 11162
f 11157 11162 11158
f 11160 11163 11164
f 11160 11159 11163
f 11157 11164 11161
f 11157 11160 11164
f 11158 11162 11163
f 11158 11163 11159
f 11161 11165 11166
f 11161 11166 11162
f 11164 11167 11168
f 11164 11163 11167
f 11161 11168 11165
f 11161 11164 11168
f 11162 11166 11167
f 11162 11167 11163
f 11165 11169 11170
f 11165 11170 11166
f 11168 11171 11172
f 11168 11167 11171
f 11165 11172 11169
f 11165 11168 11172
f 11166 11170 11171
f 11166 11171 11167
f 11169 11173 11174
f 11169 11174 11170
f 11172 11175 11176
f 11172 11171 11175
f 11169 11176 11173
f 11169 11172 11176
f 11170 11174 11175
f 11170 11175 11171
f 11173 11177 11178
f 11173 11178 11174
f 11176 11179 11180
f 11176 11175 11179
f 11173 11180 11177
f 11173 11176 11180
f 11174 11178 11179
f 11174 11179 11175
f 11177 11181 11182
f 11177 11182 11178
f 11180 11183 11184
f 11180 11179 11183
f 11177 11184 11181
f 11177 11180 11184
f 11178 11182 11183
f 11178 11183 11179
f 11181 11185 11186
f 11181 11186 11182
f 11184 11187 11188
f 11184 11183 11187
f 11181 11188 11185
f 11181 11184 11188
f 11182 11186 11187
f 11182 11187 11183
f 11185 11189 11190
f 11185 11190 11186
f 11188 11191 11192
f 11188 11187 11191
f 11185 11192 11189
f 11185 11188 11192
f 11186 11190 11191
f 11186 11191 11187
f 11189 11193 11194
f 11189 11194 11190
f 11192 11195 11196
f 11192 11191 11195
f 11189 11196 11193
f 11189 11192 11196
f 11190 11194 11195
f 11190 11195 11191
f 11193 11197 11198
f 11193 11198 11194
f 11196 11199 11200
f 11196 11195 11199
f 11193 11200 11197
f 11193 11196 11200
f 11194 11198 11199
f 11194 11199 11195
f 11197 11201 11202
f 11197 11202 11198
f 11200 11203 11204
f 11200 11199 11203
f 11197 11204 11201
f 11197 11200 11204
f 11198 11202 11203
f 11198 11203 11199
f 11201 11205 11206
f 11201 11206 11202
f 11204 11207 11208
f 11204 11203 11207
f 11201 11208 11205
f 11201 11204 11208
f 11202 11206 11207
f 11202 11207 11203
f 11205 11209 11210
f 11205 11210 11206
f 11208 11211 11212
f 11208 11207 11211
f 11205 11212 11209
f 11205 11208 11212
f 11206 11210 11211
f 11206 11211 11207
f 11209 11213 11214
f 11209 11214 11210
f 11212 11215 11216
f 11212 11211 11215
f 11209 11216 11213
f 11209 11212 11216
f 11210 11214 11215
f 11210 11215 11211
f 11213 11217 11218
f 11213 11218 11214
f 11216 11219 11220
f 11216 11215 11219
f 11213 11220 11217
f 11213 11216 11220
f 11214 11218 11219
f 11214 11219 11215
f 11217 11221 11222
f 11217 11222 11218
f 11220 11223 11224
f 11220 11219 11223
f 11217 11224 11221
f 11217 11220 11224
f 11218 11222 11223
f 11218 11223 11219
f 11221 11225 11226
f 11221 11226 11222
f 11224 11227 11228
f 11224 11223 11227
f 11221 11228 11225
f 11221 11224 11228
f 11222 11226 11227
f 11222 11227 11223
f 11225 11229 11230
f 11225 11230 11226
f 11228 11231 11232
f 11228 11227 11231
f 11225 11232 11229
f 11225 11228 11232
f 11226 11230 11231
f 11226 11231 11227
f 11229 11233 11234
f 11229 11234 11230
f 11232 11235 11236
f 11232 11231 11235
f 11229 11236 11233
f 11229 11232 11236
f 11230 11234 11235
f 11230 11235 11231
f 11233 11237 11238
f 11233 11238 11234
f 11236 11239 11240
f 11236 11235 11239
f 11233 11240 11237
f 11233 11236 11240
f 11234 11238 11239
f 11234 11239 11235
f 11237 11241 11242
f 11237 11242 11238
f 11240 11243 11244
f 11240 11239 11243
f 11237 11244 11241
f 11237 11240 11244
f 11238 11242 11243
f 11238 11243 11239
f 11241 11245 11246
f 11241 11246 11242
f 11244 11247 11248
f 11244 11243 11247
f 11241 11248 11245
f 11241 11244 11248
f 11242 11246 11247
f 11242 11247 11243
f 11245 11249 11250
f 11245 11250 11246
f 11248 11251 11252
f 11248 11247 11251
f 11245 11252 11249
f 11245 11248 11252
f 11246 11250 11251
f 11246 11251 11247
f 11249 11253 11254
f 11249 11254 11250
f 11252 11255 11256
f 11252 11251 11255
f 11249 11256 11253
f 11249 11252 11256
f 11250 11254 11255
f 11250 11255 11251
f 11253 11257 11258
f 11253 11258 11254
f 11256 11259 11260
f 11256 11255 11259
f 11253 11260 11257
f 11253 11256 11260
f 11254 11258 11259
f 11254 11259 11255
f 11257 11261 11262
f 11257 11262 11258
f 11260 11263 11264
f 11260 11259 11263
f 11257 11264 11261
f 11257 11260 11264
f 11258 11262 11263
f 11258 11263 11259
f 11261 11265 11266
f 11261 11266 11262
f 11264 11267 11268
f 11264 11263 11267
f 11261 11268 11265
f 11261 11264 11268
f 11262 11266 11267
f 11262 11267 11263
f 11265 11269 11270
f 11265 11270 11266
f 11268 11271 11272
f 11268 11267 11271
f 11265 11272 11269
f 11265 11268 11272
f 11266 11270 11271
f 11266 11271 11267
f 11269 11273 11274
f 11269 11274 11270
f 11272 11275 11276
f 11272 11271 11275
f 11269 11276 11273
f 11269 11272 11276
f 11270 11274 11275
f 11270 11275 11271
f 11273 11277 11278
f 11273 11278 11274
f 11276 11279 11280
f 11276 11275 11279
f 11273 11280 11277
f 11273 11276 11280
f 11274 11278 11279
f 11274 11279 11275
f 11277 11137 11140
f 11277 11140 11278
f 11280 11144 11141
f 11280 11279 11144
f 11277 11141 11137
f 11277 11280 11141
f 11278 11140 11144
f 11278 11144 11279
f 11281 11282 11283
f 11281 11283 11284
f 11285 11286 11287
f 11285 11288 11286
f 11281 11287 11282
f 11281 11285 11287
f 11284 11283 11286
f 11284 11286 11288
f 11282 11289 11290
f 11282 11290 11283
f 11287 11291 11292
f 11287 11286 11291
f 11282 11292 11289
f 11282 11287 11292
f 11283 11290 11291
f 11283 11291 11286
f 11289 11293 11294
f 11289 11294 11290
f 11292 11295 11296
f 11292 11291 11295
f 11289 11296 11293
f 11289 11292 11296
f 11290 11294 11295
f 11290 11295 11291
f 11293 11297 11298
f 11293 11298 11294
f 11296 11299 11300
f 11296 11295 11299
f 11293 11300 11297
f 11293 11296 11300
f 11294 11298 11299
f 11294 11299 11295
f 11297 11301 11302
f 11297 11302 11298
f 11300 11303 11304
f 11300 11299 11303
f 11297 11304 11301
f 11297 11300 11304
f 11298 11302 11303
f 11298 11303 11299
f 11301 11305 11306
f 11301 11306 11302
f 11304 11307 11308
f 11304 11303 11307
f 11301 11308 11305
f 11301 11304 11308
f 11302 11306 11307
f 11302 11307 11303
f 11305 11309 11310
f 11305 11310 11306
f 11308 11311 11312
f 11308 11307 11311
f 11305 11312 11309
f 11305 11308 11312
f 11306 11310 11311
f 11306 11311 11307
f 11309 11313 11314
f 11309 11314 11310
f 11312 11315 11316
f 11312 11311 11315
f 11309 11316 11313
f 11309 11312 11316
f 11310 11314 11315
f 11310 11315 11311
f 11313 11317 11318
f 11313 11318 11314
f 11316 11319 11320
f 11316 11315 11319
f 11313 11320 11317
f 11313 11316 11320
f 11314 11318 11319
f 11314 11319 11315
f 11317 11321 11322
f 11317 11322 11318
f 11320 11323 11324
f 11320 11319 11323
f 11317 11324 11321
f 11317 11320 11324
f 11318 11322 11323
f 11318 11323 11319
f 11321 11325 11326
f 11321 11326 11322
f 11324 11327 11328
f 11324 11323 11327
f 11321 11328 11325
f 11321 11324 11328
f 11322 11326 11327
f 11322 11327 11323
f 11325 11329 11330
f 11325 11330 11326
f 11328 11331 11332
f 11328 11327 11331
f 11325 11332 11329
f 11325 11328 11332
f 11326 11330 11331
f 11326 11331 11327
f 11329 11333 11334
f 11329 11334 11330
f 11332 11335 11336
f 11332 11331 11335
f 11329 11336 11333
f 11329 11332 11336
f 11330 11334 11335
f 11330 11335 11331
f 11333 11337 11338
f 11333 11338 11334
f 11336 11339 11340
f 11336 11335 11339
f 11333 11340 11337
f 11333 11336 11340
f 11334 11338 11339
f 11334 11339 11335
f 11337 11341 11342
f 11337 11342 11338
f 11340 11343 11344
f 11340 11339 11343
f 11337 11344 11341
f 11337 11340 11344
f 11338 11342 11343
f 11338 11343 11339
f 11341 11345 11346
f 11341 11346 11342
f 11344 11347 11348
f 11344 11343 11347
f 11341 11348 11345
f 11341 11344 11348
f 11342 11346 11347
f 11342 11347 11343
f 11345 11349 11350
f 11345 11350 11346
f 11348 11351 11352
f 11348 11347 11351
f 11345 11352 11349
f 11345 11348 11352
f 11346 11350 11351
f 11346 11351 11347
f 11349 11353 11354
f 11349 11354 11350
f 11352 11355 11356
f 11352 11351 11355
f 11349 11356 11353
f 11349 11352 11356
f 11350 11354 11355
f 11350 11355 11351
f 11353 11357 11358
f 11353 11358 11354
f 11356 11359 11360
f 11356 11355 11359
f 11353 11360 11357
f 11353 11356 11360
f 11354 11358 11359
f 11354 11359 11355
f 11357 11361 11362
f 11357 11362 11358
f 11360 11363 11364
f 11360 11359 11363
f 11357 11364 11361
f 11357 11360 11364
f 11358 11362 11363
f 11358 11363 11359
f 11361 11365 11366
f 11361 11366 11362
f 11364 11367 11368
f 11364 11363 11367
f 11361 11368 11365
f 11361 11364 11368
f 11362 11366 11367
f 11362 11367 11363
f 11365 11369 11370
f 11365 11370 11366
f 11368 11371 11372
f 11368 11367 11371
f 11365 11372 11369
f 11365 11368 11372
f 11366 11370 11371
f 11366 11371 11367
f 11369 11373 11374
f 11369 11374 11370
f 11372 11375 11376
f 11372 11371 11375
f 11369 11376 11373
f 11369 11372 11376
f 11370 11374 11375
f 11370 11375 11371
f 11373 11377 11378
f 11373 11378 11374
f 11376 11379 11380
f 11376 11375 11379
f 11373 11380 11377
f 11373 11376 11380
f 11374 11378 11379
f 11374 11379 11375
f 11377 11381 11382
f 11377 11382 11378
f 11380 11383 11384
f 11380 11379 11383
f 11377 11384 11381
f 11377 11380 11384
f 11378 11382 11383
f 11378 11383 11379
f 11381 11385 11386
f 11381 11386 11382
f 11384 11387 11388
f 11384 11383 11387
f 11381 11388 11385
f 11381 11384 11388
f 11382 11386 11387
f 11382 11387 11383
f 11385 11389 11390
f 11385 11390 11386
f 11388 11391 11392
f 11388 11387 11391
f 11385 11392 11389
f 11385 11388 11392
f 11386 11390 11391
f 11386 11391 11387
f 11389 11393 11394
f 11389 11394 11390
f 11392 11395 11396
f 11392 11391 11395
f 11389 11396 11393
f 11389 11392 11396
f 11390 11394 11395
f 11390 11395 11391
f 11393 11397 11398
f 11393 11398 11394
f 11396 11399 11400
f 11396 11395 11399
f 11393 11400 11397
f 11393 11396 11400
f 11394 11398 11399
f 11394 11399 11395
f 11397 11401 11402
f 11397 11402 11398
f 11400 11403 11404
f 11400 11399 11403
f 11397 11404 11401
f 11397 11400 11404
f 11398 11402 11403
f 11398 11403 11399
f 11401 11405 11406
f 11401 11406 11402
f 11404 11407 11408
f 11404 11403 11407
f 11401 11408 11405
f 11401 11404 11408
f 11402 11406 11407
f 11402 11407 11403
f 11405 11409 11410
f 11405 11410 11406
f 11408 11411 11412
f 11408 11407 11411
f 11405 11412 11409
f 11405 11408 11412
f 11406 11410 11411
f 11406 11411 11407
f 11409 11413 11414
f 11409 11414 11410
f 11412 11415 11416
f 11412 11411 11415
f 11409 11416 11413
f 11409 11412 11416
f 11410 11414 11415
f 11410 11415 11411
f 11413 11417 11418
f 11413 11418 11414
f 11416 11419 11420
f 11416 11415 11419
f 11413 11420 11417
f 11413 11416 11420
f 11414 11418 11419
f 11414 11419 11415
f 11417 11421 11422
f 11417 11422 11418
f 11420 11423 11424
f 11420 11419 11423
f 11417 11424 11421
f 11417 11420 11424
f 11418 11422 11423
f 11418 11423 11419
f 11421 11281 11284
f 11421 11284 11422
f 11424 11288 11285
f 11424 11423 11288
f 11421 11285 11281
f 11421 11424 11285
f 11422 11284 11288
f 11422 11288 11423
f 11425 11426 11427
f 11425 11427 11428
f 11429 11430 11431
f 11429 11432 11430
f 11425 11431 11426
f 11425 11429 11431
f 11428 11427 11430
f 11428 11430 11432
f 11426 11433 11434
f 11426 11434 11427
f 11431 11435 11436
f 11431 11430 11435
f 11426 11436 11433
f 11426 11431 11436
f 11427 11434 11435
f 11427 11435 11430
f 11433 11437 11438
f 11433 11438 11434
f 11436 11439 11440
f 11436 11435 11439
f 11433 11440 11437
f 11433 11436 11440
f 11434 11438 11439
f 11434 11439 11435
f 11437 11441 11442
f 11437 11442 11438
f 11440 11443 11444
f 11440 11439 11443
f 11437 11444 11441
f 11437 11440 11444
f 11438 11442 11443
f 11438 11443 11439
f 11441 11445 11446
f 11441 11446 11442
f 11444 11447 11448
f 11444 11443 11447
f 11441 11448 11445
f 11441 11444 11448
f 11442 11446 11447
f 11442 11447 11443
f 11445 11449 11450
f 11445 11450 11446
f 11448 11451 11452
f 11448 11447 11451
f 11445 11452 11449
f 11445 11448 11452
f 11446 11450 11451
f 11446 11451 11447
f 11449 11453 11454
f 11449 11454 11450
f 11452 11455 11456
f 11452 11451 11455
f 11449 11456 11453
f 11449 11452 11456
f 11450 11454 11455
f 11450 11455 11451
f 11453 11457 11458
f 11453 11458 11454
f 11456 11459 11460
f 11456 11455 11459
f 11453 11460 11457
f 11453 11456 11460
f 11454 11458 11459
f 11454 11459 11455
f 11457 11461 11462
f 11457 11462 11458
f 11460 11463 11464
f 11460 11459 11463
f 11457 11464 11461
f 11457 11460 11464
f 11458 11462 11463
f 11458 11463 11459
f 11461 11465 11466
f 11461 11466 11462
f 11464 11467 11468
f 11464 11463 11467
f 11461 11468 11465
f 11461 11464 11468
f 11462 11466 11467
f 11462 11467 11463
f 11465 11469 11470
f 11465 11470 11466
f 11468 11471 11472
f 11468 11467 11471
f 11465 11472 11469
f 11465 11468 11472
f 11466 11470 11471
f 11466 11471 11467
f 11469 11473 11474
f 11469 11474 11470
f 11472 11475 11476
f 11472 11471 11475
f 11469 11476 11473
f 11469 11472 11476
f 11470 11474 11475
f 11470 11475 11471
f 11473 11477 11478
f 11473 11478 11474
f 11476 11479 11480
f 11476 11475 11479
f 11473 11480 11477
f 11473 11476 11480
f 11474 11478 11479
f 11474 11479 11475
f 11477 11481 11482
f 11477 11482 11478
f 11480 11483 11484
f 11480 11479 11483
f 11477 11484 11481
f 11477 11480 11484
f 11478 11482 11483
f 11478 11483 11479
f 11481 11485 11486
f 11481 11486 11482
f 11484 11487 11488
f 11484 11483 11487
f 11481 11488 11485
f 11481 11484 11488
f 11482 11486 11487
f 11482 11487 11483
f 11485 11489 11490
f 11485 11490 11486
f 11488 11491 11492
f 11488 11487 11491
f 11485 11492 11489
f 11485 11488 11492
f 11486 11490 11491
f 11486 11491 11487
f 11489 11493 11494
f 11489 11494 11490
f 11492 11495 11496
f 11492 11491 11495
f 11489 11496 11493
f 11489 11492 11496
f 11490 11494 11495
f 11490 11495 11491
f 11493 11497 11498
f 11493 11498 11494
f 11496 11499 11500
f 11496 11495 11499
f 11493 11500 11497
f 11493 11496 11500
f 11494 11498 11499
f 11494 11499 11495
f 11497 11501 11502
f 11497 11502 11498
f 11500 11503 11504
f 11500 11499 11503
f 11497 11504 11501
f 11497 11500 11504
f 11498 11502 11503
f 11498 11503 11499
f 11501 11505 11506
f 11501 11506 11502
f 11504 11507 11508
f 11504 11503 11507
f 11501 11508 11505
f 11501 11504 11508
f 11502 11506 11507
f 11502 11507 11503
f 11505 11509 11510
f 11505 11510 11506
f 11508 11511 11512
f 11508 11507 11511
f 11505 11512 11509
f 11505 11508 11512
f 11506 11510 11511
f 11506 11511 11507
f 11509 11513 11514
f 11509 11514 11510
f 11512 11515 11516
f 11512 11511 11515
f 11509 11516 11513
f 11509 11512 11516
f 11510 11514 11515
f 11510 11515 11511
f 11513 11517 11518
f 11513 11518 11514
f 11516 11519 11520
f 11516 11515 11519
f 11513 11520 11517
f 11513 11516 11520
f 11514 11518 11519
f 11514 11519 11515
f 11517 11521 11522
f 11517 11522 11518
f 11520 11523 11524
f 11520 11519 11523
f 11517 11524 11521
f 11517 11520 11524
f 11518 11522 11523
f 11518 11523 11519
f 11521 11525 11526
f 11521 11526 11522
f 11524 11527 11528
f 11524 11523 11527
f 11521 11528 11525
f 11521 11524 11528
f 11522 11526 11527
f 11522 11527 11523
f 11525 11529 11530
f 11525 11530 11526
f 11528 11531 11532
f 11528 11527 11531
f 11525 11532 11529
f 11525 11528 11532
f 11526 11530 11531
f 11526 11531 11527
f 11529 11533 11534
f 11529 11534 11530
f 11532 11535 11536
f 11532 11531 11535
f 11529 11536 11533
f 11529 11532 11536
f 11530 11534 11535
f 11530 11535 11531
f 11533 11537 11538
f 11533 11538 11534
f 11536 11539 11540
f 11536 11535 11539
f 11533 11540 11537
f 11533 11536 11540
f 11534 11538 11539
f 11534 11539 11535
f 11537 11541 11542
f 11537 11542 11538
f 11540 11543 11544
f 11540 11539 11543
f 11537 11544 11541
f 11537 11540 11544
f 11538 11542 11543
f 11538 11543 11539
f 11541 11545 11546
f 11541 11546 11542
f 11544 11547 11548
f 11544 11543 11547
f 11541 11548 11545
f 11541 11544 11548
f 11542 11546 11547
f 11542 11547 11543
f 11545 11549 11550
f 11545 11550 11546
f 11548 11551 11552
f 11548 11547 11551
f 11545 11552 11549
f 11545 11548 11552
f 11546 11550 11551
f 11546 11551 11547
f 11549 11553 11554
f 11549 11554 11550
f 11552 11555 11556
f 11552 11551 11555
f 11549 11556 11553
f 11549 11552 11556
f 11550 11554 11555
f 11550 11555 11551
f 11553 11557 11558
f 11553 11558 11554
f 11556 11559 11560
f 11556 11555 11559
f 11553 11560 11557
f 11553 11556 11560
f 11554 11558 11559
f 11554 11559 11555
f 11557 11561 11562
f 11557 11562 11558
f 11560 11563 11564
f 11560 11559 11563
f 11557 11564 11561
f 11557 11560 11564
f 11558 11562 11563
f 11558 11563 11559
f 11561 11565 11566
f 11561 11566 11562
f 11564 11567 11568
f 11564 11563 11567
f 11561 11568 11565
f 11561 11564 11568
f 11562 11566 11567
f 11562 11567 11563
f 11565 11425 11428
f 11565 11428 11566
f 11568 11432 11429
f 11568 11567 11432
f 11565 11429 11425
f 11565 11568 11429
f 11566 11428 11432
f 11566 11432 11567
f 11569 11570 11571
f 11569 11571 11572
f 11573 11574 11575
f 11573 11576 11574
f 11569 11575 11570
f 11569 11573 11575
f 11572 11571 11574
f 11572 11574 11576
f 11570 11577 11578
f 11570 11578 11571
f 11575 11579 11580
f 11575 11574 11579
f 11570 11580 11577
f 11570 11575 11580
f 11571 11578 11579
f 11571 11579 11574
f 11577 11581 11582
f 11577 11582 11578
f 11580 11583 11584
f 11580 11579 11583
f 11577 11584 11581
f 11577 11580 11584
f 11578 11582 11583
f 11578 11583 11579
f 11581 11585 11586
f 11581 11586 11582
f 11584 11587 11588
f 11584 11583 11587
f 11581 11588 11585
f 11581 11584 11588
f 11582 11586 11587
f 11582 11587 11583
f 11585 11589 11590
f 11585 11590 11586
f 11588 11591 11592
f 11588 11587 11591
f 11585 11592 11589
f 11585 11588 11592
f 11586 11590 11591
f 11586 11591 11587
f 11589 11593 11594
f 11589 11594 11590
f 11592 11595 11596
f 11592 11591 11595
f 11589 11596 11593
f 11589 11592 11596
f 11590 11594 11595
f 11590 11595 11591
f 11593 11597 11598
f 11593 11598 11594
f 11596 11599 11600
f 11596 11595 11599
f 11593 11600 11597
f 11593 11596 11600
f 11594 11598 11599
f 11594 11599 11595
f 11597 11601 11602
f 11597 11602 11598
f 11600 11603 11604
f 11600 11599 11603
f 11597 11604 11601
f 11597 11600 11604
f 11598 11602 11603
f 11598 11603 11599
f 11601 11605 11606
f 11601 11606 11602
f 11604 11607 11608
f 11604 11603 11607
f 11601 11608 11605
f 11601 11604 11608
f 11602 11606 11607
f 11602 11607 11603
f 11605 11609 11610
f 11605 11610 11606
f 11608 11611 11612
f 11608 11607 11611
f 11605 11612 11609
f 11605 11608 11612
f 11606 11610 11611
f 11606 11611 11607
f 11609 11613 11614
f 11609 11614 11610
f 11612 11615 11616
f 11612 11611 11615
f 11609 11616 11613
f 11609 11612 11616
f 11610 11614 11615
f 11610 11615 11611
f 11613 11617 11618
f 11613 11618 11614
f 11616 11619 11620
f 11616 11615 11619
f 11613 11620 11617
f 11613 11616 11620
f 11614 11618 11619
f 11614 11619 11615
f 11617 11621 11622
f 11617 11622 11618
f 11620 11623 11624
f 11620 11619 11623
f 11617 11624 11621
f 11617 11620 11624
f 11618 11622 11623
f 11618 11623 11619
f 11621 11625 11626
f 11621 11626 11622
f 11624 11627 11628
f 11624 11623 11627
f 11621 11628 11625
f 11621 11624 11628
f 11622 11626 11627
f 11622 11627 11623
f 11625 11629 11630
f 11625 11630 11626
f 11628 11631 11632
f 11628 11627 11631
f 11625 11632 11629
f 11625 11628 11632
f 11626 11630 11631
f 11626 11631 11627
f 11629 11633 11634
f 11629 11634 11630
f 11632 11635 11636
f 11632 11631 11635
f 11629 11636 11633
f 11629 11632 11636
f 11630 11634 11635
f 11630 11635 11631
f 11633 11637 11638
f 11633 11638 11634
f 11636 11639 11640
f 11636 11635 11639
f 11633 11640 11637
f 11633 11636 11640
f 11634 11638 11639
f 11634 11639 11635
f 11637 11641 11642
f 11637 11642 11638
f 11640 11643 11644
f 11640 11639 11643
f 11637 11644 11641
f 11637 11640 11644
f 11638 11642 11643
f 11638 11643 11639
f 11641 11645 11646
f 11641 11646 11642
f 11644 11647 11648
f 11644 11643 11647
f 11641 11648 11645
f 11641 11644 11648
f 11642 11646 11647
f 11642 11647 11643
f 11645 11649 11650
f 11645 11650 11646
f 11648 11651 11652
f 11648 11647 11651
f 11645 11652 11649
f 11645 11648 11652
f 11646 11650 11651
f 11646 11651 11647
f 11649 11653 11654
f 11649 11654 11650
f 11652 11655 11656
f 11652 11651 11655
f 11649 11656 11653
f 11649 11652 11656
f 11650 11654 11655
f 11650 11655 11651
f 11653 11657 11658
f 11653 11658 11654
f 11656 11659 11660
f 11656 11655 11659
f 11653 11660 11657
f 11653 11656 11660
f 11654 11658 11659
f 11654 11659 11655
f 11657 11661 11662
f 11657 11662 11658
f 11660 11663 11664
f 11660 11659 11663
f 11657 11664 11661
f 11657 11660 11664
f 11658 11662 11663
f 11658 11663 11659
f 11661 11665 11666
f 11661 11666 11662
f 11664 11667 11668
f 11664 11663 11667
f 11661 11668 11665
f 11661 11664 11668
f 11662 11666 11667
f 11662 11667 11663
f 11665 11669 11670
f 11665 11670 11666
f 11668 11671 11672
f 11668 11667 11671
f 11665 11672 11669
f 11665 11668 11672
f 11666 11670 11671
f 11666 11671 11667
f 11669 11673 11674
f 11669 11674 11670
f 11672 11675 11676
f 11672 11671 11675
f 11669 11676 11673
f 11669 11672 11676
f 11670 11674 11675
f 11670 11675 11671
f 11673 11677 11678
f 11673 11678 11674
f 11676 11679 11680
f 11676 11675 11679
f 11673 11680 11677
f 11673 11676 11680
f 11674 11678 11679
f 11674 11679 11675
f 11677 11681 11682
f 11677 11682 11678
f 11680 11683 11684
f 11680 11679 11683
f 11677 11684 11681
f 11677 11680 11684
f 11678 11682 11683
f 11678 11683 11679
f 11681 11685 11686
f 11681 11686 11682
f 11684 11687 11688
f 11684 11683 11687
f 11681 11688 11685
f 11681 11684 11688
f 11682 11686 11687
f 11682 11687 11683
f 11685 11689 11690
f 11685 11690 11686
f 11688 11691 11692
f 11688 11687 11691
f 11685 11692 11689
f 11685 11688 11692
f 11686 11690 11691
f 11686 11691 11687
f 11689 11693 11694
f 11689 11694 11690
f 11692 11695 11696
f 11692 11691 11695
f 11689 11696 11693
f 11689 11692 11696
f 11690 11694 11695
f 11690 11695 11691
f 11693 11697 11698
f 11693 11698 11694
f 11696 11699 11700
f 11696 11695 11699
f 11693 11700 11697
f 11693 11696 11700
f 11694 11698 11699
f 11694 11699 11695
f 11697 11701 11702
f 11697 11702 11698
f 11700 11703 11704
f 11700 11699 11703
f 11697 11704 11701
f 11697 11700 11704
f 11698 11702 11703
f 11698 11703 11699
f 11701 11705 11706
f 11701 11706 11702
f 11704 11707 11708
f 11704 11703 11707
f 11701 11708 11705
f 11701 11704 11708
f 11702 11706 11707
f 11702 11707 11703
f 11705 11709 11710
f 11705 11710 11706
f 11708 11711 11712
f 11708 11707 11711
f 11705 11712 11709
f 11705 11708 11712
f 11706 11710 11711
f 11706 11711 11707
f 11709 11569 11572
f 11709 11572 11710
f 11712 11576 11573
f 11712 11711 11576
f 11709 11573 11569
f 11709 11712 11573
f 11710 11572 11576
f 11710 11576 11711
